target,f1_macro,balanced_accuracy,f1_macro_baseline,balanced_accuracy_baseline,Normal/Mild,Moderate,Severe,ganho_f1_macro
left_neural_foraminal_narrowing_l1_l2,0.4009491392053423,0.4114219727313736,0.3261463311094704,0.3333333333333333,479,19,2,0.07480280809587192
left_neural_foraminal_narrowing_l2_l3,0.5274006162647951,0.535078544715572,0.30931524196945814,0.3333333333333333,433,57,10,0.21808537429533692
left_neural_foraminal_narrowing_l3_l4,0.47516046085091473,0.5035624266272386,0.2849077149279989,0.3333333333333333,374,111,15,0.19025274592291586
left_neural_foraminal_narrowing_l4_l5,0.5262169983961603,0.5264880806979978,0.24623732000300963,0.3333333333333333,293,167,40,0.2799796783931507
left_neural_foraminal_narrowing_l5_s1,0.5349330050691719,0.5492999255226658,0.2543617993570851,0.3333333333333333,309,130,61,0.28057120571208677
left_subarticular_stenosis_l1_l2,0.5924228570916864,0.6752597883181948,0.3183285845247855,0.3333333333333333,427,31,9,0.2740942725669009
left_subarticular_stenosis_l2_l3,0.6224700498653959,0.7098365196410542,0.29459008591403857,0.3333333333333333,386,73,27,0.3278799639513573
left_subarticular_stenosis_l3_l4,0.6201640974300595,0.6488003173050974,0.26137827050777435,0.3333333333333333,323,126,51,0.35878582692228517
left_subarticular_stenosis_l4_l5,0.6261501388698035,0.6276569939016312,0.1931310143725063,0.3333333333333333,204,153,142,0.43301912449729724
left_subarticular_stenosis_l5_s1,0.6115512814062422,0.6450293667174296,0.27150355171658025,0.3333333333333333,339,99,55,0.3400477296896619
right_neural_foraminal_narrowing_l1_l2,0.5641709312915621,0.5896043088242922,0.3225718279505893,0.3333333333333333,468,18,13,0.24159910334097284
right_neural_foraminal_narrowing_l2_l3,0.5453999551983144,0.5881602903912366,0.313062253192684,0.3333333333333333,442,51,6,0.23233770200563042
right_neural_foraminal_narrowing_l3_l4,0.5096352758101613,0.5143909358979838,0.28425470523930557,0.3333333333333333,371,116,12,0.22538057057085575
right_neural_foraminal_narrowing_l4_l5,0.5207224762003121,0.5364391154543741,0.25491793792584555,0.3333333333333333,309,153,37,0.26580453827446654
right_neural_foraminal_narrowing_l5_s1,0.5498987489805593,0.5588352315320735,0.26142439867925554,0.3333333333333333,322,111,66,0.2884743503013038
right_subarticular_stenosis_l1_l2,0.6100969400713392,0.704659968637619,0.3201287357359586,0.3333333333333333,432,25,10,0.28996820433538056
right_subarticular_stenosis_l2_l3,0.6109923167496143,0.6761781930784523,0.2981305336051847,0.3333333333333333,393,66,26,0.3128617831444296
right_subarticular_stenosis_l3_l4,0.6215571238068074,0.6428658776425304,0.2657097936975832,0.3333333333333333,332,123,45,0.3558473301092242
right_subarticular_stenosis_l4_l5,0.6045628530551787,0.6089913260324044,0.20000479750595718,0.3333333333333333,214,157,128,0.4045580555492215
right_subarticular_stenosis_l5_s1,0.5685730911125306,0.5784304225404387,0.2765812765367034,0.3333333333333333,352,93,51,0.29199181457582724
spinal_canal_stenosis_l1_l2,0.49822928310558146,0.5359966924747882,0.3236743357368175,0.3333333333333333,472,20,8,0.17455494736876398
spinal_canal_stenosis_l2_l3,0.5387700597484678,0.5685800957372071,0.3142332149722558,0.3333333333333333,446,35,19,0.224536844776212
spinal_canal_stenosis_l3_l4,0.700829869984998,0.738915822671783,0.30032633641172285,0.3333333333333333,410,53,37,0.4005035335732751
spinal_canal_stenosis_l4_l5,0.6687551299884769,0.7016076828504412,0.27898009512754673,0.3333333333333333,360,65,75,0.3897750348609301
spinal_canal_stenosis_l5_s1,0.5246641798646821,0.5661850199547522,0.3219223438421613,0.3333333333333333,467,14,19,0.20274183602252077
