fold,target,validation_samples,majority_class,accuracy,balanced_accuracy,f1_macro,f1_weighted,log_loss
0,spinal_canal_stenosis_l1_l2,100,Normal/Mild,0.91,0.3333333333333333,0.31762652705061084,0.8671204188481676,0.45693188458740097
0,spinal_canal_stenosis_l2_l3,100,Normal/Mild,0.91,0.3333333333333333,0.31762652705061084,0.8671204188481676,0.38996832015366933
0,spinal_canal_stenosis_l3_l4,100,Normal/Mild,0.79,0.3333333333333333,0.29422718808193665,0.69731843575419,0.6568085833856009
0,spinal_canal_stenosis_l4_l5,100,Normal/Mild,0.73,0.3333333333333333,0.2813102119460501,0.6160693641618498,0.7760629116222526
0,spinal_canal_stenosis_l5_s1,100,Normal/Mild,0.93,0.3333333333333333,0.32124352331606215,0.8962694300518135,0.30164778928442776
0,left_neural_foraminal_narrowing_l1_l2,100,Normal/Mild,0.93,0.3333333333333333,0.32124352331606215,0.8962694300518135,0.2785923280205293
0,left_neural_foraminal_narrowing_l2_l3,100,Normal/Mild,0.89,0.3333333333333333,0.31393298059964725,0.8382010582010581,0.3863064661012893
0,left_neural_foraminal_narrowing_l3_l4,100,Normal/Mild,0.68,0.3333333333333333,0.2698412698412698,0.5504761904761906,0.7297929442294006
0,left_neural_foraminal_narrowing_l4_l5,100,Normal/Mild,0.58,0.3333333333333333,0.24472573839662448,0.4258227848101266,0.8849273730849955
0,left_neural_foraminal_narrowing_l5_s1,100,Normal/Mild,0.66,0.3333333333333333,0.26506024096385544,0.5248192771084337,0.8469419722915105
0,right_neural_foraminal_narrowing_l1_l2,100,Normal/Mild,0.92,0.3333333333333333,0.3194444444444445,0.8816666666666667,0.3402881286931014
0,right_neural_foraminal_narrowing_l2_l3,100,Normal/Mild,0.89,0.3333333333333333,0.31393298059964725,0.8382010582010581,0.38035326042445744
0,right_neural_foraminal_narrowing_l3_l4,100,Normal/Mild,0.72,0.3333333333333333,0.27906976744186046,0.6027906976744186,0.6487312714929077
0,right_neural_foraminal_narrowing_l4_l5,100,Normal/Mild,0.63,0.3333333333333333,0.25766871165644173,0.4869938650306749,0.8533372288280962
0,right_neural_foraminal_narrowing_l5_s1,100,Normal/Mild,0.66,0.3333333333333333,0.26506024096385544,0.5248192771084337,0.9037078189138456
0,left_subarticular_stenosis_l1_l2,97,Normal/Mild,0.8865979381443299,0.3333333333333333,0.3132969034608379,0.8333051659061461,0.47240383243011425
0,left_subarticular_stenosis_l2_l3,98,Normal/Mild,0.7959183673469388,0.3333333333333333,0.29545454545454547,0.7054730983302412,0.6211110488383074
0,left_subarticular_stenosis_l3_l4,100,Normal/Mild,0.63,0.3333333333333333,0.25766871165644173,0.4869938650306749,0.8761955533614295
0,left_subarticular_stenosis_l4_l5,100,Normal/Mild,0.35,0.3333333333333333,0.1728395061728395,0.1814814814814815,1.108207586715277
0,left_subarticular_stenosis_l5_s1,98,Normal/Mild,0.673469387755102,0.3333333333333333,0.2682926829268293,0.5420607267297163,0.8427417871889825
0,right_subarticular_stenosis_l1_l2,97,Normal/Mild,0.8969072164948454,0.3333333333333333,0.31521739130434784,0.8481622590766472,0.4036195310592249
0,right_subarticular_stenosis_l2_l3,98,Normal/Mild,0.8367346938775511,0.3333333333333333,0.3037037037037037,0.7623582766439909,0.5330849346352693
0,right_subarticular_stenosis_l3_l4,100,Normal/Mild,0.66,0.3333333333333333,0.26506024096385544,0.5248192771084337,0.8592681828270216
0,right_subarticular_stenosis_l4_l5,100,Normal/Mild,0.44,0.3333333333333333,0.20370370370370372,0.26888888888888896,1.068106307401856
0,right_subarticular_stenosis_l5_s1,99,Normal/Mild,0.7171717171717171,0.3333333333333333,0.2784313725490196,0.5990493166963755,0.7655272154401103
1,spinal_canal_stenosis_l1_l2,100,Normal/Mild,0.97,0.3333333333333333,0.3282571912013536,0.9552284263959391,0.157349901594997
1,spinal_canal_stenosis_l2_l3,100,Normal/Mild,0.93,0.3333333333333333,0.32124352331606215,0.8962694300518135,0.3047077867818659
1,spinal_canal_stenosis_l3_l4,100,Normal/Mild,0.84,0.3333333333333333,0.3043478260869565,0.7669565217391303,0.551809862990953
1,spinal_canal_stenosis_l4_l5,100,Normal/Mild,0.75,0.3333333333333333,0.2857142857142857,0.6428571428571428,0.7374100187154159
1,spinal_canal_stenosis_l5_s1,100,Normal/Mild,0.94,0.3333333333333333,0.3230240549828179,0.9109278350515464,0.26716069160294703
1,left_neural_foraminal_narrowing_l1_l2,100,Normal/Mild,0.95,0.3333333333333333,0.3247863247863248,0.9256410256410257,0.23003211410555294
1,left_neural_foraminal_narrowing_l2_l3,100,Normal/Mild,0.86,0.3333333333333333,0.3082437275985663,0.795268817204301,0.462656906747648
1,left_neural_foraminal_narrowing_l3_l4,100,Normal/Mild,0.74,0.3333333333333333,0.2835249042145594,0.6294252873563217,0.6663308490387659
1,left_neural_foraminal_narrowing_l4_l5,100,Normal/Mild,0.55,0.3333333333333333,0.23655913978494625,0.3903225806451613,0.9485944316947623
1,left_neural_foraminal_narrowing_l5_s1,100,Normal/Mild,0.59,0.3333333333333333,0.24737945492662472,0.4378616352201257,0.9434051145078466
1,right_neural_foraminal_narrowing_l1_l2,100,Normal/Mild,0.96,0.3333333333333333,0.32653061224489793,0.9404081632653061,0.2034136368868798
1,right_neural_foraminal_narrowing_l2_l3,100,Normal/Mild,0.91,0.3333333333333333,0.31762652705061084,0.8671204188481676,0.3386555651560995
1,right_neural_foraminal_narrowing_l3_l4,100,Normal/Mild,0.75,0.3333333333333333,0.2857142857142857,0.6428571428571428,0.711026680400485
1,right_neural_foraminal_narrowing_l4_l5,100,Normal/Mild,0.59,0.3333333333333333,0.24737945492662472,0.4378616352201257,0.8967480948444126
1,right_neural_foraminal_narrowing_l5_s1,100,Normal/Mild,0.63,0.3333333333333333,0.25766871165644173,0.4869938650306749,0.9051981500877675
1,left_subarticular_stenosis_l1_l2,98,Normal/Mild,0.9489795918367347,0.3333333333333333,0.32460732984293195,0.9241371941446735,0.24039969146368745
1,left_subarticular_stenosis_l2_l3,99,Normal/Mild,0.8181818181818182,0.3333333333333333,0.3,0.7363636363636364,0.5597193815117056
1,left_subarticular_stenosis_l3_l4,100,Normal/Mild,0.69,0.3333333333333333,0.27218934911242604,0.5634319526627218,0.7885240242686576
1,left_subarticular_stenosis_l4_l5,100,Normal/Mild,0.45,0.3333333333333333,0.20689655172413793,0.2793103448275862,1.0748340673606338
1,left_subarticular_stenosis_l5_s1,98,Normal/Mild,0.6836734693877551,0.3333333333333333,0.27070707070707073,0.5552257266542981,0.8195977007070941
1,right_subarticular_stenosis_l1_l2,98,Normal/Mild,0.9693877551020408,0.3333333333333333,0.32815198618307423,0.9543195516548588,0.18246918085002842
1,right_subarticular_stenosis_l2_l3,99,Normal/Mild,0.8080808080808081,0.3333333333333333,0.29795158286778395,0.7223068675582641,0.5851797333249316
1,right_subarticular_stenosis_l3_l4,100,Normal/Mild,0.63,0.3333333333333333,0.25766871165644173,0.4869938650306749,0.8691941438496221
1,right_subarticular_stenosis_l4_l5,100,Normal/Mild,0.41,0.3333333333333333,0.19385342789598106,0.23843971631205674,1.0829260150422013
1,right_subarticular_stenosis_l5_s1,99,Normal/Mild,0.6868686868686869,0.3333333333333333,0.2714570858283433,0.5593661162523438,0.8337319905922712
2,spinal_canal_stenosis_l1_l2,100,Normal/Mild,0.92,0.3333333333333333,0.3194444444444445,0.8816666666666667,0.3323283654437084
2,spinal_canal_stenosis_l2_l3,100,Normal/Mild,0.85,0.3333333333333333,0.30630630630630634,0.7810810810810811,0.528010353142671
2,spinal_canal_stenosis_l3_l4,100,Normal/Mild,0.81,0.3333333333333333,0.2983425414364641,0.7249723756906077,0.6264970153349543
2,spinal_canal_stenosis_l4_l5,100,Normal/Mild,0.74,0.3333333333333333,0.2835249042145594,0.6294252873563217,0.7659006324140267
2,spinal_canal_stenosis_l5_s1,100,Normal/Mild,0.96,0.3333333333333333,0.32653061224489793,0.9404081632653061,0.20554816712795998
2,left_neural_foraminal_narrowing_l1_l2,100,Normal/Mild,0.97,0.3333333333333333,0.3282571912013536,0.9552284263959391,0.1677422898784796
2,left_neural_foraminal_narrowing_l2_l3,100,Normal/Mild,0.82,0.3333333333333333,0.30036630036630035,0.738901098901099,0.5365380908932406
2,left_neural_foraminal_narrowing_l3_l4,100,Normal/Mild,0.7,0.3333333333333333,0.2745098039215686,0.5764705882352941,0.7608290774105477
2,left_neural_foraminal_narrowing_l4_l5,100,Normal/Mild,0.58,0.3333333333333333,0.24472573839662448,0.4258227848101266,0.8849273730849956
2,left_neural_foraminal_narrowing_l5_s1,100,Normal/Mild,0.61,0.3333333333333333,0.2525879917184265,0.4622360248447205,0.9347514198870825
2,right_neural_foraminal_narrowing_l1_l2,99,Normal/Mild,0.898989898989899,0.3333333333333333,0.31560283687943264,0.8511712873415002,0.41435601740185385
2,right_neural_foraminal_narrowing_l2_l3,99,Normal/Mild,0.8383838383838383,0.3333333333333333,0.304029304029304,0.7646797646797646,0.5480280300678354
2,right_neural_foraminal_narrowing_l3_l4,99,Normal/Mild,0.7373737373737373,0.3333333333333333,0.28294573643410853,0.625910265445149,0.6709667027703247
2,right_neural_foraminal_narrowing_l4_l5,99,Normal/Mild,0.6262626262626263,0.3333333333333333,0.2567287784679089,0.4823389171215259,0.8159488517137501
2,right_neural_foraminal_narrowing_l5_s1,99,Normal/Mild,0.6363636363636364,0.3333333333333333,0.25925925925925924,0.494949494949495,0.8891436249508894
2,left_subarticular_stenosis_l1_l2,88,Normal/Mild,0.8977272727272727,0.3333333333333333,0.3153692614770459,0.8493467610234078,0.3677250916459683
2,left_subarticular_stenosis_l2_l3,94,Normal/Mild,0.6914893617021277,0.3333333333333333,0.2725366876310273,0.5653686605111736,0.8470564895033077
2,left_subarticular_stenosis_l3_l4,100,Normal/Mild,0.59,0.3333333333333333,0.24737945492662472,0.4378616352201257,0.9667824871263355
2,left_subarticular_stenosis_l4_l5,100,Normal/Mild,0.43,0.3333333333333333,0.20046620046620045,0.2586013986013986,1.0826117636811168
2,left_subarticular_stenosis_l5_s1,99,Normal/Mild,0.6464646464646465,0.3333333333333333,0.261758691206544,0.507653219309661,0.9122211855854221
2,right_subarticular_stenosis_l1_l2,88,Normal/Mild,0.875,0.3333333333333333,0.3111111111111111,0.8166666666666668,0.4755304438412594
2,right_subarticular_stenosis_l2_l3,93,Normal/Mild,0.7419354838709677,0.3333333333333333,0.2839506172839506,0.6320191158900836,0.7606527565679853
2,right_subarticular_stenosis_l3_l4,100,Normal/Mild,0.6,0.3333333333333333,0.25,0.45,0.9333168703062547
2,right_subarticular_stenosis_l4_l5,100,Normal/Mild,0.42,0.3333333333333333,0.19718309859154928,0.24845070422535212,1.0750906354630667
2,right_subarticular_stenosis_l5_s1,100,Normal/Mild,0.66,0.3333333333333333,0.26506024096385544,0.5248192771084337,0.8543435258162418
3,spinal_canal_stenosis_l1_l2,100,Normal/Mild,0.95,0.3333333333333333,0.3247863247863248,0.9256410256410257,0.22042910897726123
3,spinal_canal_stenosis_l2_l3,100,Normal/Mild,0.88,0.3333333333333333,0.3120567375886525,0.8238297872340425,0.4606608078284849
3,spinal_canal_stenosis_l3_l4,100,Normal/Mild,0.82,0.3333333333333333,0.30036630036630035,0.738901098901099,0.5956897102647101
3,spinal_canal_stenosis_l4_l5,100,Normal/Mild,0.68,0.3333333333333333,0.2698412698412698,0.5504761904761906,0.8530671447739258
3,spinal_canal_stenosis_l5_s1,100,Normal/Mild,0.94,0.3333333333333333,0.3230240549828179,0.9109278350515464,0.27006631279165083
3,left_neural_foraminal_narrowing_l1_l2,100,Normal/Mild,0.95,0.3333333333333333,0.3247863247863248,0.9256410256410257,0.20640125566887854
3,left_neural_foraminal_narrowing_l2_l3,100,Normal/Mild,0.86,0.3333333333333333,0.3082437275985663,0.795268817204301,0.5321652497502679
3,left_neural_foraminal_narrowing_l3_l4,100,Normal/Mild,0.8,0.3333333333333333,0.2962962962962963,0.7111111111111111,0.6200646196690153
3,left_neural_foraminal_narrowing_l4_l5,100,Normal/Mild,0.61,0.3333333333333333,0.2525879917184265,0.4622360248447205,0.8687728635893788
3,left_neural_foraminal_narrowing_l5_s1,100,Normal/Mild,0.56,0.3333333333333333,0.23931623931623933,0.40205128205128204,0.9650231484608217
3,right_neural_foraminal_narrowing_l1_l2,100,Normal/Mild,0.97,0.3333333333333333,0.3282571912013536,0.9552284263959391,0.1699445752179758
3,right_neural_foraminal_narrowing_l2_l3,100,Normal/Mild,0.89,0.3333333333333333,0.31393298059964725,0.8382010582010581,0.38035326042445744
3,right_neural_foraminal_narrowing_l3_l4,100,Normal/Mild,0.77,0.3333333333333333,0.2900188323917137,0.6699435028248587,0.5891011912116941
3,right_neural_foraminal_narrowing_l4_l5,100,Normal/Mild,0.62,0.3333333333333333,0.2551440329218107,0.4745679012345678,0.8199815779224561
3,right_neural_foraminal_narrowing_l5_s1,100,Normal/Mild,0.67,0.3333333333333333,0.26746506986027946,0.5376047904191616,0.8526767252766492
3,left_subarticular_stenosis_l1_l2,95,Normal/Mild,0.9157894736842105,0.3333333333333333,0.3186813186813187,0.875534991324465,0.33654286501622177
3,left_subarticular_stenosis_l2_l3,98,Normal/Mild,0.8061224489795918,0.3333333333333333,0.2975517890772128,0.7195895307275453,0.6149381355965754
3,left_subarticular_stenosis_l3_l4,100,Normal/Mild,0.7,0.3333333333333333,0.2745098039215686,0.5764705882352941,0.8604865387017397
3,left_subarticular_stenosis_l4_l5,100,Normal/Mild,0.38,0.3333333333333333,0.18357487922705315,0.20927536231884059,1.0972051710402442
3,left_subarticular_stenosis_l5_s1,100,Normal/Mild,0.73,0.3333333333333333,0.2813102119460501,0.6160693641618498,0.7494392349671692
3,right_subarticular_stenosis_l1_l2,95,Normal/Mild,0.9368421052631579,0.3333333333333333,0.322463768115942,0.9062929061784897,0.2690633727692009
3,right_subarticular_stenosis_l2_l3,98,Normal/Mild,0.826530612244898,0.3333333333333333,0.3016759776536313,0.7480332915289021,0.5784418676068307
3,right_subarticular_stenosis_l3_l4,100,Normal/Mild,0.73,0.3333333333333333,0.2813102119460501,0.6160693641618498,0.7439220725098437
3,right_subarticular_stenosis_l4_l5,100,Normal/Mild,0.46,0.3333333333333333,0.2100456621004566,0.2898630136986301,1.0686975816891855
3,right_subarticular_stenosis_l5_s1,100,Normal/Mild,0.76,0.3333333333333333,0.2878787878787879,0.6563636363636364,0.7429482572131962
4,spinal_canal_stenosis_l1_l2,100,Normal/Mild,0.97,0.3333333333333333,0.3282571912013536,0.9552284263959391,0.157349901594997
4,spinal_canal_stenosis_l2_l3,100,Normal/Mild,0.89,0.3333333333333333,0.31393298059964725,0.8382010582010581,0.4103867460210454
4,spinal_canal_stenosis_l3_l4,100,Normal/Mild,0.84,0.3333333333333333,0.3043478260869565,0.7669565217391303,0.5460402936087906
4,spinal_canal_stenosis_l4_l5,100,Normal/Mild,0.7,0.3333333333333333,0.2745098039215686,0.5764705882352941,0.8189428346598696
4,spinal_canal_stenosis_l5_s1,100,Normal/Mild,0.9,0.3333333333333333,0.3157894736842105,0.8526315789473684,0.4064435132373181
4,left_neural_foraminal_narrowing_l1_l2,100,Normal/Mild,0.99,0.3333333333333333,0.3316582914572864,0.9850251256281406,0.08179128933579323
4,left_neural_foraminal_narrowing_l2_l3,100,Normal/Mild,0.9,0.3333333333333333,0.3157894736842105,0.8526315789473684,0.3671268079035637
4,left_neural_foraminal_narrowing_l3_l4,100,Normal/Mild,0.82,0.3333333333333333,0.30036630036630035,0.738901098901099,0.5377757429659377
4,left_neural_foraminal_narrowing_l4_l5,100,Normal/Mild,0.61,0.3333333333333333,0.2525879917184265,0.4622360248447205,0.8284686437216662
4,left_neural_foraminal_narrowing_l5_s1,100,Normal/Mild,0.67,0.3333333333333333,0.26746506986027946,0.5376047904191616,0.8459430753843309
4,right_neural_foraminal_narrowing_l1_l2,100,Normal/Mild,0.94,0.3333333333333333,0.3230240549828179,0.9109278350515464,0.2698419084973156
4,right_neural_foraminal_narrowing_l2_l3,100,Normal/Mild,0.9,0.3333333333333333,0.3157894736842105,0.8526315789473684,0.34033615218114505
4,right_neural_foraminal_narrowing_l3_l4,100,Normal/Mild,0.74,0.3333333333333333,0.2835249042145594,0.6294252873563217,0.6443186738242151
4,right_neural_foraminal_narrowing_l4_l5,100,Normal/Mild,0.63,0.3333333333333333,0.25766871165644173,0.4869938650306749,0.8852227477751429
4,right_neural_foraminal_narrowing_l5_s1,100,Normal/Mild,0.63,0.3333333333333333,0.25766871165644173,0.4869938650306749,0.8893040332579452
4,left_subarticular_stenosis_l1_l2,89,Normal/Mild,0.9213483146067416,0.3333333333333333,0.31968810916179335,0.8836323017281029,0.3105870193559861
4,left_subarticular_stenosis_l2_l3,97,Normal/Mild,0.8556701030927835,0.3333333333333333,0.3074074074074074,0.7891179839633449,0.5419086668887217
4,left_subarticular_stenosis_l3_l4,100,Normal/Mild,0.62,0.3333333333333333,0.2551440329218107,0.4745679012345678,0.8592078148552917
4,left_subarticular_stenosis_l4_l5,99,Normal/Mild,0.43434343434343436,0.3333333333333333,0.20187793427230047,0.2630530658699673,1.0806135781718234
4,left_subarticular_stenosis_l5_s1,98,Normal/Mild,0.7040816326530612,0.3333333333333333,0.2754491017964072,0.5818159599169008,0.8198830104795178
4,right_subarticular_stenosis_l1_l2,89,Normal/Mild,0.9438202247191011,0.3333333333333333,0.3236994219653179,0.9165421835422485,0.26054567040059373
4,right_subarticular_stenosis_l2_l3,97,Normal/Mild,0.8350515463917526,0.3333333333333333,0.30337078651685395,0.7599907332329434,0.5650139090949897
4,right_subarticular_stenosis_l3_l4,100,Normal/Mild,0.7,0.3333333333333333,0.2745098039215686,0.5764705882352941,0.7798032205171058
4,right_subarticular_stenosis_l4_l5,99,Normal/Mild,0.41414141414141414,0.3333333333333333,0.19523809523809524,0.24256854256854257,1.1114104355028187
4,right_subarticular_stenosis_l5_s1,98,Normal/Mild,0.7244897959183674,0.3333333333333333,0.28007889546351084,0.6087429054462021,0.786079008584483
