target,accuracy_mean,accuracy_std,balanced_accuracy_mean,balanced_accuracy_std,f1_macro_mean,f1_macro_std,f1_weighted_mean,f1_weighted_std,log_loss_mean,log_loss_std
left_neural_foraminal_narrowing_l1_l2,0.958,0.02280350850198277,0.3333333333333333,0.0,0.3261463311094704,0.003955192658408,0.9375610066715889,0.033742208372166474,0.19291185540184672,0.07396334927758196
left_neural_foraminal_narrowing_l2_l3,0.866,0.031304951684997084,0.3333333333333333,0.0,0.30931524196945814,0.006033635476721932,0.8040542740916254,0.04451140908494557,0.45695870427920193,0.07918787964853183
left_neural_foraminal_narrowing_l3_l4,0.748,0.060991802727907635,0.3333333333333333,0.0,0.2849077149279989,0.013282452104693112,0.6412768552160033,0.0821468028431567,0.6629586466627334,0.08883618804371969
left_neural_foraminal_narrowing_l4_l5,0.586,0.025099800796022264,0.3333333333333333,0.0,0.24623732000300963,0.006687656404018318,0.4332880399909711,0.030139104253496363,0.8831381370351596,0.043260963414419436
left_neural_foraminal_narrowing_l5_s1,0.618,0.04658325879540847,0.3333333333333333,0.0,0.2543617993570851,0.011878770505828858,0.47291460192874474,0.05753970016455004,0.9072129461063184,0.05656157580664046
left_subarticular_stenosis_l1_l2,0.9140885181998579,0.023960421835637093,0.3333333333333333,0.0,0.3183285845247855,0.004343695967264915,0.8731912828253592,0.0348907483019086,0.3455316999823956,0.08506431933935756
left_subarticular_stenosis_l2_l3,0.793476419860652,0.06133036795099811,0.3333333333333333,0.0,0.29459008591403857,0.013128425766584816,0.7031825819791883,0.08329613896667129,0.6369467444677236,0.12234945326653666
left_subarticular_stenosis_l3_l4,0.646,0.047222875812470366,0.3333333333333333,0.0,0.26137827050777435,0.011596443131606475,0.5078651884766769,0.059664028331066335,0.8702392836626908,0.06373825429030613
left_subarticular_stenosis_l4_l5,0.40886868686868694,0.04208979522588489,0.3333333333333333,0.0,0.1931310143725063,0.014342843209045194,0.2383443306198548,0.04116270536285201,1.088694433393819,0.013671179963334926
left_subarticular_stenosis_l5_s1,0.687537827252113,0.03153012069117649,0.3333333333333333,0.0,0.27150355171658025,0.0073763865990106965,0.5605649993544852,0.0409356514646614,0.8287765837856371,0.05834336066315861
right_neural_foraminal_narrowing_l1_l2,0.9377979797979797,0.028972331283520135,0.3333333333333333,0.0,0.3225718279505893,0.005161085201172619,0.9078804757441917,0.042462516178344234,0.27956885333942527,0.09970722491125202
right_neural_foraminal_narrowing_l2_l3,0.8856767676767676,0.02770729349549735,0.3333333333333333,0.0,0.313062253192684,0.005276855846103753,0.8321667757754833,0.03958499440549874,0.39754525365079896,0.08656944028110732
right_neural_foraminal_narrowing_l3_l4,0.7434747474747475,0.018347533249157687,0.3333333333333333,0.0,0.28425470523930557,0.00401513156148547,0.6341853792315781,0.024650582651352657,0.6528289039399253,0.044346355287752985
right_neural_foraminal_narrowing_l4_l5,0.6192525252525252,0.016855465695248355,0.3333333333333333,0.0,0.25491793792584555,0.004338562566663014,0.4737512367275138,0.02069548924631439,0.8542477002167714,0.03676797181870574
right_neural_foraminal_narrowing_l5_s1,0.6452727272727273,0.018535202157199827,0.3333333333333333,0.0,0.26142439867925554,0.004544426701202906,0.506272258507688,0.023437349144387838,0.8880060704974193,0.021173414197787538
right_subarticular_stenosis_l1_l2,0.924391460315829,0.03792117482644544,0.3333333333333333,0.0,0.3201287357359586,0.006855902240074211,0.8883967134237821,0.05527719404992775,0.3182456397840615,0.11854391544382813
right_subarticular_stenosis_l2_l3,0.8096666288931955,0.039533185257968395,0.3333333333333333,0.0,0.2981305336051847,0.008249131761427496,0.7249416569708369,0.05432127924972987,0.6044746402460013,0.08957572504928168
right_subarticular_stenosis_l3_l4,0.6639999999999999,0.052249401910452506,0.3333333333333333,0.0,0.2657097936975832,0.012576682458385353,0.5308706189072504,0.06678328508397527,0.8371008980019695,0.0754058943937132
right_subarticular_stenosis_l4_l5,0.4288282828282828,0.020884384954923,0.3333333333333333,0.0,0.20000479750595718,0.006764311720665832,0.2576421731386941,0.02147733089261622,1.0812461950198258,0.017893563478350357
right_subarticular_stenosis_l5_s1,0.7097060399917543,0.038065776288201646,0.3333333333333333,0.0,0.2765812765367034,0.008693122957587656,0.5896682503733983,0.05005928997124273,0.7965259995292605,0.04655048555981778
spinal_canal_stenosis_l1_l2,0.944,0.027928480087537868,0.3333333333333333,0.0,0.3236743357368175,0.004942408783026014,0.9169769927895477,0.041030192868229204,0.2648778324396729,0.12897144469785113
spinal_canal_stenosis_l2_l3,0.892,0.03033150177620625,0.3333333333333333,0.0,0.3142332149722558,0.005663966485919733,0.8413003550832325,0.043673396476602275,0.41874680278554727,0.08306367442837154
spinal_canal_stenosis_l3_l4,0.82,0.021213203435596423,0.3333333333333333,0.0,0.30032633641172285,0.004286064873117365,0.7390209907648314,0.029568855387088862,0.5953690931170017,0.047630342985126
spinal_canal_stenosis_l4_l5,0.72,0.02915475947422648,0.3333333333333333,0.0,0.27898009512754673,0.006613162782722189,0.6030597146173597,0.0384715425817935,0.7902767084370981,0.04570420569349705
spinal_canal_stenosis_l5_s1,0.9339999999999999,0.021908902300206624,0.3333333333333333,0.0,0.3219223438421613,0.003928631002890565,0.9022329684735162,0.03203282902134296,0.2901732948088608,0.0737321344191815
