fold,target,true_label,predicted_label,count
0,spinal_canal_stenosis_l1_l2,Normal/Mild,Normal/Mild,91
0,spinal_canal_stenosis_l1_l2,Normal/Mild,Moderate,0
0,spinal_canal_stenosis_l1_l2,Normal/Mild,Severe,0
0,spinal_canal_stenosis_l1_l2,Moderate,Normal/Mild,3
0,spinal_canal_stenosis_l1_l2,Moderate,Moderate,0
0,spinal_canal_stenosis_l1_l2,Moderate,Severe,0
0,spinal_canal_stenosis_l1_l2,Severe,Normal/Mild,6
0,spinal_canal_stenosis_l1_l2,Severe,Moderate,0
0,spinal_canal_stenosis_l1_l2,Severe,Severe,0
0,spinal_canal_stenosis_l2_l3,Normal/Mild,Normal/Mild,91
0,spinal_canal_stenosis_l2_l3,Normal/Mild,Moderate,0
0,spinal_canal_stenosis_l2_l3,Normal/Mild,Severe,0
0,spinal_canal_stenosis_l2_l3,Moderate,Normal/Mild,3
0,spinal_canal_stenosis_l2_l3,Moderate,Moderate,0
0,spinal_canal_stenosis_l2_l3,Moderate,Severe,0
0,spinal_canal_stenosis_l2_l3,Severe,Normal/Mild,6
0,spinal_canal_stenosis_l2_l3,Severe,Moderate,0
0,spinal_canal_stenosis_l2_l3,Severe,Severe,0
0,spinal_canal_stenosis_l3_l4,Normal/Mild,Normal/Mild,79
0,spinal_canal_stenosis_l3_l4,Normal/Mild,Moderate,0
0,spinal_canal_stenosis_l3_l4,Normal/Mild,Severe,0
0,spinal_canal_stenosis_l3_l4,Moderate,Normal/Mild,14
0,spinal_canal_stenosis_l3_l4,Moderate,Moderate,0
0,spinal_canal_stenosis_l3_l4,Moderate,Severe,0
0,spinal_canal_stenosis_l3_l4,Severe,Normal/Mild,7
0,spinal_canal_stenosis_l3_l4,Severe,Moderate,0
0,spinal_canal_stenosis_l3_l4,Severe,Severe,0
0,spinal_canal_stenosis_l4_l5,Normal/Mild,Normal/Mild,73
0,spinal_canal_stenosis_l4_l5,Normal/Mild,Moderate,0
0,spinal_canal_stenosis_l4_l5,Normal/Mild,Severe,0
0,spinal_canal_stenosis_l4_l5,Moderate,Normal/Mild,15
0,spinal_canal_stenosis_l4_l5,Moderate,Moderate,0
0,spinal_canal_stenosis_l4_l5,Moderate,Severe,0
0,spinal_canal_stenosis_l4_l5,Severe,Normal/Mild,12
0,spinal_canal_stenosis_l4_l5,Severe,Moderate,0
0,spinal_canal_stenosis_l4_l5,Severe,Severe,0
0,spinal_canal_stenosis_l5_s1,Normal/Mild,Normal/Mild,93
0,spinal_canal_stenosis_l5_s1,Normal/Mild,Moderate,0
0,spinal_canal_stenosis_l5_s1,Normal/Mild,Severe,0
0,spinal_canal_stenosis_l5_s1,Moderate,Normal/Mild,3
0,spinal_canal_stenosis_l5_s1,Moderate,Moderate,0
0,spinal_canal_stenosis_l5_s1,Moderate,Severe,0
0,spinal_canal_stenosis_l5_s1,Severe,Normal/Mild,4
0,spinal_canal_stenosis_l5_s1,Severe,Moderate,0
0,spinal_canal_stenosis_l5_s1,Severe,Severe,0
0,left_neural_foraminal_narrowing_l1_l2,Normal/Mild,Normal/Mild,93
0,left_neural_foraminal_narrowing_l1_l2,Normal/Mild,Moderate,0
0,left_neural_foraminal_narrowing_l1_l2,Normal/Mild,Severe,0
0,left_neural_foraminal_narrowing_l1_l2,Moderate,Normal/Mild,7
0,left_neural_foraminal_narrowing_l1_l2,Moderate,Moderate,0
0,left_neural_foraminal_narrowing_l1_l2,Moderate,Severe,0
0,left_neural_foraminal_narrowing_l1_l2,Severe,Normal/Mild,0
0,left_neural_foraminal_narrowing_l1_l2,Severe,Moderate,0
0,left_neural_foraminal_narrowing_l1_l2,Severe,Severe,0
0,left_neural_foraminal_narrowing_l2_l3,Normal/Mild,Normal/Mild,89
0,left_neural_foraminal_narrowing_l2_l3,Normal/Mild,Moderate,0
0,left_neural_foraminal_narrowing_l2_l3,Normal/Mild,Severe,0
0,left_neural_foraminal_narrowing_l2_l3,Moderate,Normal/Mild,10
0,left_neural_foraminal_narrowing_l2_l3,Moderate,Moderate,0
0,left_neural_foraminal_narrowing_l2_l3,Moderate,Severe,0
0,left_neural_foraminal_narrowing_l2_l3,Severe,Normal/Mild,1
0,left_neural_foraminal_narrowing_l2_l3,Severe,Moderate,0
0,left_neural_foraminal_narrowing_l2_l3,Severe,Severe,0
0,left_neural_foraminal_narrowing_l3_l4,Normal/Mild,Normal/Mild,68
0,left_neural_foraminal_narrowing_l3_l4,Normal/Mild,Moderate,0
0,left_neural_foraminal_narrowing_l3_l4,Normal/Mild,Severe,0
0,left_neural_foraminal_narrowing_l3_l4,Moderate,Normal/Mild,30
0,left_neural_foraminal_narrowing_l3_l4,Moderate,Moderate,0
0,left_neural_foraminal_narrowing_l3_l4,Moderate,Severe,0
0,left_neural_foraminal_narrowing_l3_l4,Severe,Normal/Mild,2
0,left_neural_foraminal_narrowing_l3_l4,Severe,Moderate,0
0,left_neural_foraminal_narrowing_l3_l4,Severe,Severe,0
0,left_neural_foraminal_narrowing_l4_l5,Normal/Mild,Normal/Mild,58
0,left_neural_foraminal_narrowing_l4_l5,Normal/Mild,Moderate,0
0,left_neural_foraminal_narrowing_l4_l5,Normal/Mild,Severe,0
0,left_neural_foraminal_narrowing_l4_l5,Moderate,Normal/Mild,34
0,left_neural_foraminal_narrowing_l4_l5,Moderate,Moderate,0
0,left_neural_foraminal_narrowing_l4_l5,Moderate,Severe,0
0,left_neural_foraminal_narrowing_l4_l5,Severe,Normal/Mild,8
0,left_neural_foraminal_narrowing_l4_l5,Severe,Moderate,0
0,left_neural_foraminal_narrowing_l4_l5,Severe,Severe,0
0,left_neural_foraminal_narrowing_l5_s1,Normal/Mild,Normal/Mild,66
0,left_neural_foraminal_narrowing_l5_s1,Normal/Mild,Moderate,0
0,left_neural_foraminal_narrowing_l5_s1,Normal/Mild,Severe,0
0,left_neural_foraminal_narrowing_l5_s1,Moderate,Normal/Mild,25
0,left_neural_foraminal_narrowing_l5_s1,Moderate,Moderate,0
0,left_neural_foraminal_narrowing_l5_s1,Moderate,Severe,0
0,left_neural_foraminal_narrowing_l5_s1,Severe,Normal/Mild,9
0,left_neural_foraminal_narrowing_l5_s1,Severe,Moderate,0
0,left_neural_foraminal_narrowing_l5_s1,Severe,Severe,0
0,right_neural_foraminal_narrowing_l1_l2,Normal/Mild,Normal/Mild,92
0,right_neural_foraminal_narrowing_l1_l2,Normal/Mild,Moderate,0
0,right_neural_foraminal_narrowing_l1_l2,Normal/Mild,Severe,0
0,right_neural_foraminal_narrowing_l1_l2,Moderate,Normal/Mild,4
0,right_neural_foraminal_narrowing_l1_l2,Moderate,Moderate,0
0,right_neural_foraminal_narrowing_l1_l2,Moderate,Severe,0
0,right_neural_foraminal_narrowing_l1_l2,Severe,Normal/Mild,4
0,right_neural_foraminal_narrowing_l1_l2,Severe,Moderate,0
0,right_neural_foraminal_narrowing_l1_l2,Severe,Severe,0
0,right_neural_foraminal_narrowing_l2_l3,Normal/Mild,Normal/Mild,89
0,right_neural_foraminal_narrowing_l2_l3,Normal/Mild,Moderate,0
0,right_neural_foraminal_narrowing_l2_l3,Normal/Mild,Severe,0
0,right_neural_foraminal_narrowing_l2_l3,Moderate,Normal/Mild,10
0,right_neural_foraminal_narrowing_l2_l3,Moderate,Moderate,0
0,right_neural_foraminal_narrowing_l2_l3,Moderate,Severe,0
0,right_neural_foraminal_narrowing_l2_l3,Severe,Normal/Mild,1
0,right_neural_foraminal_narrowing_l2_l3,Severe,Moderate,0
0,right_neural_foraminal_narrowing_l2_l3,Severe,Severe,0
0,right_neural_foraminal_narrowing_l3_l4,Normal/Mild,Normal/Mild,72
0,right_neural_foraminal_narrowing_l3_l4,Normal/Mild,Moderate,0
0,right_neural_foraminal_narrowing_l3_l4,Normal/Mild,Severe,0
0,right_neural_foraminal_narrowing_l3_l4,Moderate,Normal/Mild,27
0,right_neural_foraminal_narrowing_l3_l4,Moderate,Moderate,0
0,right_neural_foraminal_narrowing_l3_l4,Moderate,Severe,0
0,right_neural_foraminal_narrowing_l3_l4,Severe,Normal/Mild,1
0,right_neural_foraminal_narrowing_l3_l4,Severe,Moderate,0
0,right_neural_foraminal_narrowing_l3_l4,Severe,Severe,0
0,right_neural_foraminal_narrowing_l4_l5,Normal/Mild,Normal/Mild,63
0,right_neural_foraminal_narrowing_l4_l5,Normal/Mild,Moderate,0
0,right_neural_foraminal_narrowing_l4_l5,Normal/Mild,Severe,0
0,right_neural_foraminal_narrowing_l4_l5,Moderate,Normal/Mild,29
0,right_neural_foraminal_narrowing_l4_l5,Moderate,Moderate,0
0,right_neural_foraminal_narrowing_l4_l5,Moderate,Severe,0
0,right_neural_foraminal_narrowing_l4_l5,Severe,Normal/Mild,8
0,right_neural_foraminal_narrowing_l4_l5,Severe,Moderate,0
0,right_neural_foraminal_narrowing_l4_l5,Severe,Severe,0
0,right_neural_foraminal_narrowing_l5_s1,Normal/Mild,Normal/Mild,66
0,right_neural_foraminal_narrowing_l5_s1,Normal/Mild,Moderate,0
0,right_neural_foraminal_narrowing_l5_s1,Normal/Mild,Severe,0
0,right_neural_foraminal_narrowing_l5_s1,Moderate,Normal/Mild,16
0,right_neural_foraminal_narrowing_l5_s1,Moderate,Moderate,0
0,right_neural_foraminal_narrowing_l5_s1,Moderate,Severe,0
0,right_neural_foraminal_narrowing_l5_s1,Severe,Normal/Mild,18
0,right_neural_foraminal_narrowing_l5_s1,Severe,Moderate,0
0,right_neural_foraminal_narrowing_l5_s1,Severe,Severe,0
0,left_subarticular_stenosis_l1_l2,Normal/Mild,Normal/Mild,86
0,left_subarticular_stenosis_l1_l2,Normal/Mild,Moderate,0
0,left_subarticular_stenosis_l1_l2,Normal/Mild,Severe,0
0,left_subarticular_stenosis_l1_l2,Moderate,Normal/Mild,6
0,left_subarticular_stenosis_l1_l2,Moderate,Moderate,0
0,left_subarticular_stenosis_l1_l2,Moderate,Severe,0
0,left_subarticular_stenosis_l1_l2,Severe,Normal/Mild,5
0,left_subarticular_stenosis_l1_l2,Severe,Moderate,0
0,left_subarticular_stenosis_l1_l2,Severe,Severe,0
0,left_subarticular_stenosis_l2_l3,Normal/Mild,Normal/Mild,78
0,left_subarticular_stenosis_l2_l3,Normal/Mild,Moderate,0
0,left_subarticular_stenosis_l2_l3,Normal/Mild,Severe,0
0,left_subarticular_stenosis_l2_l3,Moderate,Normal/Mild,15
0,left_subarticular_stenosis_l2_l3,Moderate,Moderate,0
0,left_subarticular_stenosis_l2_l3,Moderate,Severe,0
0,left_subarticular_stenosis_l2_l3,Severe,Normal/Mild,5
0,left_subarticular_stenosis_l2_l3,Severe,Moderate,0
0,left_subarticular_stenosis_l2_l3,Severe,Severe,0
0,left_subarticular_stenosis_l3_l4,Normal/Mild,Normal/Mild,63
0,left_subarticular_stenosis_l3_l4,Normal/Mild,Moderate,0
0,left_subarticular_stenosis_l3_l4,Normal/Mild,Severe,0
0,left_subarticular_stenosis_l3_l4,Moderate,Normal/Mild,27
0,left_subarticular_stenosis_l3_l4,Moderate,Moderate,0
0,left_subarticular_stenosis_l3_l4,Moderate,Severe,0
0,left_subarticular_stenosis_l3_l4,Severe,Normal/Mild,10
0,left_subarticular_stenosis_l3_l4,Severe,Moderate,0
0,left_subarticular_stenosis_l3_l4,Severe,Severe,0
0,left_subarticular_stenosis_l4_l5,Normal/Mild,Normal/Mild,35
0,left_subarticular_stenosis_l4_l5,Normal/Mild,Moderate,0
0,left_subarticular_stenosis_l4_l5,Normal/Mild,Severe,0
0,left_subarticular_stenosis_l4_l5,Moderate,Normal/Mild,35
0,left_subarticular_stenosis_l4_l5,Moderate,Moderate,0
0,left_subarticular_stenosis_l4_l5,Moderate,Severe,0
0,left_subarticular_stenosis_l4_l5,Severe,Normal/Mild,30
0,left_subarticular_stenosis_l4_l5,Severe,Moderate,0
0,left_subarticular_stenosis_l4_l5,Severe,Severe,0
0,left_subarticular_stenosis_l5_s1,Normal/Mild,Normal/Mild,66
0,left_subarticular_stenosis_l5_s1,Normal/Mild,Moderate,0
0,left_subarticular_stenosis_l5_s1,Normal/Mild,Severe,0
0,left_subarticular_stenosis_l5_s1,Moderate,Normal/Mild,21
0,left_subarticular_stenosis_l5_s1,Moderate,Moderate,0
0,left_subarticular_stenosis_l5_s1,Moderate,Severe,0
0,left_subarticular_stenosis_l5_s1,Severe,Normal/Mild,11
0,left_subarticular_stenosis_l5_s1,Severe,Moderate,0
0,left_subarticular_stenosis_l5_s1,Severe,Severe,0
0,right_subarticular_stenosis_l1_l2,Normal/Mild,Normal/Mild,87
0,right_subarticular_stenosis_l1_l2,Normal/Mild,Moderate,0
0,right_subarticular_stenosis_l1_l2,Normal/Mild,Severe,0
0,right_subarticular_stenosis_l1_l2,Moderate,Normal/Mild,7
0,right_subarticular_stenosis_l1_l2,Moderate,Moderate,0
0,right_subarticular_stenosis_l1_l2,Moderate,Severe,0
0,right_subarticular_stenosis_l1_l2,Severe,Normal/Mild,3
0,right_subarticular_stenosis_l1_l2,Severe,Moderate,0
0,right_subarticular_stenosis_l1_l2,Severe,Severe,0
0,right_subarticular_stenosis_l2_l3,Normal/Mild,Normal/Mild,82
0,right_subarticular_stenosis_l2_l3,Normal/Mild,Moderate,0
0,right_subarticular_stenosis_l2_l3,Normal/Mild,Severe,0
0,right_subarticular_stenosis_l2_l3,Moderate,Normal/Mild,13
0,right_subarticular_stenosis_l2_l3,Moderate,Moderate,0
0,right_subarticular_stenosis_l2_l3,Moderate,Severe,0
0,right_subarticular_stenosis_l2_l3,Severe,Normal/Mild,3
0,right_subarticular_stenosis_l2_l3,Severe,Moderate,0
0,right_subarticular_stenosis_l2_l3,Severe,Severe,0
0,right_subarticular_stenosis_l3_l4,Normal/Mild,Normal/Mild,66
0,right_subarticular_stenosis_l3_l4,Normal/Mild,Moderate,0
0,right_subarticular_stenosis_l3_l4,Normal/Mild,Severe,0
0,right_subarticular_stenosis_l3_l4,Moderate,Normal/Mild,23
0,right_subarticular_stenosis_l3_l4,Moderate,Moderate,0
0,right_subarticular_stenosis_l3_l4,Moderate,Severe,0
0,right_subarticular_stenosis_l3_l4,Severe,Normal/Mild,11
0,right_subarticular_stenosis_l3_l4,Severe,Moderate,0
0,right_subarticular_stenosis_l3_l4,Severe,Severe,0
0,right_subarticular_stenosis_l4_l5,Normal/Mild,Normal/Mild,44
0,right_subarticular_stenosis_l4_l5,Normal/Mild,Moderate,0
0,right_subarticular_stenosis_l4_l5,Normal/Mild,Severe,0
0,right_subarticular_stenosis_l4_l5,Moderate,Normal/Mild,33
0,right_subarticular_stenosis_l4_l5,Moderate,Moderate,0
0,right_subarticular_stenosis_l4_l5,Moderate,Severe,0
0,right_subarticular_stenosis_l4_l5,Severe,Normal/Mild,23
0,right_subarticular_stenosis_l4_l5,Severe,Moderate,0
0,right_subarticular_stenosis_l4_l5,Severe,Severe,0
0,right_subarticular_stenosis_l5_s1,Normal/Mild,Normal/Mild,71
0,right_subarticular_stenosis_l5_s1,Normal/Mild,Moderate,0
0,right_subarticular_stenosis_l5_s1,Normal/Mild,Severe,0
0,right_subarticular_stenosis_l5_s1,Moderate,Normal/Mild,21
0,right_subarticular_stenosis_l5_s1,Moderate,Moderate,0
0,right_subarticular_stenosis_l5_s1,Moderate,Severe,0
0,right_subarticular_stenosis_l5_s1,Severe,Normal/Mild,7
0,right_subarticular_stenosis_l5_s1,Severe,Moderate,0
0,right_subarticular_stenosis_l5_s1,Severe,Severe,0
1,spinal_canal_stenosis_l1_l2,Normal/Mild,Normal/Mild,97
1,spinal_canal_stenosis_l1_l2,Normal/Mild,Moderate,0
1,spinal_canal_stenosis_l1_l2,Normal/Mild,Severe,0
1,spinal_canal_stenosis_l1_l2,Moderate,Normal/Mild,3
1,spinal_canal_stenosis_l1_l2,Moderate,Moderate,0
1,spinal_canal_stenosis_l1_l2,Moderate,Severe,0
1,spinal_canal_stenosis_l1_l2,Severe,Normal/Mild,0
1,spinal_canal_stenosis_l1_l2,Severe,Moderate,0
1,spinal_canal_stenosis_l1_l2,Severe,Severe,0
1,spinal_canal_stenosis_l2_l3,Normal/Mild,Normal/Mild,93
1,spinal_canal_stenosis_l2_l3,Normal/Mild,Moderate,0
1,spinal_canal_stenosis_l2_l3,Normal/Mild,Severe,0
1,spinal_canal_stenosis_l2_l3,Moderate,Normal/Mild,6
1,spinal_canal_stenosis_l2_l3,Moderate,Moderate,0
1,spinal_canal_stenosis_l2_l3,Moderate,Severe,0
1,spinal_canal_stenosis_l2_l3,Severe,Normal/Mild,1
1,spinal_canal_stenosis_l2_l3,Severe,Moderate,0
1,spinal_canal_stenosis_l2_l3,Severe,Severe,0
1,spinal_canal_stenosis_l3_l4,Normal/Mild,Normal/Mild,84
1,spinal_canal_stenosis_l3_l4,Normal/Mild,Moderate,0
1,spinal_canal_stenosis_l3_l4,Normal/Mild,Severe,0
1,spinal_canal_stenosis_l3_l4,Moderate,Normal/Mild,9
1,spinal_canal_stenosis_l3_l4,Moderate,Moderate,0
1,spinal_canal_stenosis_l3_l4,Moderate,Severe,0
1,spinal_canal_stenosis_l3_l4,Severe,Normal/Mild,7
1,spinal_canal_stenosis_l3_l4,Severe,Moderate,0
1,spinal_canal_stenosis_l3_l4,Severe,Severe,0
1,spinal_canal_stenosis_l4_l5,Normal/Mild,Normal/Mild,75
1,spinal_canal_stenosis_l4_l5,Normal/Mild,Moderate,0
1,spinal_canal_stenosis_l4_l5,Normal/Mild,Severe,0
1,spinal_canal_stenosis_l4_l5,Moderate,Normal/Mild,9
1,spinal_canal_stenosis_l4_l5,Moderate,Moderate,0
1,spinal_canal_stenosis_l4_l5,Moderate,Severe,0
1,spinal_canal_stenosis_l4_l5,Severe,Normal/Mild,16
1,spinal_canal_stenosis_l4_l5,Severe,Moderate,0
1,spinal_canal_stenosis_l4_l5,Severe,Severe,0
1,spinal_canal_stenosis_l5_s1,Normal/Mild,Normal/Mild,94
1,spinal_canal_stenosis_l5_s1,Normal/Mild,Moderate,0
1,spinal_canal_stenosis_l5_s1,Normal/Mild,Severe,0
1,spinal_canal_stenosis_l5_s1,Moderate,Normal/Mild,2
1,spinal_canal_stenosis_l5_s1,Moderate,Moderate,0
1,spinal_canal_stenosis_l5_s1,Moderate,Severe,0
1,spinal_canal_stenosis_l5_s1,Severe,Normal/Mild,4
1,spinal_canal_stenosis_l5_s1,Severe,Moderate,0
1,spinal_canal_stenosis_l5_s1,Severe,Severe,0
1,left_neural_foraminal_narrowing_l1_l2,Normal/Mild,Normal/Mild,95
1,left_neural_foraminal_narrowing_l1_l2,Normal/Mild,Moderate,0
1,left_neural_foraminal_narrowing_l1_l2,Normal/Mild,Severe,0
1,left_neural_foraminal_narrowing_l1_l2,Moderate,Normal/Mild,4
1,left_neural_foraminal_narrowing_l1_l2,Moderate,Moderate,0
1,left_neural_foraminal_narrowing_l1_l2,Moderate,Severe,0
1,left_neural_foraminal_narrowing_l1_l2,Severe,Normal/Mild,1
1,left_neural_foraminal_narrowing_l1_l2,Severe,Moderate,0
1,left_neural_foraminal_narrowing_l1_l2,Severe,Severe,0
1,left_neural_foraminal_narrowing_l2_l3,Normal/Mild,Normal/Mild,86
1,left_neural_foraminal_narrowing_l2_l3,Normal/Mild,Moderate,0
1,left_neural_foraminal_narrowing_l2_l3,Normal/Mild,Severe,0
1,left_neural_foraminal_narrowing_l2_l3,Moderate,Normal/Mild,12
1,left_neural_foraminal_narrowing_l2_l3,Moderate,Moderate,0
1,left_neural_foraminal_narrowing_l2_l3,Moderate,Severe,0
1,left_neural_foraminal_narrowing_l2_l3,Severe,Normal/Mild,2
1,left_neural_foraminal_narrowing_l2_l3,Severe,Moderate,0
1,left_neural_foraminal_narrowing_l2_l3,Severe,Severe,0
1,left_neural_foraminal_narrowing_l3_l4,Normal/Mild,Normal/Mild,74
1,left_neural_foraminal_narrowing_l3_l4,Normal/Mild,Moderate,0
1,left_neural_foraminal_narrowing_l3_l4,Normal/Mild,Severe,0
1,left_neural_foraminal_narrowing_l3_l4,Moderate,Normal/Mild,23
1,left_neural_foraminal_narrowing_l3_l4,Moderate,Moderate,0
1,left_neural_foraminal_narrowing_l3_l4,Moderate,Severe,0
1,left_neural_foraminal_narrowing_l3_l4,Severe,Normal/Mild,3
1,left_neural_foraminal_narrowing_l3_l4,Severe,Moderate,0
1,left_neural_foraminal_narrowing_l3_l4,Severe,Severe,0
1,left_neural_foraminal_narrowing_l4_l5,Normal/Mild,Normal/Mild,55
1,left_neural_foraminal_narrowing_l4_l5,Normal/Mild,Moderate,0
1,left_neural_foraminal_narrowing_l4_l5,Normal/Mild,Severe,0
1,left_neural_foraminal_narrowing_l4_l5,Moderate,Normal/Mild,34
1,left_neural_foraminal_narrowing_l4_l5,Moderate,Moderate,0
1,left_neural_foraminal_narrowing_l4_l5,Moderate,Severe,0
1,left_neural_foraminal_narrowing_l4_l5,Severe,Normal/Mild,11
1,left_neural_foraminal_narrowing_l4_l5,Severe,Moderate,0
1,left_neural_foraminal_narrowing_l4_l5,Severe,Severe,0
1,left_neural_foraminal_narrowing_l5_s1,Normal/Mild,Normal/Mild,59
1,left_neural_foraminal_narrowing_l5_s1,Normal/Mild,Moderate,0
1,left_neural_foraminal_narrowing_l5_s1,Normal/Mild,Severe,0
1,left_neural_foraminal_narrowing_l5_s1,Moderate,Normal/Mild,27
1,left_neural_foraminal_narrowing_l5_s1,Moderate,Moderate,0
1,left_neural_foraminal_narrowing_l5_s1,Moderate,Severe,0
1,left_neural_foraminal_narrowing_l5_s1,Severe,Normal/Mild,14
1,left_neural_foraminal_narrowing_l5_s1,Severe,Moderate,0
1,left_neural_foraminal_narrowing_l5_s1,Severe,Severe,0
1,right_neural_foraminal_narrowing_l1_l2,Normal/Mild,Normal/Mild,96
1,right_neural_foraminal_narrowing_l1_l2,Normal/Mild,Moderate,0
1,right_neural_foraminal_narrowing_l1_l2,Normal/Mild,Severe,0
1,right_neural_foraminal_narrowing_l1_l2,Moderate,Normal/Mild,2
1,right_neural_foraminal_narrowing_l1_l2,Moderate,Moderate,0
1,right_neural_foraminal_narrowing_l1_l2,Moderate,Severe,0
1,right_neural_foraminal_narrowing_l1_l2,Severe,Normal/Mild,2
1,right_neural_foraminal_narrowing_l1_l2,Severe,Moderate,0
1,right_neural_foraminal_narrowing_l1_l2,Severe,Severe,0
1,right_neural_foraminal_narrowing_l2_l3,Normal/Mild,Normal/Mild,91
1,right_neural_foraminal_narrowing_l2_l3,Normal/Mild,Moderate,0
1,right_neural_foraminal_narrowing_l2_l3,Normal/Mild,Severe,0
1,right_neural_foraminal_narrowing_l2_l3,Moderate,Normal/Mild,8
1,right_neural_foraminal_narrowing_l2_l3,Moderate,Moderate,0
1,right_neural_foraminal_narrowing_l2_l3,Moderate,Severe,0
1,right_neural_foraminal_narrowing_l2_l3,Severe,Normal/Mild,1
1,right_neural_foraminal_narrowing_l2_l3,Severe,Moderate,0
1,right_neural_foraminal_narrowing_l2_l3,Severe,Severe,0
1,right_neural_foraminal_narrowing_l3_l4,Normal/Mild,Normal/Mild,75
1,right_neural_foraminal_narrowing_l3_l4,Normal/Mild,Moderate,0
1,right_neural_foraminal_narrowing_l3_l4,Normal/Mild,Severe,0
1,right_neural_foraminal_narrowing_l3_l4,Moderate,Normal/Mild,20
1,right_neural_foraminal_narrowing_l3_l4,Moderate,Moderate,0
1,right_neural_foraminal_narrowing_l3_l4,Moderate,Severe,0
1,right_neural_foraminal_narrowing_l3_l4,Severe,Normal/Mild,5
1,right_neural_foraminal_narrowing_l3_l4,Severe,Moderate,0
1,right_neural_foraminal_narrowing_l3_l4,Severe,Severe,0
1,right_neural_foraminal_narrowing_l4_l5,Normal/Mild,Normal/Mild,59
1,right_neural_foraminal_narrowing_l4_l5,Normal/Mild,Moderate,0
1,right_neural_foraminal_narrowing_l4_l5,Normal/Mild,Severe,0
1,right_neural_foraminal_narrowing_l4_l5,Moderate,Normal/Mild,32
1,right_neural_foraminal_narrowing_l4_l5,Moderate,Moderate,0
1,right_neural_foraminal_narrowing_l4_l5,Moderate,Severe,0
1,right_neural_foraminal_narrowing_l4_l5,Severe,Normal/Mild,9
1,right_neural_foraminal_narrowing_l4_l5,Severe,Moderate,0
1,right_neural_foraminal_narrowing_l4_l5,Severe,Severe,0
1,right_neural_foraminal_narrowing_l5_s1,Normal/Mild,Normal/Mild,63
1,right_neural_foraminal_narrowing_l5_s1,Normal/Mild,Moderate,0
1,right_neural_foraminal_narrowing_l5_s1,Normal/Mild,Severe,0
1,right_neural_foraminal_narrowing_l5_s1,Moderate,Normal/Mild,23
1,right_neural_foraminal_narrowing_l5_s1,Moderate,Moderate,0
1,right_neural_foraminal_narrowing_l5_s1,Moderate,Severe,0
1,right_neural_foraminal_narrowing_l5_s1,Severe,Normal/Mild,14
1,right_neural_foraminal_narrowing_l5_s1,Severe,Moderate,0
1,right_neural_foraminal_narrowing_l5_s1,Severe,Severe,0
1,left_subarticular_stenosis_l1_l2,Normal/Mild,Normal/Mild,93
1,left_subarticular_stenosis_l1_l2,Normal/Mild,Moderate,0
1,left_subarticular_stenosis_l1_l2,Normal/Mild,Severe,0
1,left_subarticular_stenosis_l1_l2,Moderate,Normal/Mild,4
1,left_subarticular_stenosis_l1_l2,Moderate,Moderate,0
1,left_subarticular_stenosis_l1_l2,Moderate,Severe,0
1,left_subarticular_stenosis_l1_l2,Severe,Normal/Mild,1
1,left_subarticular_stenosis_l1_l2,Severe,Moderate,0
1,left_subarticular_stenosis_l1_l2,Severe,Severe,0
1,left_subarticular_stenosis_l2_l3,Normal/Mild,Normal/Mild,81
1,left_subarticular_stenosis_l2_l3,Normal/Mild,Moderate,0
1,left_subarticular_stenosis_l2_l3,Normal/Mild,Severe,0
1,left_subarticular_stenosis_l2_l3,Moderate,Normal/Mild,16
1,left_subarticular_stenosis_l2_l3,Moderate,Moderate,0
1,left_subarticular_stenosis_l2_l3,Moderate,Severe,0
1,left_subarticular_stenosis_l2_l3,Severe,Normal/Mild,2
1,left_subarticular_stenosis_l2_l3,Severe,Moderate,0
1,left_subarticular_stenosis_l2_l3,Severe,Severe,0
1,left_subarticular_stenosis_l3_l4,Normal/Mild,Normal/Mild,69
1,left_subarticular_stenosis_l3_l4,Normal/Mild,Moderate,0
1,left_subarticular_stenosis_l3_l4,Normal/Mild,Severe,0
1,left_subarticular_stenosis_l3_l4,Moderate,Normal/Mild,25
1,left_subarticular_stenosis_l3_l4,Moderate,Moderate,0
1,left_subarticular_stenosis_l3_l4,Moderate,Severe,0
1,left_subarticular_stenosis_l3_l4,Severe,Normal/Mild,6
1,left_subarticular_stenosis_l3_l4,Severe,Moderate,0
1,left_subarticular_stenosis_l3_l4,Severe,Severe,0
1,left_subarticular_stenosis_l4_l5,Normal/Mild,Normal/Mild,45
1,left_subarticular_stenosis_l4_l5,Normal/Mild,Moderate,0
1,left_subarticular_stenosis_l4_l5,Normal/Mild,Severe,0
1,left_subarticular_stenosis_l4_l5,Moderate,Normal/Mild,33
1,left_subarticular_stenosis_l4_l5,Moderate,Moderate,0
1,left_subarticular_stenosis_l4_l5,Moderate,Severe,0
1,left_subarticular_stenosis_l4_l5,Severe,Normal/Mild,22
1,left_subarticular_stenosis_l4_l5,Severe,Moderate,0
1,left_subarticular_stenosis_l4_l5,Severe,Severe,0
1,left_subarticular_stenosis_l5_s1,Normal/Mild,Normal/Mild,67
1,left_subarticular_stenosis_l5_s1,Normal/Mild,Moderate,0
1,left_subarticular_stenosis_l5_s1,Normal/Mild,Severe,0
1,left_subarticular_stenosis_l5_s1,Moderate,Normal/Mild,22
1,left_subarticular_stenosis_l5_s1,Moderate,Moderate,0
1,left_subarticular_stenosis_l5_s1,Moderate,Severe,0
1,left_subarticular_stenosis_l5_s1,Severe,Normal/Mild,9
1,left_subarticular_stenosis_l5_s1,Severe,Moderate,0
1,left_subarticular_stenosis_l5_s1,Severe,Severe,0
1,right_subarticular_stenosis_l1_l2,Normal/Mild,Normal/Mild,95
1,right_subarticular_stenosis_l1_l2,Normal/Mild,Moderate,0
1,right_subarticular_stenosis_l1_l2,Normal/Mild,Severe,0
1,right_subarticular_stenosis_l1_l2,Moderate,Normal/Mild,2
1,right_subarticular_stenosis_l1_l2,Moderate,Moderate,0
1,right_subarticular_stenosis_l1_l2,Moderate,Severe,0
1,right_subarticular_stenosis_l1_l2,Severe,Normal/Mild,1
1,right_subarticular_stenosis_l1_l2,Severe,Moderate,0
1,right_subarticular_stenosis_l1_l2,Severe,Severe,0
1,right_subarticular_stenosis_l2_l3,Normal/Mild,Normal/Mild,80
1,right_subarticular_stenosis_l2_l3,Normal/Mild,Moderate,0
1,right_subarticular_stenosis_l2_l3,Normal/Mild,Severe,0
1,right_subarticular_stenosis_l2_l3,Moderate,Normal/Mild,16
1,right_subarticular_stenosis_l2_l3,Moderate,Moderate,0
1,right_subarticular_stenosis_l2_l3,Moderate,Severe,0
1,right_subarticular_stenosis_l2_l3,Severe,Normal/Mild,3
1,right_subarticular_stenosis_l2_l3,Severe,Moderate,0
1,right_subarticular_stenosis_l2_l3,Severe,Severe,0
1,right_subarticular_stenosis_l3_l4,Normal/Mild,Normal/Mild,63
1,right_subarticular_stenosis_l3_l4,Normal/Mild,Moderate,0
1,right_subarticular_stenosis_l3_l4,Normal/Mild,Severe,0
1,right_subarticular_stenosis_l3_l4,Moderate,Normal/Mild,28
1,right_subarticular_stenosis_l3_l4,Moderate,Moderate,0
1,right_subarticular_stenosis_l3_l4,Moderate,Severe,0
1,right_subarticular_stenosis_l3_l4,Severe,Normal/Mild,9
1,right_subarticular_stenosis_l3_l4,Severe,Moderate,0
1,right_subarticular_stenosis_l3_l4,Severe,Severe,0
1,right_subarticular_stenosis_l4_l5,Normal/Mild,Normal/Mild,41
1,right_subarticular_stenosis_l4_l5,Normal/Mild,Moderate,0
1,right_subarticular_stenosis_l4_l5,Normal/Mild,Severe,0
1,right_subarticular_stenosis_l4_l5,Moderate,Normal/Mild,33
1,right_subarticular_stenosis_l4_l5,Moderate,Moderate,0
1,right_subarticular_stenosis_l4_l5,Moderate,Severe,0
1,right_subarticular_stenosis_l4_l5,Severe,Normal/Mild,26
1,right_subarticular_stenosis_l4_l5,Severe,Moderate,0
1,right_subarticular_stenosis_l4_l5,Severe,Severe,0
1,right_subarticular_stenosis_l5_s1,Normal/Mild,Normal/Mild,68
1,right_subarticular_stenosis_l5_s1,Normal/Mild,Moderate,0
1,right_subarticular_stenosis_l5_s1,Normal/Mild,Severe,0
1,right_subarticular_stenosis_l5_s1,Moderate,Normal/Mild,19
1,right_subarticular_stenosis_l5_s1,Moderate,Moderate,0
1,right_subarticular_stenosis_l5_s1,Moderate,Severe,0
1,right_subarticular_stenosis_l5_s1,Severe,Normal/Mild,12
1,right_subarticular_stenosis_l5_s1,Severe,Moderate,0
1,right_subarticular_stenosis_l5_s1,Severe,Severe,0
2,spinal_canal_stenosis_l1_l2,Normal/Mild,Normal/Mild,92
2,spinal_canal_stenosis_l1_l2,Normal/Mild,Moderate,0
2,spinal_canal_stenosis_l1_l2,Normal/Mild,Severe,0
2,spinal_canal_stenosis_l1_l2,Moderate,Normal/Mild,6
2,spinal_canal_stenosis_l1_l2,Moderate,Moderate,0
2,spinal_canal_stenosis_l1_l2,Moderate,Severe,0
2,spinal_canal_stenosis_l1_l2,Severe,Normal/Mild,2
2,spinal_canal_stenosis_l1_l2,Severe,Moderate,0
2,spinal_canal_stenosis_l1_l2,Severe,Severe,0
2,spinal_canal_stenosis_l2_l3,Normal/Mild,Normal/Mild,85
2,spinal_canal_stenosis_l2_l3,Normal/Mild,Moderate,0
2,spinal_canal_stenosis_l2_l3,Normal/Mild,Severe,0
2,spinal_canal_stenosis_l2_l3,Moderate,Normal/Mild,11
2,spinal_canal_stenosis_l2_l3,Moderate,Moderate,0
2,spinal_canal_stenosis_l2_l3,Moderate,Severe,0
2,spinal_canal_stenosis_l2_l3,Severe,Normal/Mild,4
2,spinal_canal_stenosis_l2_l3,Severe,Moderate,0
2,spinal_canal_stenosis_l2_l3,Severe,Severe,0
2,spinal_canal_stenosis_l3_l4,Normal/Mild,Normal/Mild,81
2,spinal_canal_stenosis_l3_l4,Normal/Mild,Moderate,0
2,spinal_canal_stenosis_l3_l4,Normal/Mild,Severe,0
2,spinal_canal_stenosis_l3_l4,Moderate,Normal/Mild,9
2,spinal_canal_stenosis_l3_l4,Moderate,Moderate,0
2,spinal_canal_stenosis_l3_l4,Moderate,Severe,0
2,spinal_canal_stenosis_l3_l4,Severe,Normal/Mild,10
2,spinal_canal_stenosis_l3_l4,Severe,Moderate,0
2,spinal_canal_stenosis_l3_l4,Severe,Severe,0
2,spinal_canal_stenosis_l4_l5,Normal/Mild,Normal/Mild,74
2,spinal_canal_stenosis_l4_l5,Normal/Mild,Moderate,0
2,spinal_canal_stenosis_l4_l5,Normal/Mild,Severe,0
2,spinal_canal_stenosis_l4_l5,Moderate,Normal/Mild,16
2,spinal_canal_stenosis_l4_l5,Moderate,Moderate,0
2,spinal_canal_stenosis_l4_l5,Moderate,Severe,0
2,spinal_canal_stenosis_l4_l5,Severe,Normal/Mild,10
2,spinal_canal_stenosis_l4_l5,Severe,Moderate,0
2,spinal_canal_stenosis_l4_l5,Severe,Severe,0
2,spinal_canal_stenosis_l5_s1,Normal/Mild,Normal/Mild,96
2,spinal_canal_stenosis_l5_s1,Normal/Mild,Moderate,0
2,spinal_canal_stenosis_l5_s1,Normal/Mild,Severe,0
2,spinal_canal_stenosis_l5_s1,Moderate,Normal/Mild,2
2,spinal_canal_stenosis_l5_s1,Moderate,Moderate,0
2,spinal_canal_stenosis_l5_s1,Moderate,Severe,0
2,spinal_canal_stenosis_l5_s1,Severe,Normal/Mild,2
2,spinal_canal_stenosis_l5_s1,Severe,Moderate,0
2,spinal_canal_stenosis_l5_s1,Severe,Severe,0
2,left_neural_foraminal_narrowing_l1_l2,Normal/Mild,Normal/Mild,97
2,left_neural_foraminal_narrowing_l1_l2,Normal/Mild,Moderate,0
2,left_neural_foraminal_narrowing_l1_l2,Normal/Mild,Severe,0
2,left_neural_foraminal_narrowing_l1_l2,Moderate,Normal/Mild,2
2,left_neural_foraminal_narrowing_l1_l2,Moderate,Moderate,0
2,left_neural_foraminal_narrowing_l1_l2,Moderate,Severe,0
2,left_neural_foraminal_narrowing_l1_l2,Severe,Normal/Mild,1
2,left_neural_foraminal_narrowing_l1_l2,Severe,Moderate,0
2,left_neural_foraminal_narrowing_l1_l2,Severe,Severe,0
2,left_neural_foraminal_narrowing_l2_l3,Normal/Mild,Normal/Mild,82
2,left_neural_foraminal_narrowing_l2_l3,Normal/Mild,Moderate,0
2,left_neural_foraminal_narrowing_l2_l3,Normal/Mild,Severe,0
2,left_neural_foraminal_narrowing_l2_l3,Moderate,Normal/Mild,17
2,left_neural_foraminal_narrowing_l2_l3,Moderate,Moderate,0
2,left_neural_foraminal_narrowing_l2_l3,Moderate,Severe,0
2,left_neural_foraminal_narrowing_l2_l3,Severe,Normal/Mild,1
2,left_neural_foraminal_narrowing_l2_l3,Severe,Moderate,0
2,left_neural_foraminal_narrowing_l2_l3,Severe,Severe,0
2,left_neural_foraminal_narrowing_l3_l4,Normal/Mild,Normal/Mild,70
2,left_neural_foraminal_narrowing_l3_l4,Normal/Mild,Moderate,0
2,left_neural_foraminal_narrowing_l3_l4,Normal/Mild,Severe,0
2,left_neural_foraminal_narrowing_l3_l4,Moderate,Normal/Mild,25
2,left_neural_foraminal_narrowing_l3_l4,Moderate,Moderate,0
2,left_neural_foraminal_narrowing_l3_l4,Moderate,Severe,0
2,left_neural_foraminal_narrowing_l3_l4,Severe,Normal/Mild,5
2,left_neural_foraminal_narrowing_l3_l4,Severe,Moderate,0
2,left_neural_foraminal_narrowing_l3_l4,Severe,Severe,0
2,left_neural_foraminal_narrowing_l4_l5,Normal/Mild,Normal/Mild,58
2,left_neural_foraminal_narrowing_l4_l5,Normal/Mild,Moderate,0
2,left_neural_foraminal_narrowing_l4_l5,Normal/Mild,Severe,0
2,left_neural_foraminal_narrowing_l4_l5,Moderate,Normal/Mild,34
2,left_neural_foraminal_narrowing_l4_l5,Moderate,Moderate,0
2,left_neural_foraminal_narrowing_l4_l5,Moderate,Severe,0
2,left_neural_foraminal_narrowing_l4_l5,Severe,Normal/Mild,8
2,left_neural_foraminal_narrowing_l4_l5,Severe,Moderate,0
2,left_neural_foraminal_narrowing_l4_l5,Severe,Severe,0
2,left_neural_foraminal_narrowing_l5_s1,Normal/Mild,Normal/Mild,61
2,left_neural_foraminal_narrowing_l5_s1,Normal/Mild,Moderate,0
2,left_neural_foraminal_narrowing_l5_s1,Normal/Mild,Severe,0
2,left_neural_foraminal_narrowing_l5_s1,Moderate,Normal/Mild,24
2,left_neural_foraminal_narrowing_l5_s1,Moderate,Moderate,0
2,left_neural_foraminal_narrowing_l5_s1,Moderate,Severe,0
2,left_neural_foraminal_narrowing_l5_s1,Severe,Normal/Mild,15
2,left_neural_foraminal_narrowing_l5_s1,Severe,Moderate,0
2,left_neural_foraminal_narrowing_l5_s1,Severe,Severe,0
2,right_neural_foraminal_narrowing_l1_l2,Normal/Mild,Normal/Mild,89
2,right_neural_foraminal_narrowing_l1_l2,Normal/Mild,Moderate,0
2,right_neural_foraminal_narrowing_l1_l2,Normal/Mild,Severe,0
2,right_neural_foraminal_narrowing_l1_l2,Moderate,Normal/Mild,7
2,right_neural_foraminal_narrowing_l1_l2,Moderate,Moderate,0
2,right_neural_foraminal_narrowing_l1_l2,Moderate,Severe,0
2,right_neural_foraminal_narrowing_l1_l2,Severe,Normal/Mild,3
2,right_neural_foraminal_narrowing_l1_l2,Severe,Moderate,0
2,right_neural_foraminal_narrowing_l1_l2,Severe,Severe,0
2,right_neural_foraminal_narrowing_l2_l3,Normal/Mild,Normal/Mild,83
2,right_neural_foraminal_narrowing_l2_l3,Normal/Mild,Moderate,0
2,right_neural_foraminal_narrowing_l2_l3,Normal/Mild,Severe,0
2,right_neural_foraminal_narrowing_l2_l3,Moderate,Normal/Mild,13
2,right_neural_foraminal_narrowing_l2_l3,Moderate,Moderate,0
2,right_neural_foraminal_narrowing_l2_l3,Moderate,Severe,0
2,right_neural_foraminal_narrowing_l2_l3,Severe,Normal/Mild,3
2,right_neural_foraminal_narrowing_l2_l3,Severe,Moderate,0
2,right_neural_foraminal_narrowing_l2_l3,Severe,Severe,0
2,right_neural_foraminal_narrowing_l3_l4,Normal/Mild,Normal/Mild,73
2,right_neural_foraminal_narrowing_l3_l4,Normal/Mild,Moderate,0
2,right_neural_foraminal_narrowing_l3_l4,Normal/Mild,Severe,0
2,right_neural_foraminal_narrowing_l3_l4,Moderate,Normal/Mild,23
2,right_neural_foraminal_narrowing_l3_l4,Moderate,Moderate,0
2,right_neural_foraminal_narrowing_l3_l4,Moderate,Severe,0
2,right_neural_foraminal_narrowing_l3_l4,Severe,Normal/Mild,3
2,right_neural_foraminal_narrowing_l3_l4,Severe,Moderate,0
2,right_neural_foraminal_narrowing_l3_l4,Severe,Severe,0
2,right_neural_foraminal_narrowing_l4_l5,Normal/Mild,Normal/Mild,62
2,right_neural_foraminal_narrowing_l4_l5,Normal/Mild,Moderate,0
2,right_neural_foraminal_narrowing_l4_l5,Normal/Mild,Severe,0
2,right_neural_foraminal_narrowing_l4_l5,Moderate,Normal/Mild,32
2,right_neural_foraminal_narrowing_l4_l5,Moderate,Moderate,0
2,right_neural_foraminal_narrowing_l4_l5,Moderate,Severe,0
2,right_neural_foraminal_narrowing_l4_l5,Severe,Normal/Mild,5
2,right_neural_foraminal_narrowing_l4_l5,Severe,Moderate,0
2,right_neural_foraminal_narrowing_l4_l5,Severe,Severe,0
2,right_neural_foraminal_narrowing_l5_s1,Normal/Mild,Normal/Mild,63
2,right_neural_foraminal_narrowing_l5_s1,Normal/Mild,Moderate,0
2,right_neural_foraminal_narrowing_l5_s1,Normal/Mild,Severe,0
2,right_neural_foraminal_narrowing_l5_s1,Moderate,Normal/Mild,24
2,right_neural_foraminal_narrowing_l5_s1,Moderate,Moderate,0
2,right_neural_foraminal_narrowing_l5_s1,Moderate,Severe,0
2,right_neural_foraminal_narrowing_l5_s1,Severe,Normal/Mild,12
2,right_neural_foraminal_narrowing_l5_s1,Severe,Moderate,0
2,right_neural_foraminal_narrowing_l5_s1,Severe,Severe,0
2,left_subarticular_stenosis_l1_l2,Normal/Mild,Normal/Mild,79
2,left_subarticular_stenosis_l1_l2,Normal/Mild,Moderate,0
2,left_subarticular_stenosis_l1_l2,Normal/Mild,Severe,0
2,left_subarticular_stenosis_l1_l2,Moderate,Normal/Mild,9
2,left_subarticular_stenosis_l1_l2,Moderate,Moderate,0
2,left_subarticular_stenosis_l1_l2,Moderate,Severe,0
2,left_subarticular_stenosis_l1_l2,Severe,Normal/Mild,0
2,left_subarticular_stenosis_l1_l2,Severe,Moderate,0
2,left_subarticular_stenosis_l1_l2,Severe,Severe,0
2,left_subarticular_stenosis_l2_l3,Normal/Mild,Normal/Mild,65
2,left_subarticular_stenosis_l2_l3,Normal/Mild,Moderate,0
2,left_subarticular_stenosis_l2_l3,Normal/Mild,Severe,0
2,left_subarticular_stenosis_l2_l3,Moderate,Normal/Mild,21
2,left_subarticular_stenosis_l2_l3,Moderate,Moderate,0
2,left_subarticular_stenosis_l2_l3,Moderate,Severe,0
2,left_subarticular_stenosis_l2_l3,Severe,Normal/Mild,8
2,left_subarticular_stenosis_l2_l3,Severe,Moderate,0
2,left_subarticular_stenosis_l2_l3,Severe,Severe,0
2,left_subarticular_stenosis_l3_l4,Normal/Mild,Normal/Mild,59
2,left_subarticular_stenosis_l3_l4,Normal/Mild,Moderate,0
2,left_subarticular_stenosis_l3_l4,Normal/Mild,Severe,0
2,left_subarticular_stenosis_l3_l4,Moderate,Normal/Mild,26
2,left_subarticular_stenosis_l3_l4,Moderate,Moderate,0
2,left_subarticular_stenosis_l3_l4,Moderate,Severe,0
2,left_subarticular_stenosis_l3_l4,Severe,Normal/Mild,15
2,left_subarticular_stenosis_l3_l4,Severe,Moderate,0
2,left_subarticular_stenosis_l3_l4,Severe,Severe,0
2,left_subarticular_stenosis_l4_l5,Normal/Mild,Normal/Mild,43
2,left_subarticular_stenosis_l4_l5,Normal/Mild,Moderate,0
2,left_subarticular_stenosis_l4_l5,Normal/Mild,Severe,0
2,left_subarticular_stenosis_l4_l5,Moderate,Normal/Mild,27
2,left_subarticular_stenosis_l4_l5,Moderate,Moderate,0
2,left_subarticular_stenosis_l4_l5,Moderate,Severe,0
2,left_subarticular_stenosis_l4_l5,Severe,Normal/Mild,30
2,left_subarticular_stenosis_l4_l5,Severe,Moderate,0
2,left_subarticular_stenosis_l4_l5,Severe,Severe,0
2,left_subarticular_stenosis_l5_s1,Normal/Mild,Normal/Mild,64
2,left_subarticular_stenosis_l5_s1,Normal/Mild,Moderate,0
2,left_subarticular_stenosis_l5_s1,Normal/Mild,Severe,0
2,left_subarticular_stenosis_l5_s1,Moderate,Normal/Mild,19
2,left_subarticular_stenosis_l5_s1,Moderate,Moderate,0
2,left_subarticular_stenosis_l5_s1,Moderate,Severe,0
2,left_subarticular_stenosis_l5_s1,Severe,Normal/Mild,16
2,left_subarticular_stenosis_l5_s1,Severe,Moderate,0
2,left_subarticular_stenosis_l5_s1,Severe,Severe,0
2,right_subarticular_stenosis_l1_l2,Normal/Mild,Normal/Mild,77
2,right_subarticular_stenosis_l1_l2,Normal/Mild,Moderate,0
2,right_subarticular_stenosis_l1_l2,Normal/Mild,Severe,0
2,right_subarticular_stenosis_l1_l2,Moderate,Normal/Mild,8
2,right_subarticular_stenosis_l1_l2,Moderate,Moderate,0
2,right_subarticular_stenosis_l1_l2,Moderate,Severe,0
2,right_subarticular_stenosis_l1_l2,Severe,Normal/Mild,3
2,right_subarticular_stenosis_l1_l2,Severe,Moderate,0
2,right_subarticular_stenosis_l1_l2,Severe,Severe,0
2,right_subarticular_stenosis_l2_l3,Normal/Mild,Normal/Mild,69
2,right_subarticular_stenosis_l2_l3,Normal/Mild,Moderate,0
2,right_subarticular_stenosis_l2_l3,Normal/Mild,Severe,0
2,right_subarticular_stenosis_l2_l3,Moderate,Normal/Mild,16
2,right_subarticular_stenosis_l2_l3,Moderate,Moderate,0
2,right_subarticular_stenosis_l2_l3,Moderate,Severe,0
2,right_subarticular_stenosis_l2_l3,Severe,Normal/Mild,8
2,right_subarticular_stenosis_l2_l3,Severe,Moderate,0
2,right_subarticular_stenosis_l2_l3,Severe,Severe,0
2,right_subarticular_stenosis_l3_l4,Normal/Mild,Normal/Mild,60
2,right_subarticular_stenosis_l3_l4,Normal/Mild,Moderate,0
2,right_subarticular_stenosis_l3_l4,Normal/Mild,Severe,0
2,right_subarticular_stenosis_l3_l4,Moderate,Normal/Mild,28
2,right_subarticular_stenosis_l3_l4,Moderate,Moderate,0
2,right_subarticular_stenosis_l3_l4,Moderate,Severe,0
2,right_subarticular_stenosis_l3_l4,Severe,Normal/Mild,12
2,right_subarticular_stenosis_l3_l4,Severe,Moderate,0
2,right_subarticular_stenosis_l3_l4,Severe,Severe,0
2,right_subarticular_stenosis_l4_l5,Normal/Mild,Normal/Mild,42
2,right_subarticular_stenosis_l4_l5,Normal/Mild,Moderate,0
2,right_subarticular_stenosis_l4_l5,Normal/Mild,Severe,0
2,right_subarticular_stenosis_l4_l5,Moderate,Normal/Mild,39
2,right_subarticular_stenosis_l4_l5,Moderate,Moderate,0
2,right_subarticular_stenosis_l4_l5,Moderate,Severe,0
2,right_subarticular_stenosis_l4_l5,Severe,Normal/Mild,19
2,right_subarticular_stenosis_l4_l5,Severe,Moderate,0
2,right_subarticular_stenosis_l4_l5,Severe,Severe,0
2,right_subarticular_stenosis_l5_s1,Normal/Mild,Normal/Mild,66
2,right_subarticular_stenosis_l5_s1,Normal/Mild,Moderate,0
2,right_subarticular_stenosis_l5_s1,Normal/Mild,Severe,0
2,right_subarticular_stenosis_l5_s1,Moderate,Normal/Mild,26
2,right_subarticular_stenosis_l5_s1,Moderate,Moderate,0
2,right_subarticular_stenosis_l5_s1,Moderate,Severe,0
2,right_subarticular_stenosis_l5_s1,Severe,Normal/Mild,8
2,right_subarticular_stenosis_l5_s1,Severe,Moderate,0
2,right_subarticular_stenosis_l5_s1,Severe,Severe,0
3,spinal_canal_stenosis_l1_l2,Normal/Mild,Normal/Mild,95
3,spinal_canal_stenosis_l1_l2,Normal/Mild,Moderate,0
3,spinal_canal_stenosis_l1_l2,Normal/Mild,Severe,0
3,spinal_canal_stenosis_l1_l2,Moderate,Normal/Mild,5
3,spinal_canal_stenosis_l1_l2,Moderate,Moderate,0
3,spinal_canal_stenosis_l1_l2,Moderate,Severe,0
3,spinal_canal_stenosis_l1_l2,Severe,Normal/Mild,0
3,spinal_canal_stenosis_l1_l2,Severe,Moderate,0
3,spinal_canal_stenosis_l1_l2,Severe,Severe,0
3,spinal_canal_stenosis_l2_l3,Normal/Mild,Normal/Mild,88
3,spinal_canal_stenosis_l2_l3,Normal/Mild,Moderate,0
3,spinal_canal_stenosis_l2_l3,Normal/Mild,Severe,0
3,spinal_canal_stenosis_l2_l3,Moderate,Normal/Mild,6
3,spinal_canal_stenosis_l2_l3,Moderate,Moderate,0
3,spinal_canal_stenosis_l2_l3,Moderate,Severe,0
3,spinal_canal_stenosis_l2_l3,Severe,Normal/Mild,6
3,spinal_canal_stenosis_l2_l3,Severe,Moderate,0
3,spinal_canal_stenosis_l2_l3,Severe,Severe,0
3,spinal_canal_stenosis_l3_l4,Normal/Mild,Normal/Mild,82
3,spinal_canal_stenosis_l3_l4,Normal/Mild,Moderate,0
3,spinal_canal_stenosis_l3_l4,Normal/Mild,Severe,0
3,spinal_canal_stenosis_l3_l4,Moderate,Normal/Mild,10
3,spinal_canal_stenosis_l3_l4,Moderate,Moderate,0
3,spinal_canal_stenosis_l3_l4,Moderate,Severe,0
3,spinal_canal_stenosis_l3_l4,Severe,Normal/Mild,8
3,spinal_canal_stenosis_l3_l4,Severe,Moderate,0
3,spinal_canal_stenosis_l3_l4,Severe,Severe,0
3,spinal_canal_stenosis_l4_l5,Normal/Mild,Normal/Mild,68
3,spinal_canal_stenosis_l4_l5,Normal/Mild,Moderate,0
3,spinal_canal_stenosis_l4_l5,Normal/Mild,Severe,0
3,spinal_canal_stenosis_l4_l5,Moderate,Normal/Mild,14
3,spinal_canal_stenosis_l4_l5,Moderate,Moderate,0
3,spinal_canal_stenosis_l4_l5,Moderate,Severe,0
3,spinal_canal_stenosis_l4_l5,Severe,Normal/Mild,18
3,spinal_canal_stenosis_l4_l5,Severe,Moderate,0
3,spinal_canal_stenosis_l4_l5,Severe,Severe,0
3,spinal_canal_stenosis_l5_s1,Normal/Mild,Normal/Mild,94
3,spinal_canal_stenosis_l5_s1,Normal/Mild,Moderate,0
3,spinal_canal_stenosis_l5_s1,Normal/Mild,Severe,0
3,spinal_canal_stenosis_l5_s1,Moderate,Normal/Mild,3
3,spinal_canal_stenosis_l5_s1,Moderate,Moderate,0
3,spinal_canal_stenosis_l5_s1,Moderate,Severe,0
3,spinal_canal_stenosis_l5_s1,Severe,Normal/Mild,3
3,spinal_canal_stenosis_l5_s1,Severe,Moderate,0
3,spinal_canal_stenosis_l5_s1,Severe,Severe,0
3,left_neural_foraminal_narrowing_l1_l2,Normal/Mild,Normal/Mild,95
3,left_neural_foraminal_narrowing_l1_l2,Normal/Mild,Moderate,0
3,left_neural_foraminal_narrowing_l1_l2,Normal/Mild,Severe,0
3,left_neural_foraminal_narrowing_l1_l2,Moderate,Normal/Mild,5
3,left_neural_foraminal_narrowing_l1_l2,Moderate,Moderate,0
3,left_neural_foraminal_narrowing_l1_l2,Moderate,Severe,0
3,left_neural_foraminal_narrowing_l1_l2,Severe,Normal/Mild,0
3,left_neural_foraminal_narrowing_l1_l2,Severe,Moderate,0
3,left_neural_foraminal_narrowing_l1_l2,Severe,Severe,0
3,left_neural_foraminal_narrowing_l2_l3,Normal/Mild,Normal/Mild,86
3,left_neural_foraminal_narrowing_l2_l3,Normal/Mild,Moderate,0
3,left_neural_foraminal_narrowing_l2_l3,Normal/Mild,Severe,0
3,left_neural_foraminal_narrowing_l2_l3,Moderate,Normal/Mild,9
3,left_neural_foraminal_narrowing_l2_l3,Moderate,Moderate,0
3,left_neural_foraminal_narrowing_l2_l3,Moderate,Severe,0
3,left_neural_foraminal_narrowing_l2_l3,Severe,Normal/Mild,5
3,left_neural_foraminal_narrowing_l2_l3,Severe,Moderate,0
3,left_neural_foraminal_narrowing_l2_l3,Severe,Severe,0
3,left_neural_foraminal_narrowing_l3_l4,Normal/Mild,Normal/Mild,80
3,left_neural_foraminal_narrowing_l3_l4,Normal/Mild,Moderate,0
3,left_neural_foraminal_narrowing_l3_l4,Normal/Mild,Severe,0
3,left_neural_foraminal_narrowing_l3_l4,Moderate,Normal/Mild,16
3,left_neural_foraminal_narrowing_l3_l4,Moderate,Moderate,0
3,left_neural_foraminal_narrowing_l3_l4,Moderate,Severe,0
3,left_neural_foraminal_narrowing_l3_l4,Severe,Normal/Mild,4
3,left_neural_foraminal_narrowing_l3_l4,Severe,Moderate,0
3,left_neural_foraminal_narrowing_l3_l4,Severe,Severe,0
3,left_neural_foraminal_narrowing_l4_l5,Normal/Mild,Normal/Mild,61
3,left_neural_foraminal_narrowing_l4_l5,Normal/Mild,Moderate,0
3,left_neural_foraminal_narrowing_l4_l5,Normal/Mild,Severe,0
3,left_neural_foraminal_narrowing_l4_l5,Moderate,Normal/Mild,31
3,left_neural_foraminal_narrowing_l4_l5,Moderate,Moderate,0
3,left_neural_foraminal_narrowing_l4_l5,Moderate,Severe,0
3,left_neural_foraminal_narrowing_l4_l5,Severe,Normal/Mild,8
3,left_neural_foraminal_narrowing_l4_l5,Severe,Moderate,0
3,left_neural_foraminal_narrowing_l4_l5,Severe,Severe,0
3,left_neural_foraminal_narrowing_l5_s1,Normal/Mild,Normal/Mild,56
3,left_neural_foraminal_narrowing_l5_s1,Normal/Mild,Moderate,0
3,left_neural_foraminal_narrowing_l5_s1,Normal/Mild,Severe,0
3,left_neural_foraminal_narrowing_l5_s1,Moderate,Normal/Mild,31
3,left_neural_foraminal_narrowing_l5_s1,Moderate,Moderate,0
3,left_neural_foraminal_narrowing_l5_s1,Moderate,Severe,0
3,left_neural_foraminal_narrowing_l5_s1,Severe,Normal/Mild,13
3,left_neural_foraminal_narrowing_l5_s1,Severe,Moderate,0
3,left_neural_foraminal_narrowing_l5_s1,Severe,Severe,0
3,right_neural_foraminal_narrowing_l1_l2,Normal/Mild,Normal/Mild,97
3,right_neural_foraminal_narrowing_l1_l2,Normal/Mild,Moderate,0
3,right_neural_foraminal_narrowing_l1_l2,Normal/Mild,Severe,0
3,right_neural_foraminal_narrowing_l1_l2,Moderate,Normal/Mild,2
3,right_neural_foraminal_narrowing_l1_l2,Moderate,Moderate,0
3,right_neural_foraminal_narrowing_l1_l2,Moderate,Severe,0
3,right_neural_foraminal_narrowing_l1_l2,Severe,Normal/Mild,1
3,right_neural_foraminal_narrowing_l1_l2,Severe,Moderate,0
3,right_neural_foraminal_narrowing_l1_l2,Severe,Severe,0
3,right_neural_foraminal_narrowing_l2_l3,Normal/Mild,Normal/Mild,89
3,right_neural_foraminal_narrowing_l2_l3,Normal/Mild,Moderate,0
3,right_neural_foraminal_narrowing_l2_l3,Normal/Mild,Severe,0
3,right_neural_foraminal_narrowing_l2_l3,Moderate,Normal/Mild,10
3,right_neural_foraminal_narrowing_l2_l3,Moderate,Moderate,0
3,right_neural_foraminal_narrowing_l2_l3,Moderate,Severe,0
3,right_neural_foraminal_narrowing_l2_l3,Severe,Normal/Mild,1
3,right_neural_foraminal_narrowing_l2_l3,Severe,Moderate,0
3,right_neural_foraminal_narrowing_l2_l3,Severe,Severe,0
3,right_neural_foraminal_narrowing_l3_l4,Normal/Mild,Normal/Mild,77
3,right_neural_foraminal_narrowing_l3_l4,Normal/Mild,Moderate,0
3,right_neural_foraminal_narrowing_l3_l4,Normal/Mild,Severe,0
3,right_neural_foraminal_narrowing_l3_l4,Moderate,Normal/Mild,22
3,right_neural_foraminal_narrowing_l3_l4,Moderate,Moderate,0
3,right_neural_foraminal_narrowing_l3_l4,Moderate,Severe,0
3,right_neural_foraminal_narrowing_l3_l4,Severe,Normal/Mild,1
3,right_neural_foraminal_narrowing_l3_l4,Severe,Moderate,0
3,right_neural_foraminal_narrowing_l3_l4,Severe,Severe,0
3,right_neural_foraminal_narrowing_l4_l5,Normal/Mild,Normal/Mild,62
3,right_neural_foraminal_narrowing_l4_l5,Normal/Mild,Moderate,0
3,right_neural_foraminal_narrowing_l4_l5,Normal/Mild,Severe,0
3,right_neural_foraminal_narrowing_l4_l5,Moderate,Normal/Mild,33
3,right_neural_foraminal_narrowing_l4_l5,Moderate,Moderate,0
3,right_neural_foraminal_narrowing_l4_l5,Moderate,Severe,0
3,right_neural_foraminal_narrowing_l4_l5,Severe,Normal/Mild,5
3,right_neural_foraminal_narrowing_l4_l5,Severe,Moderate,0
3,right_neural_foraminal_narrowing_l4_l5,Severe,Severe,0
3,right_neural_foraminal_narrowing_l5_s1,Normal/Mild,Normal/Mild,67
3,right_neural_foraminal_narrowing_l5_s1,Normal/Mild,Moderate,0
3,right_neural_foraminal_narrowing_l5_s1,Normal/Mild,Severe,0
3,right_neural_foraminal_narrowing_l5_s1,Moderate,Normal/Mild,21
3,right_neural_foraminal_narrowing_l5_s1,Moderate,Moderate,0
3,right_neural_foraminal_narrowing_l5_s1,Moderate,Severe,0
3,right_neural_foraminal_narrowing_l5_s1,Severe,Normal/Mild,12
3,right_neural_foraminal_narrowing_l5_s1,Severe,Moderate,0
3,right_neural_foraminal_narrowing_l5_s1,Severe,Severe,0
3,left_subarticular_stenosis_l1_l2,Normal/Mild,Normal/Mild,87
3,left_subarticular_stenosis_l1_l2,Normal/Mild,Moderate,0
3,left_subarticular_stenosis_l1_l2,Normal/Mild,Severe,0
3,left_subarticular_stenosis_l1_l2,Moderate,Normal/Mild,6
3,left_subarticular_stenosis_l1_l2,Moderate,Moderate,0
3,left_subarticular_stenosis_l1_l2,Moderate,Severe,0
3,left_subarticular_stenosis_l1_l2,Severe,Normal/Mild,2
3,left_subarticular_stenosis_l1_l2,Severe,Moderate,0
3,left_subarticular_stenosis_l1_l2,Severe,Severe,0
3,left_subarticular_stenosis_l2_l3,Normal/Mild,Normal/Mild,79
3,left_subarticular_stenosis_l2_l3,Normal/Mild,Moderate,0
3,left_subarticular_stenosis_l2_l3,Normal/Mild,Severe,0
3,left_subarticular_stenosis_l2_l3,Moderate,Normal/Mild,13
3,left_subarticular_stenosis_l2_l3,Moderate,Moderate,0
3,left_subarticular_stenosis_l2_l3,Moderate,Severe,0
3,left_subarticular_stenosis_l2_l3,Severe,Normal/Mild,6
3,left_subarticular_stenosis_l2_l3,Severe,Moderate,0
3,left_subarticular_stenosis_l2_l3,Severe,Severe,0
3,left_subarticular_stenosis_l3_l4,Normal/Mild,Normal/Mild,70
3,left_subarticular_stenosis_l3_l4,Normal/Mild,Moderate,0
3,left_subarticular_stenosis_l3_l4,Normal/Mild,Severe,0
3,left_subarticular_stenosis_l3_l4,Moderate,Normal/Mild,16
3,left_subarticular_stenosis_l3_l4,Moderate,Moderate,0
3,left_subarticular_stenosis_l3_l4,Moderate,Severe,0
3,left_subarticular_stenosis_l3_l4,Severe,Normal/Mild,14
3,left_subarticular_stenosis_l3_l4,Severe,Moderate,0
3,left_subarticular_stenosis_l3_l4,Severe,Severe,0
3,left_subarticular_stenosis_l4_l5,Normal/Mild,Normal/Mild,38
3,left_subarticular_stenosis_l4_l5,Normal/Mild,Moderate,0
3,left_subarticular_stenosis_l4_l5,Normal/Mild,Severe,0
3,left_subarticular_stenosis_l4_l5,Moderate,Normal/Mild,31
3,left_subarticular_stenosis_l4_l5,Moderate,Moderate,0
3,left_subarticular_stenosis_l4_l5,Moderate,Severe,0
3,left_subarticular_stenosis_l4_l5,Severe,Normal/Mild,31
3,left_subarticular_stenosis_l4_l5,Severe,Moderate,0
3,left_subarticular_stenosis_l4_l5,Severe,Severe,0
3,left_subarticular_stenosis_l5_s1,Normal/Mild,Normal/Mild,73
3,left_subarticular_stenosis_l5_s1,Normal/Mild,Moderate,0
3,left_subarticular_stenosis_l5_s1,Normal/Mild,Severe,0
3,left_subarticular_stenosis_l5_s1,Moderate,Normal/Mild,21
3,left_subarticular_stenosis_l5_s1,Moderate,Moderate,0
3,left_subarticular_stenosis_l5_s1,Moderate,Severe,0
3,left_subarticular_stenosis_l5_s1,Severe,Normal/Mild,6
3,left_subarticular_stenosis_l5_s1,Severe,Moderate,0
3,left_subarticular_stenosis_l5_s1,Severe,Severe,0
3,right_subarticular_stenosis_l1_l2,Normal/Mild,Normal/Mild,89
3,right_subarticular_stenosis_l1_l2,Normal/Mild,Moderate,0
3,right_subarticular_stenosis_l1_l2,Normal/Mild,Severe,0
3,right_subarticular_stenosis_l1_l2,Moderate,Normal/Mild,5
3,right_subarticular_stenosis_l1_l2,Moderate,Moderate,0
3,right_subarticular_stenosis_l1_l2,Moderate,Severe,0
3,right_subarticular_stenosis_l1_l2,Severe,Normal/Mild,1
3,right_subarticular_stenosis_l1_l2,Severe,Moderate,0
3,right_subarticular_stenosis_l1_l2,Severe,Severe,0
3,right_subarticular_stenosis_l2_l3,Normal/Mild,Normal/Mild,81
3,right_subarticular_stenosis_l2_l3,Normal/Mild,Moderate,0
3,right_subarticular_stenosis_l2_l3,Normal/Mild,Severe,0
3,right_subarticular_stenosis_l2_l3,Moderate,Normal/Mild,11
3,right_subarticular_stenosis_l2_l3,Moderate,Moderate,0
3,right_subarticular_stenosis_l2_l3,Moderate,Severe,0
3,right_subarticular_stenosis_l2_l3,Severe,Normal/Mild,6
3,right_subarticular_stenosis_l2_l3,Severe,Moderate,0
3,right_subarticular_stenosis_l2_l3,Severe,Severe,0
3,right_subarticular_stenosis_l3_l4,Normal/Mild,Normal/Mild,73
3,right_subarticular_stenosis_l3_l4,Normal/Mild,Moderate,0
3,right_subarticular_stenosis_l3_l4,Normal/Mild,Severe,0
3,right_subarticular_stenosis_l3_l4,Moderate,Normal/Mild,21
3,right_subarticular_stenosis_l3_l4,Moderate,Moderate,0
3,right_subarticular_stenosis_l3_l4,Moderate,Severe,0
3,right_subarticular_stenosis_l3_l4,Severe,Normal/Mild,6
3,right_subarticular_stenosis_l3_l4,Severe,Moderate,0
3,right_subarticular_stenosis_l3_l4,Severe,Severe,0
3,right_subarticular_stenosis_l4_l5,Normal/Mild,Normal/Mild,46
3,right_subarticular_stenosis_l4_l5,Normal/Mild,Moderate,0
3,right_subarticular_stenosis_l4_l5,Normal/Mild,Severe,0
3,right_subarticular_stenosis_l4_l5,Moderate,Normal/Mild,28
3,right_subarticular_stenosis_l4_l5,Moderate,Moderate,0
3,right_subarticular_stenosis_l4_l5,Moderate,Severe,0
3,right_subarticular_stenosis_l4_l5,Severe,Normal/Mild,26
3,right_subarticular_stenosis_l4_l5,Severe,Moderate,0
3,right_subarticular_stenosis_l4_l5,Severe,Severe,0
3,right_subarticular_stenosis_l5_s1,Normal/Mild,Normal/Mild,76
3,right_subarticular_stenosis_l5_s1,Normal/Mild,Moderate,0
3,right_subarticular_stenosis_l5_s1,Normal/Mild,Severe,0
3,right_subarticular_stenosis_l5_s1,Moderate,Normal/Mild,12
3,right_subarticular_stenosis_l5_s1,Moderate,Moderate,0
3,right_subarticular_stenosis_l5_s1,Moderate,Severe,0
3,right_subarticular_stenosis_l5_s1,Severe,Normal/Mild,12
3,right_subarticular_stenosis_l5_s1,Severe,Moderate,0
3,right_subarticular_stenosis_l5_s1,Severe,Severe,0
4,spinal_canal_stenosis_l1_l2,Normal/Mild,Normal/Mild,97
4,spinal_canal_stenosis_l1_l2,Normal/Mild,Moderate,0
4,spinal_canal_stenosis_l1_l2,Normal/Mild,Severe,0
4,spinal_canal_stenosis_l1_l2,Moderate,Normal/Mild,3
4,spinal_canal_stenosis_l1_l2,Moderate,Moderate,0
4,spinal_canal_stenosis_l1_l2,Moderate,Severe,0
4,spinal_canal_stenosis_l1_l2,Severe,Normal/Mild,0
4,spinal_canal_stenosis_l1_l2,Severe,Moderate,0
4,spinal_canal_stenosis_l1_l2,Severe,Severe,0
4,spinal_canal_stenosis_l2_l3,Normal/Mild,Normal/Mild,89
4,spinal_canal_stenosis_l2_l3,Normal/Mild,Moderate,0
4,spinal_canal_stenosis_l2_l3,Normal/Mild,Severe,0
4,spinal_canal_stenosis_l2_l3,Moderate,Normal/Mild,9
4,spinal_canal_stenosis_l2_l3,Moderate,Moderate,0
4,spinal_canal_stenosis_l2_l3,Moderate,Severe,0
4,spinal_canal_stenosis_l2_l3,Severe,Normal/Mild,2
4,spinal_canal_stenosis_l2_l3,Severe,Moderate,0
4,spinal_canal_stenosis_l2_l3,Severe,Severe,0
4,spinal_canal_stenosis_l3_l4,Normal/Mild,Normal/Mild,84
4,spinal_canal_stenosis_l3_l4,Normal/Mild,Moderate,0
4,spinal_canal_stenosis_l3_l4,Normal/Mild,Severe,0
4,spinal_canal_stenosis_l3_l4,Moderate,Normal/Mild,11
4,spinal_canal_stenosis_l3_l4,Moderate,Moderate,0
4,spinal_canal_stenosis_l3_l4,Moderate,Severe,0
4,spinal_canal_stenosis_l3_l4,Severe,Normal/Mild,5
4,spinal_canal_stenosis_l3_l4,Severe,Moderate,0
4,spinal_canal_stenosis_l3_l4,Severe,Severe,0
4,spinal_canal_stenosis_l4_l5,Normal/Mild,Normal/Mild,70
4,spinal_canal_stenosis_l4_l5,Normal/Mild,Moderate,0
4,spinal_canal_stenosis_l4_l5,Normal/Mild,Severe,0
4,spinal_canal_stenosis_l4_l5,Moderate,Normal/Mild,11
4,spinal_canal_stenosis_l4_l5,Moderate,Moderate,0
4,spinal_canal_stenosis_l4_l5,Moderate,Severe,0
4,spinal_canal_stenosis_l4_l5,Severe,Normal/Mild,19
4,spinal_canal_stenosis_l4_l5,Severe,Moderate,0
4,spinal_canal_stenosis_l4_l5,Severe,Severe,0
4,spinal_canal_stenosis_l5_s1,Normal/Mild,Normal/Mild,90
4,spinal_canal_stenosis_l5_s1,Normal/Mild,Moderate,0
4,spinal_canal_stenosis_l5_s1,Normal/Mild,Severe,0
4,spinal_canal_stenosis_l5_s1,Moderate,Normal/Mild,4
4,spinal_canal_stenosis_l5_s1,Moderate,Moderate,0
4,spinal_canal_stenosis_l5_s1,Moderate,Severe,0
4,spinal_canal_stenosis_l5_s1,Severe,Normal/Mild,6
4,spinal_canal_stenosis_l5_s1,Severe,Moderate,0
4,spinal_canal_stenosis_l5_s1,Severe,Severe,0
4,left_neural_foraminal_narrowing_l1_l2,Normal/Mild,Normal/Mild,99
4,left_neural_foraminal_narrowing_l1_l2,Normal/Mild,Moderate,0
4,left_neural_foraminal_narrowing_l1_l2,Normal/Mild,Severe,0
4,left_neural_foraminal_narrowing_l1_l2,Moderate,Normal/Mild,1
4,left_neural_foraminal_narrowing_l1_l2,Moderate,Moderate,0
4,left_neural_foraminal_narrowing_l1_l2,Moderate,Severe,0
4,left_neural_foraminal_narrowing_l1_l2,Severe,Normal/Mild,0
4,left_neural_foraminal_narrowing_l1_l2,Severe,Moderate,0
4,left_neural_foraminal_narrowing_l1_l2,Severe,Severe,0
4,left_neural_foraminal_narrowing_l2_l3,Normal/Mild,Normal/Mild,90
4,left_neural_foraminal_narrowing_l2_l3,Normal/Mild,Moderate,0
4,left_neural_foraminal_narrowing_l2_l3,Normal/Mild,Severe,0
4,left_neural_foraminal_narrowing_l2_l3,Moderate,Normal/Mild,9
4,left_neural_foraminal_narrowing_l2_l3,Moderate,Moderate,0
4,left_neural_foraminal_narrowing_l2_l3,Moderate,Severe,0
4,left_neural_foraminal_narrowing_l2_l3,Severe,Normal/Mild,1
4,left_neural_foraminal_narrowing_l2_l3,Severe,Moderate,0
4,left_neural_foraminal_narrowing_l2_l3,Severe,Severe,0
4,left_neural_foraminal_narrowing_l3_l4,Normal/Mild,Normal/Mild,82
4,left_neural_foraminal_narrowing_l3_l4,Normal/Mild,Moderate,0
4,left_neural_foraminal_narrowing_l3_l4,Normal/Mild,Severe,0
4,left_neural_foraminal_narrowing_l3_l4,Moderate,Normal/Mild,17
4,left_neural_foraminal_narrowing_l3_l4,Moderate,Moderate,0
4,left_neural_foraminal_narrowing_l3_l4,Moderate,Severe,0
4,left_neural_foraminal_narrowing_l3_l4,Severe,Normal/Mild,1
4,left_neural_foraminal_narrowing_l3_l4,Severe,Moderate,0
4,left_neural_foraminal_narrowing_l3_l4,Severe,Severe,0
4,left_neural_foraminal_narrowing_l4_l5,Normal/Mild,Normal/Mild,61
4,left_neural_foraminal_narrowing_l4_l5,Normal/Mild,Moderate,0
4,left_neural_foraminal_narrowing_l4_l5,Normal/Mild,Severe,0
4,left_neural_foraminal_narrowing_l4_l5,Moderate,Normal/Mild,34
4,left_neural_foraminal_narrowing_l4_l5,Moderate,Moderate,0
4,left_neural_foraminal_narrowing_l4_l5,Moderate,Severe,0
4,left_neural_foraminal_narrowing_l4_l5,Severe,Normal/Mild,5
4,left_neural_foraminal_narrowing_l4_l5,Severe,Moderate,0
4,left_neural_foraminal_narrowing_l4_l5,Severe,Severe,0
4,left_neural_foraminal_narrowing_l5_s1,Normal/Mild,Normal/Mild,67
4,left_neural_foraminal_narrowing_l5_s1,Normal/Mild,Moderate,0
4,left_neural_foraminal_narrowing_l5_s1,Normal/Mild,Severe,0
4,left_neural_foraminal_narrowing_l5_s1,Moderate,Normal/Mild,23
4,left_neural_foraminal_narrowing_l5_s1,Moderate,Moderate,0
4,left_neural_foraminal_narrowing_l5_s1,Moderate,Severe,0
4,left_neural_foraminal_narrowing_l5_s1,Severe,Normal/Mild,10
4,left_neural_foraminal_narrowing_l5_s1,Severe,Moderate,0
4,left_neural_foraminal_narrowing_l5_s1,Severe,Severe,0
4,right_neural_foraminal_narrowing_l1_l2,Normal/Mild,Normal/Mild,94
4,right_neural_foraminal_narrowing_l1_l2,Normal/Mild,Moderate,0
4,right_neural_foraminal_narrowing_l1_l2,Normal/Mild,Severe,0
4,right_neural_foraminal_narrowing_l1_l2,Moderate,Normal/Mild,3
4,right_neural_foraminal_narrowing_l1_l2,Moderate,Moderate,0
4,right_neural_foraminal_narrowing_l1_l2,Moderate,Severe,0
4,right_neural_foraminal_narrowing_l1_l2,Severe,Normal/Mild,3
4,right_neural_foraminal_narrowing_l1_l2,Severe,Moderate,0
4,right_neural_foraminal_narrowing_l1_l2,Severe,Severe,0
4,right_neural_foraminal_narrowing_l2_l3,Normal/Mild,Normal/Mild,90
4,right_neural_foraminal_narrowing_l2_l3,Normal/Mild,Moderate,0
4,right_neural_foraminal_narrowing_l2_l3,Normal/Mild,Severe,0
4,right_neural_foraminal_narrowing_l2_l3,Moderate,Normal/Mild,10
4,right_neural_foraminal_narrowing_l2_l3,Moderate,Moderate,0
4,right_neural_foraminal_narrowing_l2_l3,Moderate,Severe,0
4,right_neural_foraminal_narrowing_l2_l3,Severe,Normal/Mild,0
4,right_neural_foraminal_narrowing_l2_l3,Severe,Moderate,0
4,right_neural_foraminal_narrowing_l2_l3,Severe,Severe,0
4,right_neural_foraminal_narrowing_l3_l4,Normal/Mild,Normal/Mild,74
4,right_neural_foraminal_narrowing_l3_l4,Normal/Mild,Moderate,0
4,right_neural_foraminal_narrowing_l3_l4,Normal/Mild,Severe,0
4,right_neural_foraminal_narrowing_l3_l4,Moderate,Normal/Mild,24
4,right_neural_foraminal_narrowing_l3_l4,Moderate,Moderate,0
4,right_neural_foraminal_narrowing_l3_l4,Moderate,Severe,0
4,right_neural_foraminal_narrowing_l3_l4,Severe,Normal/Mild,2
4,right_neural_foraminal_narrowing_l3_l4,Severe,Moderate,0
4,right_neural_foraminal_narrowing_l3_l4,Severe,Severe,0
4,right_neural_foraminal_narrowing_l4_l5,Normal/Mild,Normal/Mild,63
4,right_neural_foraminal_narrowing_l4_l5,Normal/Mild,Moderate,0
4,right_neural_foraminal_narrowing_l4_l5,Normal/Mild,Severe,0
4,right_neural_foraminal_narrowing_l4_l5,Moderate,Normal/Mild,27
4,right_neural_foraminal_narrowing_l4_l5,Moderate,Moderate,0
4,right_neural_foraminal_narrowing_l4_l5,Moderate,Severe,0
4,right_neural_foraminal_narrowing_l4_l5,Severe,Normal/Mild,10
4,right_neural_foraminal_narrowing_l4_l5,Severe,Moderate,0
4,right_neural_foraminal_narrowing_l4_l5,Severe,Severe,0
4,right_neural_foraminal_narrowing_l5_s1,Normal/Mild,Normal/Mild,63
4,right_neural_foraminal_narrowing_l5_s1,Normal/Mild,Moderate,0
4,right_neural_foraminal_narrowing_l5_s1,Normal/Mild,Severe,0
4,right_neural_foraminal_narrowing_l5_s1,Moderate,Normal/Mild,27
4,right_neural_foraminal_narrowing_l5_s1,Moderate,Moderate,0
4,right_neural_foraminal_narrowing_l5_s1,Moderate,Severe,0
4,right_neural_foraminal_narrowing_l5_s1,Severe,Normal/Mild,10
4,right_neural_foraminal_narrowing_l5_s1,Severe,Moderate,0
4,right_neural_foraminal_narrowing_l5_s1,Severe,Severe,0
4,left_subarticular_stenosis_l1_l2,Normal/Mild,Normal/Mild,82
4,left_subarticular_stenosis_l1_l2,Normal/Mild,Moderate,0
4,left_subarticular_stenosis_l1_l2,Normal/Mild,Severe,0
4,left_subarticular_stenosis_l1_l2,Moderate,Normal/Mild,6
4,left_subarticular_stenosis_l1_l2,Moderate,Moderate,0
4,left_subarticular_stenosis_l1_l2,Moderate,Severe,0
4,left_subarticular_stenosis_l1_l2,Severe,Normal/Mild,1
4,left_subarticular_stenosis_l1_l2,Severe,Moderate,0
4,left_subarticular_stenosis_l1_l2,Severe,Severe,0
4,left_subarticular_stenosis_l2_l3,Normal/Mild,Normal/Mild,83
4,left_subarticular_stenosis_l2_l3,Normal/Mild,Moderate,0
4,left_subarticular_stenosis_l2_l3,Normal/Mild,Severe,0
4,left_subarticular_stenosis_l2_l3,Moderate,Normal/Mild,8
4,left_subarticular_stenosis_l2_l3,Moderate,Moderate,0
4,left_subarticular_stenosis_l2_l3,Moderate,Severe,0
4,left_subarticular_stenosis_l2_l3,Severe,Normal/Mild,6
4,left_subarticular_stenosis_l2_l3,Severe,Moderate,0
4,left_subarticular_stenosis_l2_l3,Severe,Severe,0
4,left_subarticular_stenosis_l3_l4,Normal/Mild,Normal/Mild,62
4,left_subarticular_stenosis_l3_l4,Normal/Mild,Moderate,0
4,left_subarticular_stenosis_l3_l4,Normal/Mild,Severe,0
4,left_subarticular_stenosis_l3_l4,Moderate,Normal/Mild,32
4,left_subarticular_stenosis_l3_l4,Moderate,Moderate,0
4,left_subarticular_stenosis_l3_l4,Moderate,Severe,0
4,left_subarticular_stenosis_l3_l4,Severe,Normal/Mild,6
4,left_subarticular_stenosis_l3_l4,Severe,Moderate,0
4,left_subarticular_stenosis_l3_l4,Severe,Severe,0
4,left_subarticular_stenosis_l4_l5,Normal/Mild,Normal/Mild,43
4,left_subarticular_stenosis_l4_l5,Normal/Mild,Moderate,0
4,left_subarticular_stenosis_l4_l5,Normal/Mild,Severe,0
4,left_subarticular_stenosis_l4_l5,Moderate,Normal/Mild,27
4,left_subarticular_stenosis_l4_l5,Moderate,Moderate,0
4,left_subarticular_stenosis_l4_l5,Moderate,Severe,0
4,left_subarticular_stenosis_l4_l5,Severe,Normal/Mild,29
4,left_subarticular_stenosis_l4_l5,Severe,Moderate,0
4,left_subarticular_stenosis_l4_l5,Severe,Severe,0
4,left_subarticular_stenosis_l5_s1,Normal/Mild,Normal/Mild,69
4,left_subarticular_stenosis_l5_s1,Normal/Mild,Moderate,0
4,left_subarticular_stenosis_l5_s1,Normal/Mild,Severe,0
4,left_subarticular_stenosis_l5_s1,Moderate,Normal/Mild,16
4,left_subarticular_stenosis_l5_s1,Moderate,Moderate,0
4,left_subarticular_stenosis_l5_s1,Moderate,Severe,0
4,left_subarticular_stenosis_l5_s1,Severe,Normal/Mild,13
4,left_subarticular_stenosis_l5_s1,Severe,Moderate,0
4,left_subarticular_stenosis_l5_s1,Severe,Severe,0
4,right_subarticular_stenosis_l1_l2,Normal/Mild,Normal/Mild,84
4,right_subarticular_stenosis_l1_l2,Normal/Mild,Moderate,0
4,right_subarticular_stenosis_l1_l2,Normal/Mild,Severe,0
4,right_subarticular_stenosis_l1_l2,Moderate,Normal/Mild,3
4,right_subarticular_stenosis_l1_l2,Moderate,Moderate,0
4,right_subarticular_stenosis_l1_l2,Moderate,Severe,0
4,right_subarticular_stenosis_l1_l2,Severe,Normal/Mild,2
4,right_subarticular_stenosis_l1_l2,Severe,Moderate,0
4,right_subarticular_stenosis_l1_l2,Severe,Severe,0
4,right_subarticular_stenosis_l2_l3,Normal/Mild,Normal/Mild,81
4,right_subarticular_stenosis_l2_l3,Normal/Mild,Moderate,0
4,right_subarticular_stenosis_l2_l3,Normal/Mild,Severe,0
4,right_subarticular_stenosis_l2_l3,Moderate,Normal/Mild,10
4,right_subarticular_stenosis_l2_l3,Moderate,Moderate,0
4,right_subarticular_stenosis_l2_l3,Moderate,Severe,0
4,right_subarticular_stenosis_l2_l3,Severe,Normal/Mild,6
4,right_subarticular_stenosis_l2_l3,Severe,Moderate,0
4,right_subarticular_stenosis_l2_l3,Severe,Severe,0
4,right_subarticular_stenosis_l3_l4,Normal/Mild,Normal/Mild,70
4,right_subarticular_stenosis_l3_l4,Normal/Mild,Moderate,0
4,right_subarticular_stenosis_l3_l4,Normal/Mild,Severe,0
4,right_subarticular_stenosis_l3_l4,Moderate,Normal/Mild,23
4,right_subarticular_stenosis_l3_l4,Moderate,Moderate,0
4,right_subarticular_stenosis_l3_l4,Moderate,Severe,0
4,right_subarticular_stenosis_l3_l4,Severe,Normal/Mild,7
4,right_subarticular_stenosis_l3_l4,Severe,Moderate,0
4,right_subarticular_stenosis_l3_l4,Severe,Severe,0
4,right_subarticular_stenosis_l4_l5,Normal/Mild,Normal/Mild,41
4,right_subarticular_stenosis_l4_l5,Normal/Mild,Moderate,0
4,right_subarticular_stenosis_l4_l5,Normal/Mild,Severe,0
4,right_subarticular_stenosis_l4_l5,Moderate,Normal/Mild,24
4,right_subarticular_stenosis_l4_l5,Moderate,Moderate,0
4,right_subarticular_stenosis_l4_l5,Moderate,Severe,0
4,right_subarticular_stenosis_l4_l5,Severe,Normal/Mild,34
4,right_subarticular_stenosis_l4_l5,Severe,Moderate,0
4,right_subarticular_stenosis_l4_l5,Severe,Severe,0
4,right_subarticular_stenosis_l5_s1,Normal/Mild,Normal/Mild,71
4,right_subarticular_stenosis_l5_s1,Normal/Mild,Moderate,0
4,right_subarticular_stenosis_l5_s1,Normal/Mild,Severe,0
4,right_subarticular_stenosis_l5_s1,Moderate,Normal/Mild,15
4,right_subarticular_stenosis_l5_s1,Moderate,Moderate,0
4,right_subarticular_stenosis_l5_s1,Moderate,Severe,0
4,right_subarticular_stenosis_l5_s1,Severe,Normal/Mild,12
4,right_subarticular_stenosis_l5_s1,Severe,Moderate,0
4,right_subarticular_stenosis_l5_s1,Severe,Severe,0
