severity,tp,fn,fp,tn,sensitivity,specificity,fold,target
Normal/Mild,91,0,9,0,1.0,0.0,0,spinal_canal_stenosis_l1_l2
Moderate,0,3,0,97,0.0,1.0,0,spinal_canal_stenosis_l1_l2
Severe,0,6,0,94,0.0,1.0,0,spinal_canal_stenosis_l1_l2
Normal/Mild,91,0,9,0,1.0,0.0,0,spinal_canal_stenosis_l2_l3
Moderate,0,3,0,97,0.0,1.0,0,spinal_canal_stenosis_l2_l3
Severe,0,6,0,94,0.0,1.0,0,spinal_canal_stenosis_l2_l3
Normal/Mild,79,0,21,0,1.0,0.0,0,spinal_canal_stenosis_l3_l4
Moderate,0,14,0,86,0.0,1.0,0,spinal_canal_stenosis_l3_l4
Severe,0,7,0,93,0.0,1.0,0,spinal_canal_stenosis_l3_l4
Normal/Mild,73,0,27,0,1.0,0.0,0,spinal_canal_stenosis_l4_l5
Moderate,0,15,0,85,0.0,1.0,0,spinal_canal_stenosis_l4_l5
Severe,0,12,0,88,0.0,1.0,0,spinal_canal_stenosis_l4_l5
Normal/Mild,93,0,7,0,1.0,0.0,0,spinal_canal_stenosis_l5_s1
Moderate,0,3,0,97,0.0,1.0,0,spinal_canal_stenosis_l5_s1
Severe,0,4,0,96,0.0,1.0,0,spinal_canal_stenosis_l5_s1
Normal/Mild,93,0,7,0,1.0,0.0,0,left_neural_foraminal_narrowing_l1_l2
Moderate,0,7,0,93,0.0,1.0,0,left_neural_foraminal_narrowing_l1_l2
Severe,0,0,0,100,,1.0,0,left_neural_foraminal_narrowing_l1_l2
Normal/Mild,89,0,11,0,1.0,0.0,0,left_neural_foraminal_narrowing_l2_l3
Moderate,0,10,0,90,0.0,1.0,0,left_neural_foraminal_narrowing_l2_l3
Severe,0,1,0,99,0.0,1.0,0,left_neural_foraminal_narrowing_l2_l3
Normal/Mild,68,0,32,0,1.0,0.0,0,left_neural_foraminal_narrowing_l3_l4
Moderate,0,30,0,70,0.0,1.0,0,left_neural_foraminal_narrowing_l3_l4
Severe,0,2,0,98,0.0,1.0,0,left_neural_foraminal_narrowing_l3_l4
Normal/Mild,58,0,42,0,1.0,0.0,0,left_neural_foraminal_narrowing_l4_l5
Moderate,0,34,0,66,0.0,1.0,0,left_neural_foraminal_narrowing_l4_l5
Severe,0,8,0,92,0.0,1.0,0,left_neural_foraminal_narrowing_l4_l5
Normal/Mild,66,0,34,0,1.0,0.0,0,left_neural_foraminal_narrowing_l5_s1
Moderate,0,25,0,75,0.0,1.0,0,left_neural_foraminal_narrowing_l5_s1
Severe,0,9,0,91,0.0,1.0,0,left_neural_foraminal_narrowing_l5_s1
Normal/Mild,92,0,8,0,1.0,0.0,0,right_neural_foraminal_narrowing_l1_l2
Moderate,0,4,0,96,0.0,1.0,0,right_neural_foraminal_narrowing_l1_l2
Severe,0,4,0,96,0.0,1.0,0,right_neural_foraminal_narrowing_l1_l2
Normal/Mild,89,0,11,0,1.0,0.0,0,right_neural_foraminal_narrowing_l2_l3
Moderate,0,10,0,90,0.0,1.0,0,right_neural_foraminal_narrowing_l2_l3
Severe,0,1,0,99,0.0,1.0,0,right_neural_foraminal_narrowing_l2_l3
Normal/Mild,72,0,28,0,1.0,0.0,0,right_neural_foraminal_narrowing_l3_l4
Moderate,0,27,0,73,0.0,1.0,0,right_neural_foraminal_narrowing_l3_l4
Severe,0,1,0,99,0.0,1.0,0,right_neural_foraminal_narrowing_l3_l4
Normal/Mild,63,0,37,0,1.0,0.0,0,right_neural_foraminal_narrowing_l4_l5
Moderate,0,29,0,71,0.0,1.0,0,right_neural_foraminal_narrowing_l4_l5
Severe,0,8,0,92,0.0,1.0,0,right_neural_foraminal_narrowing_l4_l5
Normal/Mild,66,0,34,0,1.0,0.0,0,right_neural_foraminal_narrowing_l5_s1
Moderate,0,16,0,84,0.0,1.0,0,right_neural_foraminal_narrowing_l5_s1
Severe,0,18,0,82,0.0,1.0,0,right_neural_foraminal_narrowing_l5_s1
Normal/Mild,86,0,11,0,1.0,0.0,0,left_subarticular_stenosis_l1_l2
Moderate,0,6,0,91,0.0,1.0,0,left_subarticular_stenosis_l1_l2
Severe,0,5,0,92,0.0,1.0,0,left_subarticular_stenosis_l1_l2
Normal/Mild,78,0,20,0,1.0,0.0,0,left_subarticular_stenosis_l2_l3
Moderate,0,15,0,83,0.0,1.0,0,left_subarticular_stenosis_l2_l3
Severe,0,5,0,93,0.0,1.0,0,left_subarticular_stenosis_l2_l3
Normal/Mild,63,0,37,0,1.0,0.0,0,left_subarticular_stenosis_l3_l4
Moderate,0,27,0,73,0.0,1.0,0,left_subarticular_stenosis_l3_l4
Severe,0,10,0,90,0.0,1.0,0,left_subarticular_stenosis_l3_l4
Normal/Mild,35,0,65,0,1.0,0.0,0,left_subarticular_stenosis_l4_l5
Moderate,0,35,0,65,0.0,1.0,0,left_subarticular_stenosis_l4_l5
Severe,0,30,0,70,0.0,1.0,0,left_subarticular_stenosis_l4_l5
Normal/Mild,66,0,32,0,1.0,0.0,0,left_subarticular_stenosis_l5_s1
Moderate,0,21,0,77,0.0,1.0,0,left_subarticular_stenosis_l5_s1
Severe,0,11,0,87,0.0,1.0,0,left_subarticular_stenosis_l5_s1
Normal/Mild,87,0,10,0,1.0,0.0,0,right_subarticular_stenosis_l1_l2
Moderate,0,7,0,90,0.0,1.0,0,right_subarticular_stenosis_l1_l2
Severe,0,3,0,94,0.0,1.0,0,right_subarticular_stenosis_l1_l2
Normal/Mild,82,0,16,0,1.0,0.0,0,right_subarticular_stenosis_l2_l3
Moderate,0,13,0,85,0.0,1.0,0,right_subarticular_stenosis_l2_l3
Severe,0,3,0,95,0.0,1.0,0,right_subarticular_stenosis_l2_l3
Normal/Mild,66,0,34,0,1.0,0.0,0,right_subarticular_stenosis_l3_l4
Moderate,0,23,0,77,0.0,1.0,0,right_subarticular_stenosis_l3_l4
Severe,0,11,0,89,0.0,1.0,0,right_subarticular_stenosis_l3_l4
Normal/Mild,44,0,56,0,1.0,0.0,0,right_subarticular_stenosis_l4_l5
Moderate,0,33,0,67,0.0,1.0,0,right_subarticular_stenosis_l4_l5
Severe,0,23,0,77,0.0,1.0,0,right_subarticular_stenosis_l4_l5
Normal/Mild,71,0,28,0,1.0,0.0,0,right_subarticular_stenosis_l5_s1
Moderate,0,21,0,78,0.0,1.0,0,right_subarticular_stenosis_l5_s1
Severe,0,7,0,92,0.0,1.0,0,right_subarticular_stenosis_l5_s1
Normal/Mild,97,0,3,0,1.0,0.0,1,spinal_canal_stenosis_l1_l2
Moderate,0,3,0,97,0.0,1.0,1,spinal_canal_stenosis_l1_l2
Severe,0,0,0,100,,1.0,1,spinal_canal_stenosis_l1_l2
Normal/Mild,93,0,7,0,1.0,0.0,1,spinal_canal_stenosis_l2_l3
Moderate,0,6,0,94,0.0,1.0,1,spinal_canal_stenosis_l2_l3
Severe,0,1,0,99,0.0,1.0,1,spinal_canal_stenosis_l2_l3
Normal/Mild,84,0,16,0,1.0,0.0,1,spinal_canal_stenosis_l3_l4
Moderate,0,9,0,91,0.0,1.0,1,spinal_canal_stenosis_l3_l4
Severe,0,7,0,93,0.0,1.0,1,spinal_canal_stenosis_l3_l4
Normal/Mild,75,0,25,0,1.0,0.0,1,spinal_canal_stenosis_l4_l5
Moderate,0,9,0,91,0.0,1.0,1,spinal_canal_stenosis_l4_l5
Severe,0,16,0,84,0.0,1.0,1,spinal_canal_stenosis_l4_l5
Normal/Mild,94,0,6,0,1.0,0.0,1,spinal_canal_stenosis_l5_s1
Moderate,0,2,0,98,0.0,1.0,1,spinal_canal_stenosis_l5_s1
Severe,0,4,0,96,0.0,1.0,1,spinal_canal_stenosis_l5_s1
Normal/Mild,95,0,5,0,1.0,0.0,1,left_neural_foraminal_narrowing_l1_l2
Moderate,0,4,0,96,0.0,1.0,1,left_neural_foraminal_narrowing_l1_l2
Severe,0,1,0,99,0.0,1.0,1,left_neural_foraminal_narrowing_l1_l2
Normal/Mild,86,0,14,0,1.0,0.0,1,left_neural_foraminal_narrowing_l2_l3
Moderate,0,12,0,88,0.0,1.0,1,left_neural_foraminal_narrowing_l2_l3
Severe,0,2,0,98,0.0,1.0,1,left_neural_foraminal_narrowing_l2_l3
Normal/Mild,74,0,26,0,1.0,0.0,1,left_neural_foraminal_narrowing_l3_l4
Moderate,0,23,0,77,0.0,1.0,1,left_neural_foraminal_narrowing_l3_l4
Severe,0,3,0,97,0.0,1.0,1,left_neural_foraminal_narrowing_l3_l4
Normal/Mild,55,0,45,0,1.0,0.0,1,left_neural_foraminal_narrowing_l4_l5
Moderate,0,34,0,66,0.0,1.0,1,left_neural_foraminal_narrowing_l4_l5
Severe,0,11,0,89,0.0,1.0,1,left_neural_foraminal_narrowing_l4_l5
Normal/Mild,59,0,41,0,1.0,0.0,1,left_neural_foraminal_narrowing_l5_s1
Moderate,0,27,0,73,0.0,1.0,1,left_neural_foraminal_narrowing_l5_s1
Severe,0,14,0,86,0.0,1.0,1,left_neural_foraminal_narrowing_l5_s1
Normal/Mild,96,0,4,0,1.0,0.0,1,right_neural_foraminal_narrowing_l1_l2
Moderate,0,2,0,98,0.0,1.0,1,right_neural_foraminal_narrowing_l1_l2
Severe,0,2,0,98,0.0,1.0,1,right_neural_foraminal_narrowing_l1_l2
Normal/Mild,91,0,9,0,1.0,0.0,1,right_neural_foraminal_narrowing_l2_l3
Moderate,0,8,0,92,0.0,1.0,1,right_neural_foraminal_narrowing_l2_l3
Severe,0,1,0,99,0.0,1.0,1,right_neural_foraminal_narrowing_l2_l3
Normal/Mild,75,0,25,0,1.0,0.0,1,right_neural_foraminal_narrowing_l3_l4
Moderate,0,20,0,80,0.0,1.0,1,right_neural_foraminal_narrowing_l3_l4
Severe,0,5,0,95,0.0,1.0,1,right_neural_foraminal_narrowing_l3_l4
Normal/Mild,59,0,41,0,1.0,0.0,1,right_neural_foraminal_narrowing_l4_l5
Moderate,0,32,0,68,0.0,1.0,1,right_neural_foraminal_narrowing_l4_l5
Severe,0,9,0,91,0.0,1.0,1,right_neural_foraminal_narrowing_l4_l5
Normal/Mild,63,0,37,0,1.0,0.0,1,right_neural_foraminal_narrowing_l5_s1
Moderate,0,23,0,77,0.0,1.0,1,right_neural_foraminal_narrowing_l5_s1
Severe,0,14,0,86,0.0,1.0,1,right_neural_foraminal_narrowing_l5_s1
Normal/Mild,93,0,5,0,1.0,0.0,1,left_subarticular_stenosis_l1_l2
Moderate,0,4,0,94,0.0,1.0,1,left_subarticular_stenosis_l1_l2
Severe,0,1,0,97,0.0,1.0,1,left_subarticular_stenosis_l1_l2
Normal/Mild,81,0,18,0,1.0,0.0,1,left_subarticular_stenosis_l2_l3
Moderate,0,16,0,83,0.0,1.0,1,left_subarticular_stenosis_l2_l3
Severe,0,2,0,97,0.0,1.0,1,left_subarticular_stenosis_l2_l3
Normal/Mild,69,0,31,0,1.0,0.0,1,left_subarticular_stenosis_l3_l4
Moderate,0,25,0,75,0.0,1.0,1,left_subarticular_stenosis_l3_l4
Severe,0,6,0,94,0.0,1.0,1,left_subarticular_stenosis_l3_l4
Normal/Mild,45,0,55,0,1.0,0.0,1,left_subarticular_stenosis_l4_l5
Moderate,0,33,0,67,0.0,1.0,1,left_subarticular_stenosis_l4_l5
Severe,0,22,0,78,0.0,1.0,1,left_subarticular_stenosis_l4_l5
Normal/Mild,67,0,31,0,1.0,0.0,1,left_subarticular_stenosis_l5_s1
Moderate,0,22,0,76,0.0,1.0,1,left_subarticular_stenosis_l5_s1
Severe,0,9,0,89,0.0,1.0,1,left_subarticular_stenosis_l5_s1
Normal/Mild,95,0,3,0,1.0,0.0,1,right_subarticular_stenosis_l1_l2
Moderate,0,2,0,96,0.0,1.0,1,right_subarticular_stenosis_l1_l2
Severe,0,1,0,97,0.0,1.0,1,right_subarticular_stenosis_l1_l2
Normal/Mild,80,0,19,0,1.0,0.0,1,right_subarticular_stenosis_l2_l3
Moderate,0,16,0,83,0.0,1.0,1,right_subarticular_stenosis_l2_l3
Severe,0,3,0,96,0.0,1.0,1,right_subarticular_stenosis_l2_l3
Normal/Mild,63,0,37,0,1.0,0.0,1,right_subarticular_stenosis_l3_l4
Moderate,0,28,0,72,0.0,1.0,1,right_subarticular_stenosis_l3_l4
Severe,0,9,0,91,0.0,1.0,1,right_subarticular_stenosis_l3_l4
Normal/Mild,41,0,59,0,1.0,0.0,1,right_subarticular_stenosis_l4_l5
Moderate,0,33,0,67,0.0,1.0,1,right_subarticular_stenosis_l4_l5
Severe,0,26,0,74,0.0,1.0,1,right_subarticular_stenosis_l4_l5
Normal/Mild,68,0,31,0,1.0,0.0,1,right_subarticular_stenosis_l5_s1
Moderate,0,19,0,80,0.0,1.0,1,right_subarticular_stenosis_l5_s1
Severe,0,12,0,87,0.0,1.0,1,right_subarticular_stenosis_l5_s1
Normal/Mild,92,0,8,0,1.0,0.0,2,spinal_canal_stenosis_l1_l2
Moderate,0,6,0,94,0.0,1.0,2,spinal_canal_stenosis_l1_l2
Severe,0,2,0,98,0.0,1.0,2,spinal_canal_stenosis_l1_l2
Normal/Mild,85,0,15,0,1.0,0.0,2,spinal_canal_stenosis_l2_l3
Moderate,0,11,0,89,0.0,1.0,2,spinal_canal_stenosis_l2_l3
Severe,0,4,0,96,0.0,1.0,2,spinal_canal_stenosis_l2_l3
Normal/Mild,81,0,19,0,1.0,0.0,2,spinal_canal_stenosis_l3_l4
Moderate,0,9,0,91,0.0,1.0,2,spinal_canal_stenosis_l3_l4
Severe,0,10,0,90,0.0,1.0,2,spinal_canal_stenosis_l3_l4
Normal/Mild,74,0,26,0,1.0,0.0,2,spinal_canal_stenosis_l4_l5
Moderate,0,16,0,84,0.0,1.0,2,spinal_canal_stenosis_l4_l5
Severe,0,10,0,90,0.0,1.0,2,spinal_canal_stenosis_l4_l5
Normal/Mild,96,0,4,0,1.0,0.0,2,spinal_canal_stenosis_l5_s1
Moderate,0,2,0,98,0.0,1.0,2,spinal_canal_stenosis_l5_s1
Severe,0,2,0,98,0.0,1.0,2,spinal_canal_stenosis_l5_s1
Normal/Mild,97,0,3,0,1.0,0.0,2,left_neural_foraminal_narrowing_l1_l2
Moderate,0,2,0,98,0.0,1.0,2,left_neural_foraminal_narrowing_l1_l2
Severe,0,1,0,99,0.0,1.0,2,left_neural_foraminal_narrowing_l1_l2
Normal/Mild,82,0,18,0,1.0,0.0,2,left_neural_foraminal_narrowing_l2_l3
Moderate,0,17,0,83,0.0,1.0,2,left_neural_foraminal_narrowing_l2_l3
Severe,0,1,0,99,0.0,1.0,2,left_neural_foraminal_narrowing_l2_l3
Normal/Mild,70,0,30,0,1.0,0.0,2,left_neural_foraminal_narrowing_l3_l4
Moderate,0,25,0,75,0.0,1.0,2,left_neural_foraminal_narrowing_l3_l4
Severe,0,5,0,95,0.0,1.0,2,left_neural_foraminal_narrowing_l3_l4
Normal/Mild,58,0,42,0,1.0,0.0,2,left_neural_foraminal_narrowing_l4_l5
Moderate,0,34,0,66,0.0,1.0,2,left_neural_foraminal_narrowing_l4_l5
Severe,0,8,0,92,0.0,1.0,2,left_neural_foraminal_narrowing_l4_l5
Normal/Mild,61,0,39,0,1.0,0.0,2,left_neural_foraminal_narrowing_l5_s1
Moderate,0,24,0,76,0.0,1.0,2,left_neural_foraminal_narrowing_l5_s1
Severe,0,15,0,85,0.0,1.0,2,left_neural_foraminal_narrowing_l5_s1
Normal/Mild,89,0,10,0,1.0,0.0,2,right_neural_foraminal_narrowing_l1_l2
Moderate,0,7,0,92,0.0,1.0,2,right_neural_foraminal_narrowing_l1_l2
Severe,0,3,0,96,0.0,1.0,2,right_neural_foraminal_narrowing_l1_l2
Normal/Mild,83,0,16,0,1.0,0.0,2,right_neural_foraminal_narrowing_l2_l3
Moderate,0,13,0,86,0.0,1.0,2,right_neural_foraminal_narrowing_l2_l3
Severe,0,3,0,96,0.0,1.0,2,right_neural_foraminal_narrowing_l2_l3
Normal/Mild,73,0,26,0,1.0,0.0,2,right_neural_foraminal_narrowing_l3_l4
Moderate,0,23,0,76,0.0,1.0,2,right_neural_foraminal_narrowing_l3_l4
Severe,0,3,0,96,0.0,1.0,2,right_neural_foraminal_narrowing_l3_l4
Normal/Mild,62,0,37,0,1.0,0.0,2,right_neural_foraminal_narrowing_l4_l5
Moderate,0,32,0,67,0.0,1.0,2,right_neural_foraminal_narrowing_l4_l5
Severe,0,5,0,94,0.0,1.0,2,right_neural_foraminal_narrowing_l4_l5
Normal/Mild,63,0,36,0,1.0,0.0,2,right_neural_foraminal_narrowing_l5_s1
Moderate,0,24,0,75,0.0,1.0,2,right_neural_foraminal_narrowing_l5_s1
Severe,0,12,0,87,0.0,1.0,2,right_neural_foraminal_narrowing_l5_s1
Normal/Mild,79,0,9,0,1.0,0.0,2,left_subarticular_stenosis_l1_l2
Moderate,0,9,0,79,0.0,1.0,2,left_subarticular_stenosis_l1_l2
Severe,0,0,0,88,,1.0,2,left_subarticular_stenosis_l1_l2
Normal/Mild,65,0,29,0,1.0,0.0,2,left_subarticular_stenosis_l2_l3
Moderate,0,21,0,73,0.0,1.0,2,left_subarticular_stenosis_l2_l3
Severe,0,8,0,86,0.0,1.0,2,left_subarticular_stenosis_l2_l3
Normal/Mild,59,0,41,0,1.0,0.0,2,left_subarticular_stenosis_l3_l4
Moderate,0,26,0,74,0.0,1.0,2,left_subarticular_stenosis_l3_l4
Severe,0,15,0,85,0.0,1.0,2,left_subarticular_stenosis_l3_l4
Normal/Mild,43,0,57,0,1.0,0.0,2,left_subarticular_stenosis_l4_l5
Moderate,0,27,0,73,0.0,1.0,2,left_subarticular_stenosis_l4_l5
Severe,0,30,0,70,0.0,1.0,2,left_subarticular_stenosis_l4_l5
Normal/Mild,64,0,35,0,1.0,0.0,2,left_subarticular_stenosis_l5_s1
Moderate,0,19,0,80,0.0,1.0,2,left_subarticular_stenosis_l5_s1
Severe,0,16,0,83,0.0,1.0,2,left_subarticular_stenosis_l5_s1
Normal/Mild,77,0,11,0,1.0,0.0,2,right_subarticular_stenosis_l1_l2
Moderate,0,8,0,80,0.0,1.0,2,right_subarticular_stenosis_l1_l2
Severe,0,3,0,85,0.0,1.0,2,right_subarticular_stenosis_l1_l2
Normal/Mild,69,0,24,0,1.0,0.0,2,right_subarticular_stenosis_l2_l3
Moderate,0,16,0,77,0.0,1.0,2,right_subarticular_stenosis_l2_l3
Severe,0,8,0,85,0.0,1.0,2,right_subarticular_stenosis_l2_l3
Normal/Mild,60,0,40,0,1.0,0.0,2,right_subarticular_stenosis_l3_l4
Moderate,0,28,0,72,0.0,1.0,2,right_subarticular_stenosis_l3_l4
Severe,0,12,0,88,0.0,1.0,2,right_subarticular_stenosis_l3_l4
Normal/Mild,42,0,58,0,1.0,0.0,2,right_subarticular_stenosis_l4_l5
Moderate,0,39,0,61,0.0,1.0,2,right_subarticular_stenosis_l4_l5
Severe,0,19,0,81,0.0,1.0,2,right_subarticular_stenosis_l4_l5
Normal/Mild,66,0,34,0,1.0,0.0,2,right_subarticular_stenosis_l5_s1
Moderate,0,26,0,74,0.0,1.0,2,right_subarticular_stenosis_l5_s1
Severe,0,8,0,92,0.0,1.0,2,right_subarticular_stenosis_l5_s1
Normal/Mild,95,0,5,0,1.0,0.0,3,spinal_canal_stenosis_l1_l2
Moderate,0,5,0,95,0.0,1.0,3,spinal_canal_stenosis_l1_l2
Severe,0,0,0,100,,1.0,3,spinal_canal_stenosis_l1_l2
Normal/Mild,88,0,12,0,1.0,0.0,3,spinal_canal_stenosis_l2_l3
Moderate,0,6,0,94,0.0,1.0,3,spinal_canal_stenosis_l2_l3
Severe,0,6,0,94,0.0,1.0,3,spinal_canal_stenosis_l2_l3
Normal/Mild,82,0,18,0,1.0,0.0,3,spinal_canal_stenosis_l3_l4
Moderate,0,10,0,90,0.0,1.0,3,spinal_canal_stenosis_l3_l4
Severe,0,8,0,92,0.0,1.0,3,spinal_canal_stenosis_l3_l4
Normal/Mild,68,0,32,0,1.0,0.0,3,spinal_canal_stenosis_l4_l5
Moderate,0,14,0,86,0.0,1.0,3,spinal_canal_stenosis_l4_l5
Severe,0,18,0,82,0.0,1.0,3,spinal_canal_stenosis_l4_l5
Normal/Mild,94,0,6,0,1.0,0.0,3,spinal_canal_stenosis_l5_s1
Moderate,0,3,0,97,0.0,1.0,3,spinal_canal_stenosis_l5_s1
Severe,0,3,0,97,0.0,1.0,3,spinal_canal_stenosis_l5_s1
Normal/Mild,95,0,5,0,1.0,0.0,3,left_neural_foraminal_narrowing_l1_l2
Moderate,0,5,0,95,0.0,1.0,3,left_neural_foraminal_narrowing_l1_l2
Severe,0,0,0,100,,1.0,3,left_neural_foraminal_narrowing_l1_l2
Normal/Mild,86,0,14,0,1.0,0.0,3,left_neural_foraminal_narrowing_l2_l3
Moderate,0,9,0,91,0.0,1.0,3,left_neural_foraminal_narrowing_l2_l3
Severe,0,5,0,95,0.0,1.0,3,left_neural_foraminal_narrowing_l2_l3
Normal/Mild,80,0,20,0,1.0,0.0,3,left_neural_foraminal_narrowing_l3_l4
Moderate,0,16,0,84,0.0,1.0,3,left_neural_foraminal_narrowing_l3_l4
Severe,0,4,0,96,0.0,1.0,3,left_neural_foraminal_narrowing_l3_l4
Normal/Mild,61,0,39,0,1.0,0.0,3,left_neural_foraminal_narrowing_l4_l5
Moderate,0,31,0,69,0.0,1.0,3,left_neural_foraminal_narrowing_l4_l5
Severe,0,8,0,92,0.0,1.0,3,left_neural_foraminal_narrowing_l4_l5
Normal/Mild,56,0,44,0,1.0,0.0,3,left_neural_foraminal_narrowing_l5_s1
Moderate,0,31,0,69,0.0,1.0,3,left_neural_foraminal_narrowing_l5_s1
Severe,0,13,0,87,0.0,1.0,3,left_neural_foraminal_narrowing_l5_s1
Normal/Mild,97,0,3,0,1.0,0.0,3,right_neural_foraminal_narrowing_l1_l2
Moderate,0,2,0,98,0.0,1.0,3,right_neural_foraminal_narrowing_l1_l2
Severe,0,1,0,99,0.0,1.0,3,right_neural_foraminal_narrowing_l1_l2
Normal/Mild,89,0,11,0,1.0,0.0,3,right_neural_foraminal_narrowing_l2_l3
Moderate,0,10,0,90,0.0,1.0,3,right_neural_foraminal_narrowing_l2_l3
Severe,0,1,0,99,0.0,1.0,3,right_neural_foraminal_narrowing_l2_l3
Normal/Mild,77,0,23,0,1.0,0.0,3,right_neural_foraminal_narrowing_l3_l4
Moderate,0,22,0,78,0.0,1.0,3,right_neural_foraminal_narrowing_l3_l4
Severe,0,1,0,99,0.0,1.0,3,right_neural_foraminal_narrowing_l3_l4
Normal/Mild,62,0,38,0,1.0,0.0,3,right_neural_foraminal_narrowing_l4_l5
Moderate,0,33,0,67,0.0,1.0,3,right_neural_foraminal_narrowing_l4_l5
Severe,0,5,0,95,0.0,1.0,3,right_neural_foraminal_narrowing_l4_l5
Normal/Mild,67,0,33,0,1.0,0.0,3,right_neural_foraminal_narrowing_l5_s1
Moderate,0,21,0,79,0.0,1.0,3,right_neural_foraminal_narrowing_l5_s1
Severe,0,12,0,88,0.0,1.0,3,right_neural_foraminal_narrowing_l5_s1
Normal/Mild,87,0,8,0,1.0,0.0,3,left_subarticular_stenosis_l1_l2
Moderate,0,6,0,89,0.0,1.0,3,left_subarticular_stenosis_l1_l2
Severe,0,2,0,93,0.0,1.0,3,left_subarticular_stenosis_l1_l2
Normal/Mild,79,0,19,0,1.0,0.0,3,left_subarticular_stenosis_l2_l3
Moderate,0,13,0,85,0.0,1.0,3,left_subarticular_stenosis_l2_l3
Severe,0,6,0,92,0.0,1.0,3,left_subarticular_stenosis_l2_l3
Normal/Mild,70,0,30,0,1.0,0.0,3,left_subarticular_stenosis_l3_l4
Moderate,0,16,0,84,0.0,1.0,3,left_subarticular_stenosis_l3_l4
Severe,0,14,0,86,0.0,1.0,3,left_subarticular_stenosis_l3_l4
Normal/Mild,38,0,62,0,1.0,0.0,3,left_subarticular_stenosis_l4_l5
Moderate,0,31,0,69,0.0,1.0,3,left_subarticular_stenosis_l4_l5
Severe,0,31,0,69,0.0,1.0,3,left_subarticular_stenosis_l4_l5
Normal/Mild,73,0,27,0,1.0,0.0,3,left_subarticular_stenosis_l5_s1
Moderate,0,21,0,79,0.0,1.0,3,left_subarticular_stenosis_l5_s1
Severe,0,6,0,94,0.0,1.0,3,left_subarticular_stenosis_l5_s1
Normal/Mild,89,0,6,0,1.0,0.0,3,right_subarticular_stenosis_l1_l2
Moderate,0,5,0,90,0.0,1.0,3,right_subarticular_stenosis_l1_l2
Severe,0,1,0,94,0.0,1.0,3,right_subarticular_stenosis_l1_l2
Normal/Mild,81,0,17,0,1.0,0.0,3,right_subarticular_stenosis_l2_l3
Moderate,0,11,0,87,0.0,1.0,3,right_subarticular_stenosis_l2_l3
Severe,0,6,0,92,0.0,1.0,3,right_subarticular_stenosis_l2_l3
Normal/Mild,73,0,27,0,1.0,0.0,3,right_subarticular_stenosis_l3_l4
Moderate,0,21,0,79,0.0,1.0,3,right_subarticular_stenosis_l3_l4
Severe,0,6,0,94,0.0,1.0,3,right_subarticular_stenosis_l3_l4
Normal/Mild,46,0,54,0,1.0,0.0,3,right_subarticular_stenosis_l4_l5
Moderate,0,28,0,72,0.0,1.0,3,right_subarticular_stenosis_l4_l5
Severe,0,26,0,74,0.0,1.0,3,right_subarticular_stenosis_l4_l5
Normal/Mild,76,0,24,0,1.0,0.0,3,right_subarticular_stenosis_l5_s1
Moderate,0,12,0,88,0.0,1.0,3,right_subarticular_stenosis_l5_s1
Severe,0,12,0,88,0.0,1.0,3,right_subarticular_stenosis_l5_s1
Normal/Mild,97,0,3,0,1.0,0.0,4,spinal_canal_stenosis_l1_l2
Moderate,0,3,0,97,0.0,1.0,4,spinal_canal_stenosis_l1_l2
Severe,0,0,0,100,,1.0,4,spinal_canal_stenosis_l1_l2
Normal/Mild,89,0,11,0,1.0,0.0,4,spinal_canal_stenosis_l2_l3
Moderate,0,9,0,91,0.0,1.0,4,spinal_canal_stenosis_l2_l3
Severe,0,2,0,98,0.0,1.0,4,spinal_canal_stenosis_l2_l3
Normal/Mild,84,0,16,0,1.0,0.0,4,spinal_canal_stenosis_l3_l4
Moderate,0,11,0,89,0.0,1.0,4,spinal_canal_stenosis_l3_l4
Severe,0,5,0,95,0.0,1.0,4,spinal_canal_stenosis_l3_l4
Normal/Mild,70,0,30,0,1.0,0.0,4,spinal_canal_stenosis_l4_l5
Moderate,0,11,0,89,0.0,1.0,4,spinal_canal_stenosis_l4_l5
Severe,0,19,0,81,0.0,1.0,4,spinal_canal_stenosis_l4_l5
Normal/Mild,90,0,10,0,1.0,0.0,4,spinal_canal_stenosis_l5_s1
Moderate,0,4,0,96,0.0,1.0,4,spinal_canal_stenosis_l5_s1
Severe,0,6,0,94,0.0,1.0,4,spinal_canal_stenosis_l5_s1
Normal/Mild,99,0,1,0,1.0,0.0,4,left_neural_foraminal_narrowing_l1_l2
Moderate,0,1,0,99,0.0,1.0,4,left_neural_foraminal_narrowing_l1_l2
Severe,0,0,0,100,,1.0,4,left_neural_foraminal_narrowing_l1_l2
Normal/Mild,90,0,10,0,1.0,0.0,4,left_neural_foraminal_narrowing_l2_l3
Moderate,0,9,0,91,0.0,1.0,4,left_neural_foraminal_narrowing_l2_l3
Severe,0,1,0,99,0.0,1.0,4,left_neural_foraminal_narrowing_l2_l3
Normal/Mild,82,0,18,0,1.0,0.0,4,left_neural_foraminal_narrowing_l3_l4
Moderate,0,17,0,83,0.0,1.0,4,left_neural_foraminal_narrowing_l3_l4
Severe,0,1,0,99,0.0,1.0,4,left_neural_foraminal_narrowing_l3_l4
Normal/Mild,61,0,39,0,1.0,0.0,4,left_neural_foraminal_narrowing_l4_l5
Moderate,0,34,0,66,0.0,1.0,4,left_neural_foraminal_narrowing_l4_l5
Severe,0,5,0,95,0.0,1.0,4,left_neural_foraminal_narrowing_l4_l5
Normal/Mild,67,0,33,0,1.0,0.0,4,left_neural_foraminal_narrowing_l5_s1
Moderate,0,23,0,77,0.0,1.0,4,left_neural_foraminal_narrowing_l5_s1
Severe,0,10,0,90,0.0,1.0,4,left_neural_foraminal_narrowing_l5_s1
Normal/Mild,94,0,6,0,1.0,0.0,4,right_neural_foraminal_narrowing_l1_l2
Moderate,0,3,0,97,0.0,1.0,4,right_neural_foraminal_narrowing_l1_l2
Severe,0,3,0,97,0.0,1.0,4,right_neural_foraminal_narrowing_l1_l2
Normal/Mild,90,0,10,0,1.0,0.0,4,right_neural_foraminal_narrowing_l2_l3
Moderate,0,10,0,90,0.0,1.0,4,right_neural_foraminal_narrowing_l2_l3
Severe,0,0,0,100,,1.0,4,right_neural_foraminal_narrowing_l2_l3
Normal/Mild,74,0,26,0,1.0,0.0,4,right_neural_foraminal_narrowing_l3_l4
Moderate,0,24,0,76,0.0,1.0,4,right_neural_foraminal_narrowing_l3_l4
Severe,0,2,0,98,0.0,1.0,4,right_neural_foraminal_narrowing_l3_l4
Normal/Mild,63,0,37,0,1.0,0.0,4,right_neural_foraminal_narrowing_l4_l5
Moderate,0,27,0,73,0.0,1.0,4,right_neural_foraminal_narrowing_l4_l5
Severe,0,10,0,90,0.0,1.0,4,right_neural_foraminal_narrowing_l4_l5
Normal/Mild,63,0,37,0,1.0,0.0,4,right_neural_foraminal_narrowing_l5_s1
Moderate,0,27,0,73,0.0,1.0,4,right_neural_foraminal_narrowing_l5_s1
Severe,0,10,0,90,0.0,1.0,4,right_neural_foraminal_narrowing_l5_s1
Normal/Mild,82,0,7,0,1.0,0.0,4,left_subarticular_stenosis_l1_l2
Moderate,0,6,0,83,0.0,1.0,4,left_subarticular_stenosis_l1_l2
Severe,0,1,0,88,0.0,1.0,4,left_subarticular_stenosis_l1_l2
Normal/Mild,83,0,14,0,1.0,0.0,4,left_subarticular_stenosis_l2_l3
Moderate,0,8,0,89,0.0,1.0,4,left_subarticular_stenosis_l2_l3
Severe,0,6,0,91,0.0,1.0,4,left_subarticular_stenosis_l2_l3
Normal/Mild,62,0,38,0,1.0,0.0,4,left_subarticular_stenosis_l3_l4
Moderate,0,32,0,68,0.0,1.0,4,left_subarticular_stenosis_l3_l4
Severe,0,6,0,94,0.0,1.0,4,left_subarticular_stenosis_l3_l4
Normal/Mild,43,0,56,0,1.0,0.0,4,left_subarticular_stenosis_l4_l5
Moderate,0,27,0,72,0.0,1.0,4,left_subarticular_stenosis_l4_l5
Severe,0,29,0,70,0.0,1.0,4,left_subarticular_stenosis_l4_l5
Normal/Mild,69,0,29,0,1.0,0.0,4,left_subarticular_stenosis_l5_s1
Moderate,0,16,0,82,0.0,1.0,4,left_subarticular_stenosis_l5_s1
Severe,0,13,0,85,0.0,1.0,4,left_subarticular_stenosis_l5_s1
Normal/Mild,84,0,5,0,1.0,0.0,4,right_subarticular_stenosis_l1_l2
Moderate,0,3,0,86,0.0,1.0,4,right_subarticular_stenosis_l1_l2
Severe,0,2,0,87,0.0,1.0,4,right_subarticular_stenosis_l1_l2
Normal/Mild,81,0,16,0,1.0,0.0,4,right_subarticular_stenosis_l2_l3
Moderate,0,10,0,87,0.0,1.0,4,right_subarticular_stenosis_l2_l3
Severe,0,6,0,91,0.0,1.0,4,right_subarticular_stenosis_l2_l3
Normal/Mild,70,0,30,0,1.0,0.0,4,right_subarticular_stenosis_l3_l4
Moderate,0,23,0,77,0.0,1.0,4,right_subarticular_stenosis_l3_l4
Severe,0,7,0,93,0.0,1.0,4,right_subarticular_stenosis_l3_l4
Normal/Mild,41,0,58,0,1.0,0.0,4,right_subarticular_stenosis_l4_l5
Moderate,0,24,0,75,0.0,1.0,4,right_subarticular_stenosis_l4_l5
Severe,0,34,0,65,0.0,1.0,4,right_subarticular_stenosis_l4_l5
Normal/Mild,71,0,27,0,1.0,0.0,4,right_subarticular_stenosis_l5_s1
Moderate,0,15,0,83,0.0,1.0,4,right_subarticular_stenosis_l5_s1
Severe,0,12,0,86,0.0,1.0,4,right_subarticular_stenosis_l5_s1
