fold,target,severity,train_count,train_probability
0,spinal_canal_stenosis_l1_l2,Normal/Mild,381,0.9525
0,spinal_canal_stenosis_l1_l2,Moderate,17,0.0425
0,spinal_canal_stenosis_l1_l2,Severe,2,0.005
0,spinal_canal_stenosis_l2_l3,Normal/Mild,355,0.8875
0,spinal_canal_stenosis_l2_l3,Moderate,32,0.08
0,spinal_canal_stenosis_l2_l3,Severe,13,0.0325
0,spinal_canal_stenosis_l3_l4,Normal/Mild,331,0.8275
0,spinal_canal_stenosis_l3_l4,Moderate,39,0.0975
0,spinal_canal_stenosis_l3_l4,Severe,30,0.075
0,spinal_canal_stenosis_l4_l5,Normal/Mild,287,0.7175
0,spinal_canal_stenosis_l4_l5,Moderate,50,0.125
0,spinal_canal_stenosis_l4_l5,Severe,63,0.1575
0,spinal_canal_stenosis_l5_s1,Normal/Mild,374,0.935
0,spinal_canal_stenosis_l5_s1,Moderate,11,0.0275
0,spinal_canal_stenosis_l5_s1,Severe,15,0.0375
0,left_neural_foraminal_narrowing_l1_l2,Normal/Mild,386,0.965
0,left_neural_foraminal_narrowing_l1_l2,Moderate,12,0.03
0,left_neural_foraminal_narrowing_l1_l2,Severe,2,0.005
0,left_neural_foraminal_narrowing_l2_l3,Normal/Mild,344,0.86
0,left_neural_foraminal_narrowing_l2_l3,Moderate,47,0.1175
0,left_neural_foraminal_narrowing_l2_l3,Severe,9,0.0225
0,left_neural_foraminal_narrowing_l3_l4,Normal/Mild,306,0.765
0,left_neural_foraminal_narrowing_l3_l4,Moderate,81,0.2025
0,left_neural_foraminal_narrowing_l3_l4,Severe,13,0.0325
0,left_neural_foraminal_narrowing_l4_l5,Normal/Mild,235,0.5875
0,left_neural_foraminal_narrowing_l4_l5,Moderate,133,0.3325
0,left_neural_foraminal_narrowing_l4_l5,Severe,32,0.08
0,left_neural_foraminal_narrowing_l5_s1,Normal/Mild,243,0.6075
0,left_neural_foraminal_narrowing_l5_s1,Moderate,105,0.2625
0,left_neural_foraminal_narrowing_l5_s1,Severe,52,0.13
0,right_neural_foraminal_narrowing_l1_l2,Normal/Mild,376,0.9423558897243107
0,right_neural_foraminal_narrowing_l1_l2,Moderate,14,0.03508771929824561
0,right_neural_foraminal_narrowing_l1_l2,Severe,9,0.022556390977443608
0,right_neural_foraminal_narrowing_l2_l3,Normal/Mild,353,0.8847117794486216
0,right_neural_foraminal_narrowing_l2_l3,Moderate,41,0.10275689223057644
0,right_neural_foraminal_narrowing_l2_l3,Severe,5,0.012531328320802004
0,right_neural_foraminal_narrowing_l3_l4,Normal/Mild,299,0.7493734335839599
0,right_neural_foraminal_narrowing_l3_l4,Moderate,89,0.22305764411027568
0,right_neural_foraminal_narrowing_l3_l4,Severe,11,0.02756892230576441
0,right_neural_foraminal_narrowing_l4_l5,Normal/Mild,246,0.6165413533834586
0,right_neural_foraminal_narrowing_l4_l5,Moderate,124,0.3107769423558897
0,right_neural_foraminal_narrowing_l4_l5,Severe,29,0.07268170426065163
0,right_neural_foraminal_narrowing_l5_s1,Normal/Mild,256,0.6416040100250626
0,right_neural_foraminal_narrowing_l5_s1,Moderate,95,0.23809523809523808
0,right_neural_foraminal_narrowing_l5_s1,Severe,48,0.12030075187969924
0,left_subarticular_stenosis_l1_l2,Normal/Mild,341,0.9216216216216216
0,left_subarticular_stenosis_l1_l2,Moderate,25,0.06756756756756757
0,left_subarticular_stenosis_l1_l2,Severe,4,0.010810810810810811
0,left_subarticular_stenosis_l2_l3,Normal/Mild,308,0.7938144329896907
0,left_subarticular_stenosis_l2_l3,Moderate,58,0.14948453608247422
0,left_subarticular_stenosis_l2_l3,Severe,22,0.05670103092783505
0,left_subarticular_stenosis_l3_l4,Normal/Mild,260,0.65
0,left_subarticular_stenosis_l3_l4,Moderate,99,0.2475
0,left_subarticular_stenosis_l3_l4,Severe,41,0.1025
0,left_subarticular_stenosis_l4_l5,Normal/Mild,169,0.42355889724310775
0,left_subarticular_stenosis_l4_l5,Moderate,118,0.2957393483709273
0,left_subarticular_stenosis_l4_l5,Severe,112,0.2807017543859649
0,left_subarticular_stenosis_l5_s1,Normal/Mild,273,0.6911392405063291
0,left_subarticular_stenosis_l5_s1,Moderate,78,0.19746835443037974
0,left_subarticular_stenosis_l5_s1,Severe,44,0.11139240506329114
0,right_subarticular_stenosis_l1_l2,Normal/Mild,345,0.9324324324324325
0,right_subarticular_stenosis_l1_l2,Moderate,18,0.04864864864864865
0,right_subarticular_stenosis_l1_l2,Severe,7,0.01891891891891892
0,right_subarticular_stenosis_l2_l3,Normal/Mild,311,0.8036175710594315
0,right_subarticular_stenosis_l2_l3,Moderate,53,0.13695090439276486
0,right_subarticular_stenosis_l2_l3,Severe,23,0.059431524547803614
0,right_subarticular_stenosis_l3_l4,Normal/Mild,266,0.665
0,right_subarticular_stenosis_l3_l4,Moderate,100,0.25
0,right_subarticular_stenosis_l3_l4,Severe,34,0.085
0,right_subarticular_stenosis_l4_l5,Normal/Mild,170,0.42606516290726815
0,right_subarticular_stenosis_l4_l5,Moderate,124,0.3107769423558897
0,right_subarticular_stenosis_l4_l5,Severe,105,0.2631578947368421
0,right_subarticular_stenosis_l5_s1,Normal/Mild,281,0.707808564231738
0,right_subarticular_stenosis_l5_s1,Moderate,72,0.181360201511335
0,right_subarticular_stenosis_l5_s1,Severe,44,0.11083123425692695
1,spinal_canal_stenosis_l1_l2,Normal/Mild,375,0.9375
1,spinal_canal_stenosis_l1_l2,Moderate,17,0.0425
1,spinal_canal_stenosis_l1_l2,Severe,8,0.02
1,spinal_canal_stenosis_l2_l3,Normal/Mild,353,0.8825
1,spinal_canal_stenosis_l2_l3,Moderate,29,0.0725
1,spinal_canal_stenosis_l2_l3,Severe,18,0.045
1,spinal_canal_stenosis_l3_l4,Normal/Mild,326,0.815
1,spinal_canal_stenosis_l3_l4,Moderate,44,0.11
1,spinal_canal_stenosis_l3_l4,Severe,30,0.075
1,spinal_canal_stenosis_l4_l5,Normal/Mild,285,0.7125
1,spinal_canal_stenosis_l4_l5,Moderate,56,0.14
1,spinal_canal_stenosis_l4_l5,Severe,59,0.1475
1,spinal_canal_stenosis_l5_s1,Normal/Mild,373,0.9325
1,spinal_canal_stenosis_l5_s1,Moderate,12,0.03
1,spinal_canal_stenosis_l5_s1,Severe,15,0.0375
1,left_neural_foraminal_narrowing_l1_l2,Normal/Mild,384,0.96
1,left_neural_foraminal_narrowing_l1_l2,Moderate,15,0.0375
1,left_neural_foraminal_narrowing_l1_l2,Severe,1,0.0025
1,left_neural_foraminal_narrowing_l2_l3,Normal/Mild,347,0.8675
1,left_neural_foraminal_narrowing_l2_l3,Moderate,45,0.1125
1,left_neural_foraminal_narrowing_l2_l3,Severe,8,0.02
1,left_neural_foraminal_narrowing_l3_l4,Normal/Mild,300,0.75
1,left_neural_foraminal_narrowing_l3_l4,Moderate,88,0.22
1,left_neural_foraminal_narrowing_l3_l4,Severe,12,0.03
1,left_neural_foraminal_narrowing_l4_l5,Normal/Mild,238,0.595
1,left_neural_foraminal_narrowing_l4_l5,Moderate,133,0.3325
1,left_neural_foraminal_narrowing_l4_l5,Severe,29,0.0725
1,left_neural_foraminal_narrowing_l5_s1,Normal/Mild,250,0.625
1,left_neural_foraminal_narrowing_l5_s1,Moderate,103,0.2575
1,left_neural_foraminal_narrowing_l5_s1,Severe,47,0.1175
1,right_neural_foraminal_narrowing_l1_l2,Normal/Mild,372,0.9323308270676691
1,right_neural_foraminal_narrowing_l1_l2,Moderate,16,0.040100250626566414
1,right_neural_foraminal_narrowing_l1_l2,Severe,11,0.02756892230576441
1,right_neural_foraminal_narrowing_l2_l3,Normal/Mild,351,0.8796992481203008
1,right_neural_foraminal_narrowing_l2_l3,Moderate,43,0.10776942355889724
1,right_neural_foraminal_narrowing_l2_l3,Severe,5,0.012531328320802004
1,right_neural_foraminal_narrowing_l3_l4,Normal/Mild,296,0.7418546365914787
1,right_neural_foraminal_narrowing_l3_l4,Moderate,96,0.24060150375939848
1,right_neural_foraminal_narrowing_l3_l4,Severe,7,0.017543859649122806
1,right_neural_foraminal_narrowing_l4_l5,Normal/Mild,250,0.6265664160401002
1,right_neural_foraminal_narrowing_l4_l5,Moderate,121,0.3032581453634085
1,right_neural_foraminal_narrowing_l4_l5,Severe,28,0.07017543859649122
1,right_neural_foraminal_narrowing_l5_s1,Normal/Mild,259,0.6491228070175439
1,right_neural_foraminal_narrowing_l5_s1,Moderate,88,0.22055137844611528
1,right_neural_foraminal_narrowing_l5_s1,Severe,52,0.13032581453634084
1,left_subarticular_stenosis_l1_l2,Normal/Mild,334,0.9051490514905149
1,left_subarticular_stenosis_l1_l2,Moderate,27,0.07317073170731707
1,left_subarticular_stenosis_l1_l2,Severe,8,0.02168021680216802
1,left_subarticular_stenosis_l2_l3,Normal/Mild,305,0.7881136950904393
1,left_subarticular_stenosis_l2_l3,Moderate,57,0.14728682170542637
1,left_subarticular_stenosis_l2_l3,Severe,25,0.06459948320413436
1,left_subarticular_stenosis_l3_l4,Normal/Mild,254,0.635
1,left_subarticular_stenosis_l3_l4,Moderate,101,0.2525
1,left_subarticular_stenosis_l3_l4,Severe,45,0.1125
1,left_subarticular_stenosis_l4_l5,Normal/Mild,159,0.39849624060150374
1,left_subarticular_stenosis_l4_l5,Moderate,120,0.3007518796992481
1,left_subarticular_stenosis_l4_l5,Severe,120,0.3007518796992481
1,left_subarticular_stenosis_l5_s1,Normal/Mild,272,0.6886075949367089
1,left_subarticular_stenosis_l5_s1,Moderate,77,0.1949367088607595
1,left_subarticular_stenosis_l5_s1,Severe,46,0.11645569620253164
1,right_subarticular_stenosis_l1_l2,Normal/Mild,337,0.9132791327913279
1,right_subarticular_stenosis_l1_l2,Moderate,23,0.06233062330623306
1,right_subarticular_stenosis_l1_l2,Severe,9,0.024390243902439025
1,right_subarticular_stenosis_l2_l3,Normal/Mild,313,0.810880829015544
1,right_subarticular_stenosis_l2_l3,Moderate,50,0.12953367875647667
1,right_subarticular_stenosis_l2_l3,Severe,23,0.05958549222797927
1,right_subarticular_stenosis_l3_l4,Normal/Mild,269,0.6725
1,right_subarticular_stenosis_l3_l4,Moderate,95,0.2375
1,right_subarticular_stenosis_l3_l4,Severe,36,0.09
1,right_subarticular_stenosis_l4_l5,Normal/Mild,173,0.43358395989974935
1,right_subarticular_stenosis_l4_l5,Moderate,124,0.3107769423558897
1,right_subarticular_stenosis_l4_l5,Severe,102,0.2556390977443609
1,right_subarticular_stenosis_l5_s1,Normal/Mild,284,0.7153652392947103
1,right_subarticular_stenosis_l5_s1,Moderate,74,0.18639798488664988
1,right_subarticular_stenosis_l5_s1,Severe,39,0.0982367758186398
2,spinal_canal_stenosis_l1_l2,Normal/Mild,380,0.95
2,spinal_canal_stenosis_l1_l2,Moderate,14,0.035
2,spinal_canal_stenosis_l1_l2,Severe,6,0.015
2,spinal_canal_stenosis_l2_l3,Normal/Mild,361,0.9025
2,spinal_canal_stenosis_l2_l3,Moderate,24,0.06
2,spinal_canal_stenosis_l2_l3,Severe,15,0.0375
2,spinal_canal_stenosis_l3_l4,Normal/Mild,329,0.8225
2,spinal_canal_stenosis_l3_l4,Moderate,44,0.11
2,spinal_canal_stenosis_l3_l4,Severe,27,0.0675
2,spinal_canal_stenosis_l4_l5,Normal/Mild,286,0.715
2,spinal_canal_stenosis_l4_l5,Moderate,49,0.1225
2,spinal_canal_stenosis_l4_l5,Severe,65,0.1625
2,spinal_canal_stenosis_l5_s1,Normal/Mild,371,0.9275
2,spinal_canal_stenosis_l5_s1,Moderate,12,0.03
2,spinal_canal_stenosis_l5_s1,Severe,17,0.0425
2,left_neural_foraminal_narrowing_l1_l2,Normal/Mild,382,0.955
2,left_neural_foraminal_narrowing_l1_l2,Moderate,17,0.0425
2,left_neural_foraminal_narrowing_l1_l2,Severe,1,0.0025
2,left_neural_foraminal_narrowing_l2_l3,Normal/Mild,351,0.8775
2,left_neural_foraminal_narrowing_l2_l3,Moderate,40,0.1
2,left_neural_foraminal_narrowing_l2_l3,Severe,9,0.0225
2,left_neural_foraminal_narrowing_l3_l4,Normal/Mild,304,0.76
2,left_neural_foraminal_narrowing_l3_l4,Moderate,86,0.215
2,left_neural_foraminal_narrowing_l3_l4,Severe,10,0.025
2,left_neural_foraminal_narrowing_l4_l5,Normal/Mild,235,0.5875
2,left_neural_foraminal_narrowing_l4_l5,Moderate,133,0.3325
2,left_neural_foraminal_narrowing_l4_l5,Severe,32,0.08
2,left_neural_foraminal_narrowing_l5_s1,Normal/Mild,248,0.62
2,left_neural_foraminal_narrowing_l5_s1,Moderate,106,0.265
2,left_neural_foraminal_narrowing_l5_s1,Severe,46,0.115
2,right_neural_foraminal_narrowing_l1_l2,Normal/Mild,379,0.9475
2,right_neural_foraminal_narrowing_l1_l2,Moderate,11,0.0275
2,right_neural_foraminal_narrowing_l1_l2,Severe,10,0.025
2,right_neural_foraminal_narrowing_l2_l3,Normal/Mild,359,0.8975
2,right_neural_foraminal_narrowing_l2_l3,Moderate,38,0.095
2,right_neural_foraminal_narrowing_l2_l3,Severe,3,0.0075
2,right_neural_foraminal_narrowing_l3_l4,Normal/Mild,298,0.745
2,right_neural_foraminal_narrowing_l3_l4,Moderate,93,0.2325
2,right_neural_foraminal_narrowing_l3_l4,Severe,9,0.0225
2,right_neural_foraminal_narrowing_l4_l5,Normal/Mild,247,0.6175
2,right_neural_foraminal_narrowing_l4_l5,Moderate,121,0.3025
2,right_neural_foraminal_narrowing_l4_l5,Severe,32,0.08
2,right_neural_foraminal_narrowing_l5_s1,Normal/Mild,259,0.6475
2,right_neural_foraminal_narrowing_l5_s1,Moderate,87,0.2175
2,right_neural_foraminal_narrowing_l5_s1,Severe,54,0.135
2,left_subarticular_stenosis_l1_l2,Normal/Mild,348,0.9182058047493403
2,left_subarticular_stenosis_l1_l2,Moderate,22,0.05804749340369393
2,left_subarticular_stenosis_l1_l2,Severe,9,0.023746701846965697
2,left_subarticular_stenosis_l2_l3,Normal/Mild,321,0.8188775510204082
2,left_subarticular_stenosis_l2_l3,Moderate,52,0.1326530612244898
2,left_subarticular_stenosis_l2_l3,Severe,19,0.04846938775510204
2,left_subarticular_stenosis_l3_l4,Normal/Mild,264,0.66
2,left_subarticular_stenosis_l3_l4,Moderate,100,0.25
2,left_subarticular_stenosis_l3_l4,Severe,36,0.09
2,left_subarticular_stenosis_l4_l5,Normal/Mild,161,0.40350877192982454
2,left_subarticular_stenosis_l4_l5,Moderate,126,0.3157894736842105
2,left_subarticular_stenosis_l4_l5,Severe,112,0.2807017543859649
2,left_subarticular_stenosis_l5_s1,Normal/Mild,275,0.6979695431472082
2,left_subarticular_stenosis_l5_s1,Moderate,80,0.20304568527918782
2,left_subarticular_stenosis_l5_s1,Severe,39,0.09898477157360407
2,right_subarticular_stenosis_l1_l2,Normal/Mild,355,0.9366754617414248
2,right_subarticular_stenosis_l1_l2,Moderate,17,0.044854881266490766
2,right_subarticular_stenosis_l1_l2,Severe,7,0.018469656992084433
2,right_subarticular_stenosis_l2_l3,Normal/Mild,324,0.826530612244898
2,right_subarticular_stenosis_l2_l3,Moderate,50,0.12755102040816327
2,right_subarticular_stenosis_l2_l3,Severe,18,0.04591836734693878
2,right_subarticular_stenosis_l3_l4,Normal/Mild,272,0.68
2,right_subarticular_stenosis_l3_l4,Moderate,95,0.2375
2,right_subarticular_stenosis_l3_l4,Severe,33,0.0825
2,right_subarticular_stenosis_l4_l5,Normal/Mild,172,0.43107769423558895
2,right_subarticular_stenosis_l4_l5,Moderate,118,0.2957393483709273
2,right_subarticular_stenosis_l4_l5,Severe,109,0.2731829573934837
2,right_subarticular_stenosis_l5_s1,Normal/Mild,286,0.7222222222222222
2,right_subarticular_stenosis_l5_s1,Moderate,67,0.1691919191919192
2,right_subarticular_stenosis_l5_s1,Severe,43,0.10858585858585859
3,spinal_canal_stenosis_l1_l2,Normal/Mild,377,0.9425
3,spinal_canal_stenosis_l1_l2,Moderate,15,0.0375
3,spinal_canal_stenosis_l1_l2,Severe,8,0.02
3,spinal_canal_stenosis_l2_l3,Normal/Mild,358,0.895
3,spinal_canal_stenosis_l2_l3,Moderate,29,0.0725
3,spinal_canal_stenosis_l2_l3,Severe,13,0.0325
3,spinal_canal_stenosis_l3_l4,Normal/Mild,328,0.82
3,spinal_canal_stenosis_l3_l4,Moderate,43,0.1075
3,spinal_canal_stenosis_l3_l4,Severe,29,0.0725
3,spinal_canal_stenosis_l4_l5,Normal/Mild,292,0.73
3,spinal_canal_stenosis_l4_l5,Moderate,51,0.1275
3,spinal_canal_stenosis_l4_l5,Severe,57,0.1425
3,spinal_canal_stenosis_l5_s1,Normal/Mild,373,0.9325
3,spinal_canal_stenosis_l5_s1,Moderate,11,0.0275
3,spinal_canal_stenosis_l5_s1,Severe,16,0.04
3,left_neural_foraminal_narrowing_l1_l2,Normal/Mild,384,0.96
3,left_neural_foraminal_narrowing_l1_l2,Moderate,14,0.035
3,left_neural_foraminal_narrowing_l1_l2,Severe,2,0.005
3,left_neural_foraminal_narrowing_l2_l3,Normal/Mild,347,0.8675
3,left_neural_foraminal_narrowing_l2_l3,Moderate,48,0.12
3,left_neural_foraminal_narrowing_l2_l3,Severe,5,0.0125
3,left_neural_foraminal_narrowing_l3_l4,Normal/Mild,294,0.735
3,left_neural_foraminal_narrowing_l3_l4,Moderate,95,0.2375
3,left_neural_foraminal_narrowing_l3_l4,Severe,11,0.0275
3,left_neural_foraminal_narrowing_l4_l5,Normal/Mild,232,0.58
3,left_neural_foraminal_narrowing_l4_l5,Moderate,136,0.34
3,left_neural_foraminal_narrowing_l4_l5,Severe,32,0.08
3,left_neural_foraminal_narrowing_l5_s1,Normal/Mild,253,0.6325
3,left_neural_foraminal_narrowing_l5_s1,Moderate,99,0.2475
3,left_neural_foraminal_narrowing_l5_s1,Severe,48,0.12
3,right_neural_foraminal_narrowing_l1_l2,Normal/Mild,371,0.9298245614035088
3,right_neural_foraminal_narrowing_l1_l2,Moderate,16,0.040100250626566414
3,right_neural_foraminal_narrowing_l1_l2,Severe,12,0.03007518796992481
3,right_neural_foraminal_narrowing_l2_l3,Normal/Mild,353,0.8847117794486216
3,right_neural_foraminal_narrowing_l2_l3,Moderate,41,0.10275689223057644
3,right_neural_foraminal_narrowing_l2_l3,Severe,5,0.012531328320802004
3,right_neural_foraminal_narrowing_l3_l4,Normal/Mild,294,0.7368421052631579
3,right_neural_foraminal_narrowing_l3_l4,Moderate,94,0.23558897243107768
3,right_neural_foraminal_narrowing_l3_l4,Severe,11,0.02756892230576441
3,right_neural_foraminal_narrowing_l4_l5,Normal/Mild,247,0.6190476190476191
3,right_neural_foraminal_narrowing_l4_l5,Moderate,120,0.3007518796992481
3,right_neural_foraminal_narrowing_l4_l5,Severe,32,0.08020050125313283
3,right_neural_foraminal_narrowing_l5_s1,Normal/Mild,255,0.6390977443609023
3,right_neural_foraminal_narrowing_l5_s1,Moderate,90,0.22556390977443608
3,right_neural_foraminal_narrowing_l5_s1,Severe,54,0.13533834586466165
3,left_subarticular_stenosis_l1_l2,Normal/Mild,340,0.9139784946236559
3,left_subarticular_stenosis_l1_l2,Moderate,25,0.06720430107526881
3,left_subarticular_stenosis_l1_l2,Severe,7,0.01881720430107527
3,left_subarticular_stenosis_l2_l3,Normal/Mild,307,0.7912371134020618
3,left_subarticular_stenosis_l2_l3,Moderate,60,0.15463917525773196
3,left_subarticular_stenosis_l2_l3,Severe,21,0.05412371134020619
3,left_subarticular_stenosis_l3_l4,Normal/Mild,253,0.6325
3,left_subarticular_stenosis_l3_l4,Moderate,110,0.275
3,left_subarticular_stenosis_l3_l4,Severe,37,0.0925
3,left_subarticular_stenosis_l4_l5,Normal/Mild,166,0.41604010025062654
3,left_subarticular_stenosis_l4_l5,Moderate,122,0.3057644110275689
3,left_subarticular_stenosis_l4_l5,Severe,111,0.2781954887218045
3,left_subarticular_stenosis_l5_s1,Normal/Mild,266,0.6768447837150128
3,left_subarticular_stenosis_l5_s1,Moderate,78,0.1984732824427481
3,left_subarticular_stenosis_l5_s1,Severe,49,0.12468193384223919
3,right_subarticular_stenosis_l1_l2,Normal/Mild,343,0.9220430107526881
3,right_subarticular_stenosis_l1_l2,Moderate,20,0.053763440860215055
3,right_subarticular_stenosis_l1_l2,Severe,9,0.024193548387096774
3,right_subarticular_stenosis_l2_l3,Normal/Mild,312,0.8062015503875969
3,right_subarticular_stenosis_l2_l3,Moderate,55,0.1421188630490956
3,right_subarticular_stenosis_l2_l3,Severe,20,0.05167958656330749
3,right_subarticular_stenosis_l3_l4,Normal/Mild,259,0.6475
3,right_subarticular_stenosis_l3_l4,Moderate,102,0.255
3,right_subarticular_stenosis_l3_l4,Severe,39,0.0975
3,right_subarticular_stenosis_l4_l5,Normal/Mild,168,0.42105263157894735
3,right_subarticular_stenosis_l4_l5,Moderate,129,0.3233082706766917
3,right_subarticular_stenosis_l4_l5,Severe,102,0.2556390977443609
3,right_subarticular_stenosis_l5_s1,Normal/Mild,276,0.696969696969697
3,right_subarticular_stenosis_l5_s1,Moderate,81,0.20454545454545456
3,right_subarticular_stenosis_l5_s1,Severe,39,0.09848484848484848
4,spinal_canal_stenosis_l1_l2,Normal/Mild,375,0.9375
4,spinal_canal_stenosis_l1_l2,Moderate,17,0.0425
4,spinal_canal_stenosis_l1_l2,Severe,8,0.02
4,spinal_canal_stenosis_l2_l3,Normal/Mild,357,0.8925
4,spinal_canal_stenosis_l2_l3,Moderate,26,0.065
4,spinal_canal_stenosis_l2_l3,Severe,17,0.0425
4,spinal_canal_stenosis_l3_l4,Normal/Mild,326,0.815
4,spinal_canal_stenosis_l3_l4,Moderate,42,0.105
4,spinal_canal_stenosis_l3_l4,Severe,32,0.08
4,spinal_canal_stenosis_l4_l5,Normal/Mild,290,0.725
4,spinal_canal_stenosis_l4_l5,Moderate,54,0.135
4,spinal_canal_stenosis_l4_l5,Severe,56,0.14
4,spinal_canal_stenosis_l5_s1,Normal/Mild,377,0.9425
4,spinal_canal_stenosis_l5_s1,Moderate,10,0.025
4,spinal_canal_stenosis_l5_s1,Severe,13,0.0325
4,left_neural_foraminal_narrowing_l1_l2,Normal/Mild,380,0.95
4,left_neural_foraminal_narrowing_l1_l2,Moderate,18,0.045
4,left_neural_foraminal_narrowing_l1_l2,Severe,2,0.005
4,left_neural_foraminal_narrowing_l2_l3,Normal/Mild,343,0.8575
4,left_neural_foraminal_narrowing_l2_l3,Moderate,48,0.12
4,left_neural_foraminal_narrowing_l2_l3,Severe,9,0.0225
4,left_neural_foraminal_narrowing_l3_l4,Normal/Mild,292,0.73
4,left_neural_foraminal_narrowing_l3_l4,Moderate,94,0.235
4,left_neural_foraminal_narrowing_l3_l4,Severe,14,0.035
4,left_neural_foraminal_narrowing_l4_l5,Normal/Mild,232,0.58
4,left_neural_foraminal_narrowing_l4_l5,Moderate,133,0.3325
4,left_neural_foraminal_narrowing_l4_l5,Severe,35,0.0875
4,left_neural_foraminal_narrowing_l5_s1,Normal/Mild,242,0.605
4,left_neural_foraminal_narrowing_l5_s1,Moderate,107,0.2675
4,left_neural_foraminal_narrowing_l5_s1,Severe,51,0.1275
4,right_neural_foraminal_narrowing_l1_l2,Normal/Mild,374,0.9373433583959899
4,right_neural_foraminal_narrowing_l1_l2,Moderate,15,0.03759398496240601
4,right_neural_foraminal_narrowing_l1_l2,Severe,10,0.02506265664160401
4,right_neural_foraminal_narrowing_l2_l3,Normal/Mild,352,0.8822055137844611
4,right_neural_foraminal_narrowing_l2_l3,Moderate,41,0.10275689223057644
4,right_neural_foraminal_narrowing_l2_l3,Severe,6,0.015037593984962405
4,right_neural_foraminal_narrowing_l3_l4,Normal/Mild,297,0.7443609022556391
4,right_neural_foraminal_narrowing_l3_l4,Moderate,92,0.23057644110275688
4,right_neural_foraminal_narrowing_l3_l4,Severe,10,0.02506265664160401
4,right_neural_foraminal_narrowing_l4_l5,Normal/Mild,246,0.6165413533834586
4,right_neural_foraminal_narrowing_l4_l5,Moderate,126,0.3157894736842105
4,right_neural_foraminal_narrowing_l4_l5,Severe,27,0.06766917293233082
4,right_neural_foraminal_narrowing_l5_s1,Normal/Mild,259,0.6491228070175439
4,right_neural_foraminal_narrowing_l5_s1,Moderate,84,0.21052631578947367
4,right_neural_foraminal_narrowing_l5_s1,Severe,56,0.14035087719298245
4,left_subarticular_stenosis_l1_l2,Normal/Mild,345,0.9126984126984127
4,left_subarticular_stenosis_l1_l2,Moderate,25,0.06613756613756613
4,left_subarticular_stenosis_l1_l2,Severe,8,0.021164021164021163
4,left_subarticular_stenosis_l2_l3,Normal/Mild,303,0.7789203084832905
4,left_subarticular_stenosis_l2_l3,Moderate,65,0.16709511568123395
4,left_subarticular_stenosis_l2_l3,Severe,21,0.05398457583547558
4,left_subarticular_stenosis_l3_l4,Normal/Mild,261,0.6525
4,left_subarticular_stenosis_l3_l4,Moderate,94,0.235
4,left_subarticular_stenosis_l3_l4,Severe,45,0.1125
4,left_subarticular_stenosis_l4_l5,Normal/Mild,161,0.4025
4,left_subarticular_stenosis_l4_l5,Moderate,126,0.315
4,left_subarticular_stenosis_l4_l5,Severe,113,0.2825
4,left_subarticular_stenosis_l5_s1,Normal/Mild,270,0.6835443037974683
4,left_subarticular_stenosis_l5_s1,Moderate,83,0.21012658227848102
4,left_subarticular_stenosis_l5_s1,Severe,42,0.10632911392405063
4,right_subarticular_stenosis_l1_l2,Normal/Mild,348,0.9206349206349206
4,right_subarticular_stenosis_l1_l2,Moderate,22,0.0582010582010582
4,right_subarticular_stenosis_l1_l2,Severe,8,0.021164021164021163
4,right_subarticular_stenosis_l2_l3,Normal/Mild,312,0.8041237113402062
4,right_subarticular_stenosis_l2_l3,Moderate,56,0.14432989690721648
4,right_subarticular_stenosis_l2_l3,Severe,20,0.05154639175257732
4,right_subarticular_stenosis_l3_l4,Normal/Mild,262,0.655
4,right_subarticular_stenosis_l3_l4,Moderate,100,0.25
4,right_subarticular_stenosis_l3_l4,Severe,38,0.095
4,right_subarticular_stenosis_l4_l5,Normal/Mild,173,0.4325
4,right_subarticular_stenosis_l4_l5,Moderate,133,0.3325
4,right_subarticular_stenosis_l4_l5,Severe,94,0.235
4,right_subarticular_stenosis_l5_s1,Normal/Mild,281,0.7060301507537688
4,right_subarticular_stenosis_l5_s1,Moderate,78,0.19597989949748743
4,right_subarticular_stenosis_l5_s1,Severe,39,0.09798994974874371
