target,severity,count,percentage
left_neural_foraminal_narrowing_l1_l2,Moderate,63,3.1931069437404966
left_neural_foraminal_narrowing_l1_l2,Normal/Mild,1908,96.70552458185504
left_neural_foraminal_narrowing_l1_l2,Severe,2,0.10136847440446022
left_neural_foraminal_narrowing_l2_l3,Moderate,171,8.667004561581349
left_neural_foraminal_narrowing_l2_l3,Normal/Mild,1791,90.77546882919411
left_neural_foraminal_narrowing_l2_l3,Severe,11,0.5575266092245312
left_neural_foraminal_narrowing_l3_l4,Moderate,411,20.831221490116576
left_neural_foraminal_narrowing_l3_l4,Normal/Mild,1522,77.14140902179423
left_neural_foraminal_narrowing_l3_l4,Severe,40,2.0273694880892044
left_neural_foraminal_narrowing_l4_l5,Moderate,629,31.88038520020274
left_neural_foraminal_narrowing_l4_l5,Normal/Mild,1204,61.02382159148505
left_neural_foraminal_narrowing_l4_l5,Severe,140,7.095793208312215
left_neural_foraminal_narrowing_l5_s1,Moderate,520,26.355803345159657
left_neural_foraminal_narrowing_l5_s1,Normal/Mild,1247,63.20324379118094
left_neural_foraminal_narrowing_l5_s1,Severe,206,10.440952863659401
left_subarticular_stenosis_l1_l2,Moderate,93,5.135284373274434
left_subarticular_stenosis_l1_l2,Normal/Mild,1690,93.31860850358918
left_subarticular_stenosis_l1_l2,Severe,28,1.5461071231363888
left_subarticular_stenosis_l2_l3,Moderate,255,13.47068145800317
left_subarticular_stenosis_l2_l3,Normal/Mild,1555,82.14474379292129
left_subarticular_stenosis_l2_l3,Severe,83,4.384574749075541
left_subarticular_stenosis_l3_l4,Moderate,454,23.02231237322515
left_subarticular_stenosis_l3_l4,Normal/Mild,1324,67.13995943204868
left_subarticular_stenosis_l3_l4,Severe,194,9.837728194726166
left_subarticular_stenosis_l4_l5,Moderate,624,31.643002028397564
left_subarticular_stenosis_l4_l5,Normal/Mild,887,44.979716024340775
left_subarticular_stenosis_l4_l5,Severe,461,23.377281947261665
left_subarticular_stenosis_l5_s1,Moderate,409,20.824847250509166
left_subarticular_stenosis_l5_s1,Normal/Mild,1408,71.69042769857434
left_subarticular_stenosis_l5_s1,Severe,147,7.484725050916497
right_neural_foraminal_narrowing_l1_l2,Moderate,63,3.202846975088968
right_neural_foraminal_narrowing_l1_l2,Normal/Mild,1891,96.13624809354346
right_neural_foraminal_narrowing_l1_l2,Severe,13,0.6609049313675649
right_neural_foraminal_narrowing_l2_l3,Moderate,168,8.540925266903916
right_neural_foraminal_narrowing_l2_l3,Normal/Mild,1793,91.15404168784951
right_neural_foraminal_narrowing_l2_l3,Severe,6,0.3050330452465684
right_neural_foraminal_narrowing_l3_l4,Moderate,414,21.047280122013216
right_neural_foraminal_narrowing_l3_l4,Normal/Mild,1512,76.86832740213522
right_neural_foraminal_narrowing_l3_l4,Severe,41,2.084392475851551
right_neural_foraminal_narrowing_l4_l5,Moderate,629,31.977630910015254
right_neural_foraminal_narrowing_l4_l5,Normal/Mild,1208,61.41331977630911
right_neural_foraminal_narrowing_l4_l5,Severe,130,6.609049313675648
right_neural_foraminal_narrowing_l5_s1,Moderate,496,25.216065073716322
right_neural_foraminal_narrowing_l5_s1,Normal/Mild,1281,65.12455516014235
right_neural_foraminal_narrowing_l5_s1,Severe,190,9.659379766141333
right_subarticular_stenosis_l1_l2,Moderate,110,6.063947078280044
right_subarticular_stenosis_l1_l2,Normal/Mild,1680,92.61300992282249
right_subarticular_stenosis_l1_l2,Severe,24,1.3230429988974641
right_subarticular_stenosis_l2_l3,Moderate,243,12.836767036450079
right_subarticular_stenosis_l2_l3,Normal/Mild,1577,83.30692023243529
right_subarticular_stenosis_l2_l3,Severe,73,3.856312731114633
right_subarticular_stenosis_l3_l4,Moderate,454,23.01064368981247
right_subarticular_stenosis_l3_l4,Normal/Mild,1322,67.0045615813482
right_subarticular_stenosis_l3_l4,Severe,197,9.984794728839331
right_subarticular_stenosis_l4_l5,Moderate,622,31.525595539787126
right_subarticular_stenosis_l4_l5,Normal/Mild,891,45.15965534718702
right_subarticular_stenosis_l4_l5,Severe,460,23.314749113025847
right_subarticular_stenosis_l5_s1,Moderate,396,20.121951219512198
right_subarticular_stenosis_l5_s1,Normal/Mild,1399,71.08739837398373
right_subarticular_stenosis_l5_s1,Severe,173,8.790650406504065
spinal_canal_stenosis_l1_l2,Moderate,67,3.3941236068895644
spinal_canal_stenosis_l1_l2,Normal/Mild,1886,95.5420466058764
spinal_canal_stenosis_l1_l2,Severe,21,1.0638297872340425
spinal_canal_stenosis_l2_l3,Moderate,151,7.649442755825735
spinal_canal_stenosis_l2_l3,Normal/Mild,1770,89.66565349544074
spinal_canal_stenosis_l2_l3,Severe,53,2.684903748733536
spinal_canal_stenosis_l3_l4,Moderate,230,11.651469098277609
spinal_canal_stenosis_l3_l4,Normal/Mild,1622,82.16818642350557
spinal_canal_stenosis_l3_l4,Severe,122,6.180344478216818
spinal_canal_stenosis_l4_l5,Moderate,237,12.006079027355623
spinal_canal_stenosis_l4_l5,Normal/Mild,1482,75.07598784194529
spinal_canal_stenosis_l4_l5,Severe,255,12.917933130699089
spinal_canal_stenosis_l5_s1,Moderate,51,2.5835866261398177
spinal_canal_stenosis_l5_s1,Normal/Mild,1904,96.45390070921985
spinal_canal_stenosis_l5_s1,Severe,19,0.9625126646403243
