target,Normal/Mild,Moderate,Severe,Normal/Mild_pct,Moderate_pct,Severe_pct
left_neural_foraminal_narrowing_l1_l2,1908,63,2,96.70552458185504,3.1931069437404966,0.10136847440446022
left_neural_foraminal_narrowing_l2_l3,1791,171,11,90.77546882919411,8.667004561581349,0.5575266092245312
left_neural_foraminal_narrowing_l3_l4,1522,411,40,77.14140902179423,20.831221490116576,2.0273694880892044
left_neural_foraminal_narrowing_l4_l5,1204,629,140,61.02382159148505,31.88038520020274,7.095793208312215
left_neural_foraminal_narrowing_l5_s1,1247,520,206,63.20324379118094,26.355803345159657,10.440952863659401
left_subarticular_stenosis_l1_l2,1690,93,28,93.31860850358918,5.135284373274434,1.5461071231363888
left_subarticular_stenosis_l2_l3,1555,255,83,82.14474379292129,13.47068145800317,4.384574749075541
left_subarticular_stenosis_l3_l4,1324,454,194,67.13995943204868,23.02231237322515,9.837728194726166
left_subarticular_stenosis_l4_l5,887,624,461,44.979716024340775,31.643002028397564,23.377281947261665
left_subarticular_stenosis_l5_s1,1408,409,147,71.69042769857434,20.824847250509166,7.484725050916497
right_neural_foraminal_narrowing_l1_l2,1891,63,13,96.13624809354346,3.202846975088968,0.6609049313675649
right_neural_foraminal_narrowing_l2_l3,1793,168,6,91.15404168784951,8.540925266903916,0.3050330452465684
right_neural_foraminal_narrowing_l3_l4,1512,414,41,76.86832740213522,21.047280122013216,2.084392475851551
right_neural_foraminal_narrowing_l4_l5,1208,629,130,61.41331977630911,31.977630910015254,6.609049313675648
right_neural_foraminal_narrowing_l5_s1,1281,496,190,65.12455516014235,25.216065073716322,9.659379766141333
right_subarticular_stenosis_l1_l2,1680,110,24,92.61300992282249,6.063947078280044,1.3230429988974641
right_subarticular_stenosis_l2_l3,1577,243,73,83.30692023243529,12.836767036450079,3.856312731114633
right_subarticular_stenosis_l3_l4,1322,454,197,67.0045615813482,23.01064368981247,9.984794728839331
right_subarticular_stenosis_l4_l5,891,622,460,45.15965534718702,31.525595539787126,23.314749113025847
right_subarticular_stenosis_l5_s1,1399,396,173,71.08739837398373,20.121951219512198,8.790650406504065
spinal_canal_stenosis_l1_l2,1886,67,21,95.5420466058764,3.3941236068895644,1.0638297872340425
spinal_canal_stenosis_l2_l3,1770,151,53,89.66565349544074,7.649442755825735,2.684903748733536
spinal_canal_stenosis_l3_l4,1622,230,122,82.16818642350557,11.651469098277609,6.180344478216818
spinal_canal_stenosis_l4_l5,1482,237,255,75.07598784194529,12.006079027355623,12.917933130699089
spinal_canal_stenosis_l5_s1,1904,51,19,96.45390070921985,2.5835866261398177,0.9625126646403243
