target,severity,sample_count,folds_present,min_count_per_fold,max_count_per_fold
left_neural_foraminal_narrowing_l1_l2,Moderate,19,5,1,7
left_neural_foraminal_narrowing_l1_l2,Normal/Mild,479,5,93,99
left_neural_foraminal_narrowing_l1_l2,Severe,2,2,0,1
left_neural_foraminal_narrowing_l2_l3,Moderate,57,5,9,17
left_neural_foraminal_narrowing_l2_l3,Normal/Mild,433,5,82,90
left_neural_foraminal_narrowing_l2_l3,Severe,10,5,1,5
left_neural_foraminal_narrowing_l3_l4,Moderate,111,5,16,30
left_neural_foraminal_narrowing_l3_l4,Normal/Mild,374,5,68,82
left_neural_foraminal_narrowing_l3_l4,Severe,15,5,1,5
left_neural_foraminal_narrowing_l4_l5,Moderate,167,5,31,34
left_neural_foraminal_narrowing_l4_l5,Normal/Mild,293,5,55,61
left_neural_foraminal_narrowing_l4_l5,Severe,40,5,5,11
left_neural_foraminal_narrowing_l5_s1,Moderate,130,5,23,31
left_neural_foraminal_narrowing_l5_s1,Normal/Mild,309,5,56,67
left_neural_foraminal_narrowing_l5_s1,Severe,61,5,9,15
left_subarticular_stenosis_l1_l2,Moderate,31,5,4,9
left_subarticular_stenosis_l1_l2,Normal/Mild,427,5,79,93
left_subarticular_stenosis_l1_l2,Severe,9,4,0,5
left_subarticular_stenosis_l2_l3,Moderate,73,5,8,21
left_subarticular_stenosis_l2_l3,Normal/Mild,386,5,65,83
left_subarticular_stenosis_l2_l3,Severe,27,5,2,8
left_subarticular_stenosis_l3_l4,Moderate,126,5,16,32
left_subarticular_stenosis_l3_l4,Normal/Mild,323,5,59,70
left_subarticular_stenosis_l3_l4,Severe,51,5,6,15
left_subarticular_stenosis_l4_l5,Moderate,153,5,27,35
left_subarticular_stenosis_l4_l5,Normal/Mild,204,5,35,45
left_subarticular_stenosis_l4_l5,Severe,142,5,22,31
left_subarticular_stenosis_l5_s1,Moderate,99,5,16,22
left_subarticular_stenosis_l5_s1,Normal/Mild,339,5,64,73
left_subarticular_stenosis_l5_s1,Severe,55,5,6,16
right_neural_foraminal_narrowing_l1_l2,Moderate,18,5,2,7
right_neural_foraminal_narrowing_l1_l2,Normal/Mild,468,5,89,97
right_neural_foraminal_narrowing_l1_l2,Severe,13,5,1,4
right_neural_foraminal_narrowing_l2_l3,Moderate,51,5,8,13
right_neural_foraminal_narrowing_l2_l3,Normal/Mild,442,5,83,91
right_neural_foraminal_narrowing_l2_l3,Severe,6,4,0,3
right_neural_foraminal_narrowing_l3_l4,Moderate,116,5,20,27
right_neural_foraminal_narrowing_l3_l4,Normal/Mild,371,5,72,77
right_neural_foraminal_narrowing_l3_l4,Severe,12,5,1,5
right_neural_foraminal_narrowing_l4_l5,Moderate,153,5,27,33
right_neural_foraminal_narrowing_l4_l5,Normal/Mild,309,5,59,63
right_neural_foraminal_narrowing_l4_l5,Severe,37,5,5,10
right_neural_foraminal_narrowing_l5_s1,Moderate,111,5,16,27
right_neural_foraminal_narrowing_l5_s1,Normal/Mild,322,5,63,67
right_neural_foraminal_narrowing_l5_s1,Severe,66,5,10,18
right_subarticular_stenosis_l1_l2,Moderate,25,5,2,8
right_subarticular_stenosis_l1_l2,Normal/Mild,432,5,77,95
right_subarticular_stenosis_l1_l2,Severe,10,5,1,3
right_subarticular_stenosis_l2_l3,Moderate,66,5,10,16
right_subarticular_stenosis_l2_l3,Normal/Mild,393,5,69,82
right_subarticular_stenosis_l2_l3,Severe,26,5,3,8
right_subarticular_stenosis_l3_l4,Moderate,123,5,21,28
right_subarticular_stenosis_l3_l4,Normal/Mild,332,5,60,73
right_subarticular_stenosis_l3_l4,Severe,45,5,6,12
right_subarticular_stenosis_l4_l5,Moderate,157,5,24,39
right_subarticular_stenosis_l4_l5,Normal/Mild,214,5,41,46
right_subarticular_stenosis_l4_l5,Severe,128,5,19,34
right_subarticular_stenosis_l5_s1,Moderate,93,5,12,26
right_subarticular_stenosis_l5_s1,Normal/Mild,352,5,66,76
right_subarticular_stenosis_l5_s1,Severe,51,5,7,12
spinal_canal_stenosis_l1_l2,Moderate,20,5,3,6
spinal_canal_stenosis_l1_l2,Normal/Mild,472,5,91,97
spinal_canal_stenosis_l1_l2,Severe,8,2,0,6
spinal_canal_stenosis_l2_l3,Moderate,35,5,3,11
spinal_canal_stenosis_l2_l3,Normal/Mild,446,5,85,93
spinal_canal_stenosis_l2_l3,Severe,19,5,1,6
spinal_canal_stenosis_l3_l4,Moderate,53,5,9,14
spinal_canal_stenosis_l3_l4,Normal/Mild,410,5,79,84
spinal_canal_stenosis_l3_l4,Severe,37,5,5,10
spinal_canal_stenosis_l4_l5,Moderate,65,5,9,16
spinal_canal_stenosis_l4_l5,Normal/Mild,360,5,68,75
spinal_canal_stenosis_l4_l5,Severe,75,5,10,19
spinal_canal_stenosis_l5_s1,Moderate,14,5,2,4
spinal_canal_stenosis_l5_s1,Normal/Mild,467,5,90,96
spinal_canal_stenosis_l5_s1,Severe,19,5,2,6
