fold,target,severity,count,percentage,valid_labels_in_target
0,spinal_canal_stenosis_l1_l2,Normal/Mild,91,91.0,100
0,spinal_canal_stenosis_l1_l2,Moderate,3,3.0,100
0,spinal_canal_stenosis_l1_l2,Severe,6,6.0,100
0,spinal_canal_stenosis_l2_l3,Normal/Mild,91,91.0,100
0,spinal_canal_stenosis_l2_l3,Moderate,3,3.0,100
0,spinal_canal_stenosis_l2_l3,Severe,6,6.0,100
0,spinal_canal_stenosis_l3_l4,Normal/Mild,79,79.0,100
0,spinal_canal_stenosis_l3_l4,Moderate,14,14.000000000000002,100
0,spinal_canal_stenosis_l3_l4,Severe,7,7.000000000000001,100
0,spinal_canal_stenosis_l4_l5,Normal/Mild,73,73.0,100
0,spinal_canal_stenosis_l4_l5,Moderate,15,15.0,100
0,spinal_canal_stenosis_l4_l5,Severe,12,12.0,100
0,spinal_canal_stenosis_l5_s1,Normal/Mild,93,93.0,100
0,spinal_canal_stenosis_l5_s1,Moderate,3,3.0,100
0,spinal_canal_stenosis_l5_s1,Severe,4,4.0,100
0,left_neural_foraminal_narrowing_l1_l2,Normal/Mild,93,93.0,100
0,left_neural_foraminal_narrowing_l1_l2,Moderate,7,7.000000000000001,100
0,left_neural_foraminal_narrowing_l1_l2,Severe,0,0.0,100
0,left_neural_foraminal_narrowing_l2_l3,Normal/Mild,89,89.0,100
0,left_neural_foraminal_narrowing_l2_l3,Moderate,10,10.0,100
0,left_neural_foraminal_narrowing_l2_l3,Severe,1,1.0,100
0,left_neural_foraminal_narrowing_l3_l4,Normal/Mild,68,68.0,100
0,left_neural_foraminal_narrowing_l3_l4,Moderate,30,30.0,100
0,left_neural_foraminal_narrowing_l3_l4,Severe,2,2.0,100
0,left_neural_foraminal_narrowing_l4_l5,Normal/Mild,58,57.99999999999999,100
0,left_neural_foraminal_narrowing_l4_l5,Moderate,34,34.0,100
0,left_neural_foraminal_narrowing_l4_l5,Severe,8,8.0,100
0,left_neural_foraminal_narrowing_l5_s1,Normal/Mild,66,66.0,100
0,left_neural_foraminal_narrowing_l5_s1,Moderate,25,25.0,100
0,left_neural_foraminal_narrowing_l5_s1,Severe,9,9.0,100
0,right_neural_foraminal_narrowing_l1_l2,Normal/Mild,92,92.0,100
0,right_neural_foraminal_narrowing_l1_l2,Moderate,4,4.0,100
0,right_neural_foraminal_narrowing_l1_l2,Severe,4,4.0,100
0,right_neural_foraminal_narrowing_l2_l3,Normal/Mild,89,89.0,100
0,right_neural_foraminal_narrowing_l2_l3,Moderate,10,10.0,100
0,right_neural_foraminal_narrowing_l2_l3,Severe,1,1.0,100
0,right_neural_foraminal_narrowing_l3_l4,Normal/Mild,72,72.0,100
0,right_neural_foraminal_narrowing_l3_l4,Moderate,27,27.0,100
0,right_neural_foraminal_narrowing_l3_l4,Severe,1,1.0,100
0,right_neural_foraminal_narrowing_l4_l5,Normal/Mild,63,63.0,100
0,right_neural_foraminal_narrowing_l4_l5,Moderate,29,28.999999999999996,100
0,right_neural_foraminal_narrowing_l4_l5,Severe,8,8.0,100
0,right_neural_foraminal_narrowing_l5_s1,Normal/Mild,66,66.0,100
0,right_neural_foraminal_narrowing_l5_s1,Moderate,16,16.0,100
0,right_neural_foraminal_narrowing_l5_s1,Severe,18,18.0,100
0,left_subarticular_stenosis_l1_l2,Normal/Mild,86,88.65979381443299,97
0,left_subarticular_stenosis_l1_l2,Moderate,6,6.185567010309279,97
0,left_subarticular_stenosis_l1_l2,Severe,5,5.154639175257731,97
0,left_subarticular_stenosis_l2_l3,Normal/Mild,78,79.59183673469387,98
0,left_subarticular_stenosis_l2_l3,Moderate,15,15.306122448979592,98
0,left_subarticular_stenosis_l2_l3,Severe,5,5.1020408163265305,98
0,left_subarticular_stenosis_l3_l4,Normal/Mild,63,63.0,100
0,left_subarticular_stenosis_l3_l4,Moderate,27,27.0,100
0,left_subarticular_stenosis_l3_l4,Severe,10,10.0,100
0,left_subarticular_stenosis_l4_l5,Normal/Mild,35,35.0,100
0,left_subarticular_stenosis_l4_l5,Moderate,35,35.0,100
0,left_subarticular_stenosis_l4_l5,Severe,30,30.0,100
0,left_subarticular_stenosis_l5_s1,Normal/Mild,66,67.3469387755102,98
0,left_subarticular_stenosis_l5_s1,Moderate,21,21.428571428571427,98
0,left_subarticular_stenosis_l5_s1,Severe,11,11.224489795918368,98
0,right_subarticular_stenosis_l1_l2,Normal/Mild,87,89.69072164948454,97
0,right_subarticular_stenosis_l1_l2,Moderate,7,7.216494845360824,97
0,right_subarticular_stenosis_l1_l2,Severe,3,3.0927835051546393,97
0,right_subarticular_stenosis_l2_l3,Normal/Mild,82,83.6734693877551,98
0,right_subarticular_stenosis_l2_l3,Moderate,13,13.26530612244898,98
0,right_subarticular_stenosis_l2_l3,Severe,3,3.061224489795918,98
0,right_subarticular_stenosis_l3_l4,Normal/Mild,66,66.0,100
0,right_subarticular_stenosis_l3_l4,Moderate,23,23.0,100
0,right_subarticular_stenosis_l3_l4,Severe,11,11.0,100
0,right_subarticular_stenosis_l4_l5,Normal/Mild,44,44.0,100
0,right_subarticular_stenosis_l4_l5,Moderate,33,33.0,100
0,right_subarticular_stenosis_l4_l5,Severe,23,23.0,100
0,right_subarticular_stenosis_l5_s1,Normal/Mild,71,71.71717171717171,99
0,right_subarticular_stenosis_l5_s1,Moderate,21,21.21212121212121,99
0,right_subarticular_stenosis_l5_s1,Severe,7,7.07070707070707,99
1,spinal_canal_stenosis_l1_l2,Normal/Mild,97,97.0,100
1,spinal_canal_stenosis_l1_l2,Moderate,3,3.0,100
1,spinal_canal_stenosis_l1_l2,Severe,0,0.0,100
1,spinal_canal_stenosis_l2_l3,Normal/Mild,93,93.0,100
1,spinal_canal_stenosis_l2_l3,Moderate,6,6.0,100
1,spinal_canal_stenosis_l2_l3,Severe,1,1.0,100
1,spinal_canal_stenosis_l3_l4,Normal/Mild,84,84.0,100
1,spinal_canal_stenosis_l3_l4,Moderate,9,9.0,100
1,spinal_canal_stenosis_l3_l4,Severe,7,7.000000000000001,100
1,spinal_canal_stenosis_l4_l5,Normal/Mild,75,75.0,100
1,spinal_canal_stenosis_l4_l5,Moderate,9,9.0,100
1,spinal_canal_stenosis_l4_l5,Severe,16,16.0,100
1,spinal_canal_stenosis_l5_s1,Normal/Mild,94,94.0,100
1,spinal_canal_stenosis_l5_s1,Moderate,2,2.0,100
1,spinal_canal_stenosis_l5_s1,Severe,4,4.0,100
1,left_neural_foraminal_narrowing_l1_l2,Normal/Mild,95,95.0,100
1,left_neural_foraminal_narrowing_l1_l2,Moderate,4,4.0,100
1,left_neural_foraminal_narrowing_l1_l2,Severe,1,1.0,100
1,left_neural_foraminal_narrowing_l2_l3,Normal/Mild,86,86.0,100
1,left_neural_foraminal_narrowing_l2_l3,Moderate,12,12.0,100
1,left_neural_foraminal_narrowing_l2_l3,Severe,2,2.0,100
1,left_neural_foraminal_narrowing_l3_l4,Normal/Mild,74,74.0,100
1,left_neural_foraminal_narrowing_l3_l4,Moderate,23,23.0,100
1,left_neural_foraminal_narrowing_l3_l4,Severe,3,3.0,100
1,left_neural_foraminal_narrowing_l4_l5,Normal/Mild,55,55.00000000000001,100
1,left_neural_foraminal_narrowing_l4_l5,Moderate,34,34.0,100
1,left_neural_foraminal_narrowing_l4_l5,Severe,11,11.0,100
1,left_neural_foraminal_narrowing_l5_s1,Normal/Mild,59,59.0,100
1,left_neural_foraminal_narrowing_l5_s1,Moderate,27,27.0,100
1,left_neural_foraminal_narrowing_l5_s1,Severe,14,14.000000000000002,100
1,right_neural_foraminal_narrowing_l1_l2,Normal/Mild,96,96.0,100
1,right_neural_foraminal_narrowing_l1_l2,Moderate,2,2.0,100
1,right_neural_foraminal_narrowing_l1_l2,Severe,2,2.0,100
1,right_neural_foraminal_narrowing_l2_l3,Normal/Mild,91,91.0,100
1,right_neural_foraminal_narrowing_l2_l3,Moderate,8,8.0,100
1,right_neural_foraminal_narrowing_l2_l3,Severe,1,1.0,100
1,right_neural_foraminal_narrowing_l3_l4,Normal/Mild,75,75.0,100
1,right_neural_foraminal_narrowing_l3_l4,Moderate,20,20.0,100
1,right_neural_foraminal_narrowing_l3_l4,Severe,5,5.0,100
1,right_neural_foraminal_narrowing_l4_l5,Normal/Mild,59,59.0,100
1,right_neural_foraminal_narrowing_l4_l5,Moderate,32,32.0,100
1,right_neural_foraminal_narrowing_l4_l5,Severe,9,9.0,100
1,right_neural_foraminal_narrowing_l5_s1,Normal/Mild,63,63.0,100
1,right_neural_foraminal_narrowing_l5_s1,Moderate,23,23.0,100
1,right_neural_foraminal_narrowing_l5_s1,Severe,14,14.000000000000002,100
1,left_subarticular_stenosis_l1_l2,Normal/Mild,93,94.89795918367348,98
1,left_subarticular_stenosis_l1_l2,Moderate,4,4.081632653061225,98
1,left_subarticular_stenosis_l1_l2,Severe,1,1.0204081632653061,98
1,left_subarticular_stenosis_l2_l3,Normal/Mild,81,81.81818181818183,99
1,left_subarticular_stenosis_l2_l3,Moderate,16,16.161616161616163,99
1,left_subarticular_stenosis_l2_l3,Severe,2,2.0202020202020203,99
1,left_subarticular_stenosis_l3_l4,Normal/Mild,69,69.0,100
1,left_subarticular_stenosis_l3_l4,Moderate,25,25.0,100
1,left_subarticular_stenosis_l3_l4,Severe,6,6.0,100
1,left_subarticular_stenosis_l4_l5,Normal/Mild,45,45.0,100
1,left_subarticular_stenosis_l4_l5,Moderate,33,33.0,100
1,left_subarticular_stenosis_l4_l5,Severe,22,22.0,100
1,left_subarticular_stenosis_l5_s1,Normal/Mild,67,68.36734693877551,98
1,left_subarticular_stenosis_l5_s1,Moderate,22,22.448979591836736,98
1,left_subarticular_stenosis_l5_s1,Severe,9,9.183673469387756,98
1,right_subarticular_stenosis_l1_l2,Normal/Mild,95,96.93877551020408,98
1,right_subarticular_stenosis_l1_l2,Moderate,2,2.0408163265306123,98
1,right_subarticular_stenosis_l1_l2,Severe,1,1.0204081632653061,98
1,right_subarticular_stenosis_l2_l3,Normal/Mild,80,80.8080808080808,99
1,right_subarticular_stenosis_l2_l3,Moderate,16,16.161616161616163,99
1,right_subarticular_stenosis_l2_l3,Severe,3,3.0303030303030303,99
1,right_subarticular_stenosis_l3_l4,Normal/Mild,63,63.0,100
1,right_subarticular_stenosis_l3_l4,Moderate,28,28.000000000000004,100
1,right_subarticular_stenosis_l3_l4,Severe,9,9.0,100
1,right_subarticular_stenosis_l4_l5,Normal/Mild,41,41.0,100
1,right_subarticular_stenosis_l4_l5,Moderate,33,33.0,100
1,right_subarticular_stenosis_l4_l5,Severe,26,26.0,100
1,right_subarticular_stenosis_l5_s1,Normal/Mild,68,68.68686868686868,99
1,right_subarticular_stenosis_l5_s1,Moderate,19,19.19191919191919,99
1,right_subarticular_stenosis_l5_s1,Severe,12,12.121212121212121,99
2,spinal_canal_stenosis_l1_l2,Normal/Mild,92,92.0,100
2,spinal_canal_stenosis_l1_l2,Moderate,6,6.0,100
2,spinal_canal_stenosis_l1_l2,Severe,2,2.0,100
2,spinal_canal_stenosis_l2_l3,Normal/Mild,85,85.0,100
2,spinal_canal_stenosis_l2_l3,Moderate,11,11.0,100
2,spinal_canal_stenosis_l2_l3,Severe,4,4.0,100
2,spinal_canal_stenosis_l3_l4,Normal/Mild,81,81.0,100
2,spinal_canal_stenosis_l3_l4,Moderate,9,9.0,100
2,spinal_canal_stenosis_l3_l4,Severe,10,10.0,100
2,spinal_canal_stenosis_l4_l5,Normal/Mild,74,74.0,100
2,spinal_canal_stenosis_l4_l5,Moderate,16,16.0,100
2,spinal_canal_stenosis_l4_l5,Severe,10,10.0,100
2,spinal_canal_stenosis_l5_s1,Normal/Mild,96,96.0,100
2,spinal_canal_stenosis_l5_s1,Moderate,2,2.0,100
2,spinal_canal_stenosis_l5_s1,Severe,2,2.0,100
2,left_neural_foraminal_narrowing_l1_l2,Normal/Mild,97,97.0,100
2,left_neural_foraminal_narrowing_l1_l2,Moderate,2,2.0,100
2,left_neural_foraminal_narrowing_l1_l2,Severe,1,1.0,100
2,left_neural_foraminal_narrowing_l2_l3,Normal/Mild,82,82.0,100
2,left_neural_foraminal_narrowing_l2_l3,Moderate,17,17.0,100
2,left_neural_foraminal_narrowing_l2_l3,Severe,1,1.0,100
2,left_neural_foraminal_narrowing_l3_l4,Normal/Mild,70,70.0,100
2,left_neural_foraminal_narrowing_l3_l4,Moderate,25,25.0,100
2,left_neural_foraminal_narrowing_l3_l4,Severe,5,5.0,100
2,left_neural_foraminal_narrowing_l4_l5,Normal/Mild,58,57.99999999999999,100
2,left_neural_foraminal_narrowing_l4_l5,Moderate,34,34.0,100
2,left_neural_foraminal_narrowing_l4_l5,Severe,8,8.0,100
2,left_neural_foraminal_narrowing_l5_s1,Normal/Mild,61,61.0,100
2,left_neural_foraminal_narrowing_l5_s1,Moderate,24,24.0,100
2,left_neural_foraminal_narrowing_l5_s1,Severe,15,15.0,100
2,right_neural_foraminal_narrowing_l1_l2,Normal/Mild,89,89.8989898989899,99
2,right_neural_foraminal_narrowing_l1_l2,Moderate,7,7.07070707070707,99
2,right_neural_foraminal_narrowing_l1_l2,Severe,3,3.0303030303030303,99
2,right_neural_foraminal_narrowing_l2_l3,Normal/Mild,83,83.83838383838383,99
2,right_neural_foraminal_narrowing_l2_l3,Moderate,13,13.131313131313133,99
2,right_neural_foraminal_narrowing_l2_l3,Severe,3,3.0303030303030303,99
2,right_neural_foraminal_narrowing_l3_l4,Normal/Mild,73,73.73737373737373,99
2,right_neural_foraminal_narrowing_l3_l4,Moderate,23,23.232323232323232,99
2,right_neural_foraminal_narrowing_l3_l4,Severe,3,3.0303030303030303,99
2,right_neural_foraminal_narrowing_l4_l5,Normal/Mild,62,62.62626262626263,99
2,right_neural_foraminal_narrowing_l4_l5,Moderate,32,32.323232323232325,99
2,right_neural_foraminal_narrowing_l4_l5,Severe,5,5.05050505050505,99
2,right_neural_foraminal_narrowing_l5_s1,Normal/Mild,63,63.63636363636363,99
2,right_neural_foraminal_narrowing_l5_s1,Moderate,24,24.242424242424242,99
2,right_neural_foraminal_narrowing_l5_s1,Severe,12,12.121212121212121,99
2,left_subarticular_stenosis_l1_l2,Normal/Mild,79,89.77272727272727,88
2,left_subarticular_stenosis_l1_l2,Moderate,9,10.227272727272728,88
2,left_subarticular_stenosis_l1_l2,Severe,0,0.0,88
2,left_subarticular_stenosis_l2_l3,Normal/Mild,65,69.14893617021278,94
2,left_subarticular_stenosis_l2_l3,Moderate,21,22.340425531914892,94
2,left_subarticular_stenosis_l2_l3,Severe,8,8.51063829787234,94
2,left_subarticular_stenosis_l3_l4,Normal/Mild,59,59.0,100
2,left_subarticular_stenosis_l3_l4,Moderate,26,26.0,100
2,left_subarticular_stenosis_l3_l4,Severe,15,15.0,100
2,left_subarticular_stenosis_l4_l5,Normal/Mild,43,43.0,100
2,left_subarticular_stenosis_l4_l5,Moderate,27,27.0,100
2,left_subarticular_stenosis_l4_l5,Severe,30,30.0,100
2,left_subarticular_stenosis_l5_s1,Normal/Mild,64,64.64646464646465,99
2,left_subarticular_stenosis_l5_s1,Moderate,19,19.19191919191919,99
2,left_subarticular_stenosis_l5_s1,Severe,16,16.161616161616163,99
2,right_subarticular_stenosis_l1_l2,Normal/Mild,77,87.5,88
2,right_subarticular_stenosis_l1_l2,Moderate,8,9.090909090909092,88
2,right_subarticular_stenosis_l1_l2,Severe,3,3.4090909090909087,88
2,right_subarticular_stenosis_l2_l3,Normal/Mild,69,74.19354838709677,93
2,right_subarticular_stenosis_l2_l3,Moderate,16,17.20430107526882,93
2,right_subarticular_stenosis_l2_l3,Severe,8,8.60215053763441,93
2,right_subarticular_stenosis_l3_l4,Normal/Mild,60,60.0,100
2,right_subarticular_stenosis_l3_l4,Moderate,28,28.000000000000004,100
2,right_subarticular_stenosis_l3_l4,Severe,12,12.0,100
2,right_subarticular_stenosis_l4_l5,Normal/Mild,42,42.0,100
2,right_subarticular_stenosis_l4_l5,Moderate,39,39.0,100
2,right_subarticular_stenosis_l4_l5,Severe,19,19.0,100
2,right_subarticular_stenosis_l5_s1,Normal/Mild,66,66.0,100
2,right_subarticular_stenosis_l5_s1,Moderate,26,26.0,100
2,right_subarticular_stenosis_l5_s1,Severe,8,8.0,100
3,spinal_canal_stenosis_l1_l2,Normal/Mild,95,95.0,100
3,spinal_canal_stenosis_l1_l2,Moderate,5,5.0,100
3,spinal_canal_stenosis_l1_l2,Severe,0,0.0,100
3,spinal_canal_stenosis_l2_l3,Normal/Mild,88,88.0,100
3,spinal_canal_stenosis_l2_l3,Moderate,6,6.0,100
3,spinal_canal_stenosis_l2_l3,Severe,6,6.0,100
3,spinal_canal_stenosis_l3_l4,Normal/Mild,82,82.0,100
3,spinal_canal_stenosis_l3_l4,Moderate,10,10.0,100
3,spinal_canal_stenosis_l3_l4,Severe,8,8.0,100
3,spinal_canal_stenosis_l4_l5,Normal/Mild,68,68.0,100
3,spinal_canal_stenosis_l4_l5,Moderate,14,14.000000000000002,100
3,spinal_canal_stenosis_l4_l5,Severe,18,18.0,100
3,spinal_canal_stenosis_l5_s1,Normal/Mild,94,94.0,100
3,spinal_canal_stenosis_l5_s1,Moderate,3,3.0,100
3,spinal_canal_stenosis_l5_s1,Severe,3,3.0,100
3,left_neural_foraminal_narrowing_l1_l2,Normal/Mild,95,95.0,100
3,left_neural_foraminal_narrowing_l1_l2,Moderate,5,5.0,100
3,left_neural_foraminal_narrowing_l1_l2,Severe,0,0.0,100
3,left_neural_foraminal_narrowing_l2_l3,Normal/Mild,86,86.0,100
3,left_neural_foraminal_narrowing_l2_l3,Moderate,9,9.0,100
3,left_neural_foraminal_narrowing_l2_l3,Severe,5,5.0,100
3,left_neural_foraminal_narrowing_l3_l4,Normal/Mild,80,80.0,100
3,left_neural_foraminal_narrowing_l3_l4,Moderate,16,16.0,100
3,left_neural_foraminal_narrowing_l3_l4,Severe,4,4.0,100
3,left_neural_foraminal_narrowing_l4_l5,Normal/Mild,61,61.0,100
3,left_neural_foraminal_narrowing_l4_l5,Moderate,31,31.0,100
3,left_neural_foraminal_narrowing_l4_l5,Severe,8,8.0,100
3,left_neural_foraminal_narrowing_l5_s1,Normal/Mild,56,56.00000000000001,100
3,left_neural_foraminal_narrowing_l5_s1,Moderate,31,31.0,100
3,left_neural_foraminal_narrowing_l5_s1,Severe,13,13.0,100
3,right_neural_foraminal_narrowing_l1_l2,Normal/Mild,97,97.0,100
3,right_neural_foraminal_narrowing_l1_l2,Moderate,2,2.0,100
3,right_neural_foraminal_narrowing_l1_l2,Severe,1,1.0,100
3,right_neural_foraminal_narrowing_l2_l3,Normal/Mild,89,89.0,100
3,right_neural_foraminal_narrowing_l2_l3,Moderate,10,10.0,100
3,right_neural_foraminal_narrowing_l2_l3,Severe,1,1.0,100
3,right_neural_foraminal_narrowing_l3_l4,Normal/Mild,77,77.0,100
3,right_neural_foraminal_narrowing_l3_l4,Moderate,22,22.0,100
3,right_neural_foraminal_narrowing_l3_l4,Severe,1,1.0,100
3,right_neural_foraminal_narrowing_l4_l5,Normal/Mild,62,62.0,100
3,right_neural_foraminal_narrowing_l4_l5,Moderate,33,33.0,100
3,right_neural_foraminal_narrowing_l4_l5,Severe,5,5.0,100
3,right_neural_foraminal_narrowing_l5_s1,Normal/Mild,67,67.0,100
3,right_neural_foraminal_narrowing_l5_s1,Moderate,21,21.0,100
3,right_neural_foraminal_narrowing_l5_s1,Severe,12,12.0,100
3,left_subarticular_stenosis_l1_l2,Normal/Mild,87,91.57894736842105,95
3,left_subarticular_stenosis_l1_l2,Moderate,6,6.315789473684211,95
3,left_subarticular_stenosis_l1_l2,Severe,2,2.1052631578947367,95
3,left_subarticular_stenosis_l2_l3,Normal/Mild,79,80.61224489795919,98
3,left_subarticular_stenosis_l2_l3,Moderate,13,13.26530612244898,98
3,left_subarticular_stenosis_l2_l3,Severe,6,6.122448979591836,98
3,left_subarticular_stenosis_l3_l4,Normal/Mild,70,70.0,100
3,left_subarticular_stenosis_l3_l4,Moderate,16,16.0,100
3,left_subarticular_stenosis_l3_l4,Severe,14,14.000000000000002,100
3,left_subarticular_stenosis_l4_l5,Normal/Mild,38,38.0,100
3,left_subarticular_stenosis_l4_l5,Moderate,31,31.0,100
3,left_subarticular_stenosis_l4_l5,Severe,31,31.0,100
3,left_subarticular_stenosis_l5_s1,Normal/Mild,73,73.0,100
3,left_subarticular_stenosis_l5_s1,Moderate,21,21.0,100
3,left_subarticular_stenosis_l5_s1,Severe,6,6.0,100
3,right_subarticular_stenosis_l1_l2,Normal/Mild,89,93.6842105263158,95
3,right_subarticular_stenosis_l1_l2,Moderate,5,5.263157894736842,95
3,right_subarticular_stenosis_l1_l2,Severe,1,1.0526315789473684,95
3,right_subarticular_stenosis_l2_l3,Normal/Mild,81,82.6530612244898,98
3,right_subarticular_stenosis_l2_l3,Moderate,11,11.224489795918368,98
3,right_subarticular_stenosis_l2_l3,Severe,6,6.122448979591836,98
3,right_subarticular_stenosis_l3_l4,Normal/Mild,73,73.0,100
3,right_subarticular_stenosis_l3_l4,Moderate,21,21.0,100
3,right_subarticular_stenosis_l3_l4,Severe,6,6.0,100
3,right_subarticular_stenosis_l4_l5,Normal/Mild,46,46.0,100
3,right_subarticular_stenosis_l4_l5,Moderate,28,28.000000000000004,100
3,right_subarticular_stenosis_l4_l5,Severe,26,26.0,100
3,right_subarticular_stenosis_l5_s1,Normal/Mild,76,76.0,100
3,right_subarticular_stenosis_l5_s1,Moderate,12,12.0,100
3,right_subarticular_stenosis_l5_s1,Severe,12,12.0,100
4,spinal_canal_stenosis_l1_l2,Normal/Mild,97,97.0,100
4,spinal_canal_stenosis_l1_l2,Moderate,3,3.0,100
4,spinal_canal_stenosis_l1_l2,Severe,0,0.0,100
4,spinal_canal_stenosis_l2_l3,Normal/Mild,89,89.0,100
4,spinal_canal_stenosis_l2_l3,Moderate,9,9.0,100
4,spinal_canal_stenosis_l2_l3,Severe,2,2.0,100
4,spinal_canal_stenosis_l3_l4,Normal/Mild,84,84.0,100
4,spinal_canal_stenosis_l3_l4,Moderate,11,11.0,100
4,spinal_canal_stenosis_l3_l4,Severe,5,5.0,100
4,spinal_canal_stenosis_l4_l5,Normal/Mild,70,70.0,100
4,spinal_canal_stenosis_l4_l5,Moderate,11,11.0,100
4,spinal_canal_stenosis_l4_l5,Severe,19,19.0,100
4,spinal_canal_stenosis_l5_s1,Normal/Mild,90,90.0,100
4,spinal_canal_stenosis_l5_s1,Moderate,4,4.0,100
4,spinal_canal_stenosis_l5_s1,Severe,6,6.0,100
4,left_neural_foraminal_narrowing_l1_l2,Normal/Mild,99,99.0,100
4,left_neural_foraminal_narrowing_l1_l2,Moderate,1,1.0,100
4,left_neural_foraminal_narrowing_l1_l2,Severe,0,0.0,100
4,left_neural_foraminal_narrowing_l2_l3,Normal/Mild,90,90.0,100
4,left_neural_foraminal_narrowing_l2_l3,Moderate,9,9.0,100
4,left_neural_foraminal_narrowing_l2_l3,Severe,1,1.0,100
4,left_neural_foraminal_narrowing_l3_l4,Normal/Mild,82,82.0,100
4,left_neural_foraminal_narrowing_l3_l4,Moderate,17,17.0,100
4,left_neural_foraminal_narrowing_l3_l4,Severe,1,1.0,100
4,left_neural_foraminal_narrowing_l4_l5,Normal/Mild,61,61.0,100
4,left_neural_foraminal_narrowing_l4_l5,Moderate,34,34.0,100
4,left_neural_foraminal_narrowing_l4_l5,Severe,5,5.0,100
4,left_neural_foraminal_narrowing_l5_s1,Normal/Mild,67,67.0,100
4,left_neural_foraminal_narrowing_l5_s1,Moderate,23,23.0,100
4,left_neural_foraminal_narrowing_l5_s1,Severe,10,10.0,100
4,right_neural_foraminal_narrowing_l1_l2,Normal/Mild,94,94.0,100
4,right_neural_foraminal_narrowing_l1_l2,Moderate,3,3.0,100
4,right_neural_foraminal_narrowing_l1_l2,Severe,3,3.0,100
4,right_neural_foraminal_narrowing_l2_l3,Normal/Mild,90,90.0,100
4,right_neural_foraminal_narrowing_l2_l3,Moderate,10,10.0,100
4,right_neural_foraminal_narrowing_l2_l3,Severe,0,0.0,100
4,right_neural_foraminal_narrowing_l3_l4,Normal/Mild,74,74.0,100
4,right_neural_foraminal_narrowing_l3_l4,Moderate,24,24.0,100
4,right_neural_foraminal_narrowing_l3_l4,Severe,2,2.0,100
4,right_neural_foraminal_narrowing_l4_l5,Normal/Mild,63,63.0,100
4,right_neural_foraminal_narrowing_l4_l5,Moderate,27,27.0,100
4,right_neural_foraminal_narrowing_l4_l5,Severe,10,10.0,100
4,right_neural_foraminal_narrowing_l5_s1,Normal/Mild,63,63.0,100
4,right_neural_foraminal_narrowing_l5_s1,Moderate,27,27.0,100
4,right_neural_foraminal_narrowing_l5_s1,Severe,10,10.0,100
4,left_subarticular_stenosis_l1_l2,Normal/Mild,82,92.13483146067416,89
4,left_subarticular_stenosis_l1_l2,Moderate,6,6.741573033707865,89
4,left_subarticular_stenosis_l1_l2,Severe,1,1.1235955056179776,89
4,left_subarticular_stenosis_l2_l3,Normal/Mild,83,85.56701030927834,97
4,left_subarticular_stenosis_l2_l3,Moderate,8,8.24742268041237,97
4,left_subarticular_stenosis_l2_l3,Severe,6,6.185567010309279,97
4,left_subarticular_stenosis_l3_l4,Normal/Mild,62,62.0,100
4,left_subarticular_stenosis_l3_l4,Moderate,32,32.0,100
4,left_subarticular_stenosis_l3_l4,Severe,6,6.0,100
4,left_subarticular_stenosis_l4_l5,Normal/Mild,43,43.43434343434344,99
4,left_subarticular_stenosis_l4_l5,Moderate,27,27.27272727272727,99
4,left_subarticular_stenosis_l4_l5,Severe,29,29.292929292929294,99
4,left_subarticular_stenosis_l5_s1,Normal/Mild,69,70.40816326530613,98
4,left_subarticular_stenosis_l5_s1,Moderate,16,16.3265306122449,98
4,left_subarticular_stenosis_l5_s1,Severe,13,13.26530612244898,98
4,right_subarticular_stenosis_l1_l2,Normal/Mild,84,94.3820224719101,89
4,right_subarticular_stenosis_l1_l2,Moderate,3,3.3707865168539324,89
4,right_subarticular_stenosis_l1_l2,Severe,2,2.247191011235955,89
4,right_subarticular_stenosis_l2_l3,Normal/Mild,81,83.50515463917526,97
4,right_subarticular_stenosis_l2_l3,Moderate,10,10.309278350515463,97
4,right_subarticular_stenosis_l2_l3,Severe,6,6.185567010309279,97
4,right_subarticular_stenosis_l3_l4,Normal/Mild,70,70.0,100
4,right_subarticular_stenosis_l3_l4,Moderate,23,23.0,100
4,right_subarticular_stenosis_l3_l4,Severe,7,7.000000000000001,100
4,right_subarticular_stenosis_l4_l5,Normal/Mild,41,41.41414141414141,99
4,right_subarticular_stenosis_l4_l5,Moderate,24,24.242424242424242,99
4,right_subarticular_stenosis_l4_l5,Severe,34,34.34343434343434,99
4,right_subarticular_stenosis_l5_s1,Normal/Mild,71,72.44897959183673,98
4,right_subarticular_stenosis_l5_s1,Moderate,15,15.306122448979592,98
4,right_subarticular_stenosis_l5_s1,Severe,12,12.244897959183673,98
