conjunto,modelo,accuracy,balanced_accuracy,f1_macro,f1_weighted,log_loss,log_loss_ponderada
—,Baseline trivial (classe majoritária),0.7562 ± 0.0170,0.3333 ± 0.0000,0.2838 ± 0.0036,0.6608 ± 0.0232,0.6377 ± 0.0369,0.9720 ± 0.0708
GLCM,LR,0.6048 ± 0.0240,0.4569 ± 0.0167,0.3730 ± 0.0181,0.6129 ± 0.0308,0.8556 ± 0.0245,0.8531 ± 0.0221
GLCM,SVM,0.5982 ± 0.0208,0.4500 ± 0.0071,0.3686 ± 0.0082,0.6106 ± 0.0227,0.5777 ± 0.0322,0.8519 ± 0.0521
GLCM,RF,0.7033 ± 0.0207,0.4224 ± 0.0131,0.4070 ± 0.0071,0.7020 ± 0.0219,0.6725 ± 0.0273,0.8056 ± 0.0459
GLCM,HGB,0.6675 ± 0.0125,0.4204 ± 0.0098,0.3996 ± 0.0073,0.6801 ± 0.0153,0.7704 ± 0.0390,0.9611 ± 0.0625
LBP,LR,0.5766 ± 0.0192,0.4027 ± 0.0136,0.3276 ± 0.0093,0.5727 ± 0.0220,0.8975 ± 0.0212,0.8963 ± 0.0242
LBP,SVM,0.5776 ± 0.0152,0.3971 ± 0.0176,0.3358 ± 0.0205,0.5812 ± 0.0202,0.6142 ± 0.0346,0.9130 ± 0.0593
LBP,RF,0.7117 ± 0.0126,0.3896 ± 0.0066,0.3806 ± 0.0071,0.6957 ± 0.0201,0.6881 ± 0.0133,0.8343 ± 0.0304
LBP,HGB,0.6696 ± 0.0057,0.3886 ± 0.0110,0.3788 ± 0.0112,0.6724 ± 0.0133,0.7881 ± 0.0459,1.0329 ± 0.1094
HOG,LR,0.7027 ± 0.0158,0.5762 ± 0.0271,0.5068 ± 0.0125,0.7260 ± 0.0176,0.6717 ± 0.0254,0.7142 ± 0.0352
HOG,SVM,0.7607 ± 0.0183,0.5783 ± 0.0315,0.5492 ± 0.0255,0.7719 ± 0.0191,0.4693 ± 0.0260,0.6575 ± 0.0485
HOG,RF,0.7840 ± 0.0119,0.4839 ± 0.0168,0.4659 ± 0.0120,0.7542 ± 0.0184,0.5520 ± 0.0153,0.6886 ± 0.0290
HOG,HGB,0.7870 ± 0.0146,0.5043 ± 0.0161,0.5022 ± 0.0114,0.7719 ± 0.0203,0.6680 ± 0.1161,1.0315 ± 0.2099
INT,LR,0.6946 ± 0.0198,0.5476 ± 0.0193,0.4843 ± 0.0189,0.7159 ± 0.0199,0.6803 ± 0.0298,0.6934 ± 0.0361
INT,SVM,0.6865 ± 0.0197,0.5501 ± 0.0256,0.4885 ± 0.0222,0.7115 ± 0.0203,0.4973 ± 0.0311,0.7150 ± 0.0500
INT,RF,0.7549 ± 0.0183,0.5237 ± 0.0229,0.5005 ± 0.0141,0.7575 ± 0.0209,0.5609 ± 0.0222,0.6743 ± 0.0282
INT,HGB,0.7476 ± 0.0138,0.5021 ± 0.0195,0.4898 ± 0.0168,0.7511 ± 0.0153,0.6673 ± 0.0431,0.9121 ± 0.0627
TODOS,LR,0.7361 ± 0.0169,0.6030 ± 0.0261,0.5418 ± 0.0224,0.7560 ± 0.0163,0.6308 ± 0.0404,0.7065 ± 0.0730
TODOS,SVM,0.7739 ± 0.0172,0.5977 ± 0.0296,0.5670 ± 0.0250,0.7849 ± 0.0166,0.4399 ± 0.0225,0.6115 ± 0.0388
TODOS,RF,0.7958 ± 0.0122,0.5093 ± 0.0199,0.5004 ± 0.0098,0.7722 ± 0.0164,0.5192 ± 0.0159,0.6465 ± 0.0269
TODOS,HGB,0.7998 ± 0.0162,0.5444 ± 0.0216,0.5418 ± 0.0176,0.7894 ± 0.0193,0.6103 ± 0.0747,0.9162 ± 0.1212
