conjunto,modelo,accuracy_mean,accuracy_std,balanced_accuracy_mean,balanced_accuracy_std,f1_macro_mean,f1_macro_std,f1_weighted_mean,f1_weighted_std,log_loss_mean,log_loss_std,log_loss_ponderada_mean,log_loss_ponderada_std
—,Baseline trivial (classe majoritária),0.7561615444674048,0.01704258283312114,0.33333333333333326,0.0,0.2838329000224911,0.003631336729891328,0.6608243888673361,0.023205548825842956,0.6377041168236468,0.036867150209118654,0.9719778593230302,0.07077485320148992
GLCM,LR,0.6047825737293485,0.024041723077794605,0.45689980173329064,0.016687718999000442,0.3730487047970836,0.01811489153895412,0.6129273447751438,0.03076446525437549,0.8555998605848207,0.02452796657743784,0.8531182363655223,0.022109812236936904
GLCM,SVM,0.5981826139367881,0.020783837948904694,0.4499698281027532,0.007088575826294899,0.3686142873095853,0.008156278609664374,0.610552920108613,0.022676726113916842,0.5777451423207702,0.032152982154158946,0.8519467878188729,0.05208928810912653
GLCM,RF,0.7032858683607452,0.020673861399530136,0.4224303015280708,0.013105476899532249,0.4069912306385065,0.007137242257572245,0.7020058602348112,0.021887072315060846,0.6725349180385564,0.02734917277427721,0.8055881436147914,0.045880182551460084
GLCM,HGB,0.6675426372530856,0.01249447205552109,0.42037467683028157,0.009832537366213536,0.3995694360683729,0.007308550080002948,0.6800636919786709,0.015348744564053326,0.7703619834137723,0.03897182763495551,0.961110214402072,0.0625345405693026
LBP,LR,0.576590804632569,0.019235212392610224,0.40265969805278273,0.01359611326470262,0.3276228351775954,0.009322892290625587,0.572689892194013,0.02195456465620091,0.8975240655421608,0.02119754468406243,0.8962578788236544,0.024192702956771738
LBP,SVM,0.5776277778221696,0.015211212845080778,0.39705941685986784,0.017575999693786534,0.33584216349469725,0.020476415149118687,0.581190709048963,0.02018259721629236,0.6141690505620714,0.03463353230502535,0.9130085867311534,0.059298796007171285
LBP,RF,0.7116876467002157,0.012577578930243659,0.3895760419350223,0.006574355534402614,0.3805887881746271,0.007118986669044875,0.6957415598125785,0.0200842421039401,0.6880807257599209,0.013272890181809275,0.8342747210558908,0.030376547982083932
LBP,HGB,0.6695574625577161,0.00569410243552265,0.3885638190777084,0.01099419816365475,0.3788239684013426,0.0111980475082128,0.6723908737421294,0.01330079064639903,0.7880812464056968,0.0459318306693446,1.0328685818293595,0.10942641675727567
HOG,LR,0.7026677796606283,0.015812042710261917,0.5762124269302188,0.027101469033574726,0.5068169883718013,0.012538069248707037,0.7260422038372735,0.01762022191952329,0.671742098942062,0.025420456240946014,0.7142148929907359,0.03517660904220895
HOG,SVM,0.7607085852743989,0.01831497420029465,0.5783080616422571,0.03149735123777156,0.5492132102568593,0.025478453205434275,0.7719006317546298,0.01908823102097299,0.46931603272440564,0.0259725736309948,0.6575442406069014,0.04846762820378537
HOG,RF,0.7839656665892665,0.011884406460939754,0.48391077342928923,0.016808730752481998,0.4659454340176502,0.011987310713860446,0.754248095892543,0.018410066971415517,0.5519932841897813,0.01530908631065088,0.6886231751599018,0.02900103272336024
HOG,HGB,0.7869733692435547,0.014618474238500994,0.5042853468880872,0.016122388492325876,0.5021699545163769,0.011442154856616748,0.7719089602369801,0.020288215545350003,0.6679902901138606,0.11612191948062903,1.0315125033728356,0.20985817082129826
INT,LR,0.6945550657940542,0.01977512935159374,0.5476283805661896,0.01933128717663205,0.4843384484032458,0.01885702933600621,0.7158973864292897,0.019858876420232117,0.6802671046836115,0.029832847191889666,0.6933657985456317,0.036050509151548525
INT,SVM,0.686467461404464,0.01965327420613657,0.5501201016884172,0.025629949525378965,0.4884637112821129,0.022220016357979024,0.7115004133711643,0.020320784912553274,0.4973329500627924,0.031076248793732796,0.7150157409586628,0.05000433824080389
INT,RF,0.7549430403408574,0.018260055916657122,0.5237467641701296,0.02288570811758325,0.5005369027950612,0.014133606685345428,0.7575163190225773,0.020866120643202656,0.5609377759184394,0.02224198737335844,0.6743079815544577,0.028206855403114635
INT,HGB,0.7475952818836131,0.013846621195171091,0.5020803211738529,0.01947985384021066,0.48981444643926214,0.016790029456148364,0.7511283095554127,0.015261381750509891,0.6673217619877382,0.04309278124915444,0.9121433417540666,0.06267938888595687
TODOS,LR,0.7360815946244681,0.016873532820441114,0.6030445578842549,0.0260820801475179,0.5417907037889328,0.02238042860831078,0.756031905629784,0.0162681658994545,0.6307510067851514,0.040405986503696374,0.7065395146491474,0.07302934781471984
TODOS,SVM,0.7738562841608077,0.01716981678246847,0.5976909967959453,0.02963408655619976,0.5669710751767263,0.02499914469686486,0.7849367148589474,0.016635607631488896,0.4399381152283685,0.02245071922444723,0.6115316662157688,0.03877516530602143
TODOS,RF,0.7957877808030313,0.012163380102647666,0.5092769466975413,0.019917318929260183,0.5003821754678566,0.009841685858910862,0.7721888800325754,0.016424070321910254,0.5192440459555772,0.01593047434300501,0.6465237264072881,0.02693925944454493
TODOS,HGB,0.7998495741190415,0.016210203717167804,0.5444473425589099,0.02159695472931513,0.5417729324709948,0.017580470333162335,0.7893544358447817,0.019314967474228915,0.6102688242121421,0.07469533144218982,0.9162087253741877,0.12115557972836134
