condition,fold,cv_interno_f1_macro,C,conjunto,modelo,gamma,min_samples_leaf,max_depth
Spinal Canal Stenosis,0,0.4405061870038554,10.0,GLCM,LR,,,
Spinal Canal Stenosis,1,0.4635621458670564,10.0,GLCM,LR,,,
Spinal Canal Stenosis,2,0.4375790557391592,1.0,GLCM,LR,,,
Spinal Canal Stenosis,3,0.4170967506455736,0.01,GLCM,LR,,,
Spinal Canal Stenosis,4,0.4374011542138349,0.01,GLCM,LR,,,
Left Neural Foraminal Narrowing,0,0.4164274066921079,10.0,GLCM,LR,,,
Left Neural Foraminal Narrowing,1,0.4128739234405796,0.1,GLCM,LR,,,
Left Neural Foraminal Narrowing,2,0.409787062853715,0.1,GLCM,LR,,,
Left Neural Foraminal Narrowing,3,0.4205742810248075,10.0,GLCM,LR,,,
Left Neural Foraminal Narrowing,4,0.4173542917489861,0.1,GLCM,LR,,,
Right Neural Foraminal Narrowing,0,0.4463885283574091,10.0,GLCM,LR,,,
Right Neural Foraminal Narrowing,1,0.4446334589516131,1.0,GLCM,LR,,,
Right Neural Foraminal Narrowing,2,0.4458400560022992,0.1,GLCM,LR,,,
Right Neural Foraminal Narrowing,3,0.4509226712646324,10.0,GLCM,LR,,,
Right Neural Foraminal Narrowing,4,0.4534340170085607,0.1,GLCM,LR,,,
Left Subarticular Stenosis,0,0.5022521871278852,1.0,GLCM,LR,,,
Left Subarticular Stenosis,1,0.5107242601104828,1.0,GLCM,LR,,,
Left Subarticular Stenosis,2,0.5163761372826273,0.1,GLCM,LR,,,
Left Subarticular Stenosis,3,0.5101861035365983,1.0,GLCM,LR,,,
Left Subarticular Stenosis,4,0.5247805011203667,10.0,GLCM,LR,,,
Right Subarticular Stenosis,0,0.5171367910172457,10.0,GLCM,LR,,,
Right Subarticular Stenosis,1,0.5064705446335309,10.0,GLCM,LR,,,
Right Subarticular Stenosis,2,0.5234379540444896,10.0,GLCM,LR,,,
Right Subarticular Stenosis,3,0.5121924342561125,0.1,GLCM,LR,,,
Right Subarticular Stenosis,4,0.5182257562149365,10.0,GLCM,LR,,,
Spinal Canal Stenosis,0,0.4401022702317316,10.0,GLCM,SVM,0.01,,
Spinal Canal Stenosis,1,0.44619539158926375,1.0,GLCM,SVM,0.01,,
Spinal Canal Stenosis,2,0.4241529088391985,10.0,GLCM,SVM,0.01,,
Spinal Canal Stenosis,3,0.405261428068731,10.0,GLCM,SVM,0.01,,
Spinal Canal Stenosis,4,0.43137413293831717,1.0,GLCM,SVM,scale,,
Left Neural Foraminal Narrowing,0,0.4172766545299864,10.0,GLCM,SVM,scale,,
Left Neural Foraminal Narrowing,1,0.421087056699293,1.0,GLCM,SVM,scale,,
Left Neural Foraminal Narrowing,2,0.42302899993736837,10.0,GLCM,SVM,scale,,
Left Neural Foraminal Narrowing,3,0.4144362421314611,1.0,GLCM,SVM,scale,,
Left Neural Foraminal Narrowing,4,0.41955312151093627,1.0,GLCM,SVM,scale,,
Right Neural Foraminal Narrowing,0,0.43590530601271116,1.0,GLCM,SVM,scale,,
Right Neural Foraminal Narrowing,1,0.4400977574651683,1.0,GLCM,SVM,0.01,,
Right Neural Foraminal Narrowing,2,0.46108171095117223,1.0,GLCM,SVM,scale,,
Right Neural Foraminal Narrowing,3,0.4490863546602693,0.1,GLCM,SVM,scale,,
Right Neural Foraminal Narrowing,4,0.4569500517996841,1.0,GLCM,SVM,0.01,,
Left Subarticular Stenosis,0,0.5138152067380805,10.0,GLCM,SVM,0.01,,
Left Subarticular Stenosis,1,0.5089768200610912,10.0,GLCM,SVM,scale,,
Left Subarticular Stenosis,2,0.5200528005497264,10.0,GLCM,SVM,0.01,,
Left Subarticular Stenosis,3,0.5162266015475147,10.0,GLCM,SVM,0.01,,
Left Subarticular Stenosis,4,0.5188941102202934,10.0,GLCM,SVM,0.01,,
Right Subarticular Stenosis,0,0.5214842930494548,10.0,GLCM,SVM,scale,,
Right Subarticular Stenosis,1,0.5077733591016619,1.0,GLCM,SVM,scale,,
Right Subarticular Stenosis,2,0.5081768747679676,10.0,GLCM,SVM,scale,,
Right Subarticular Stenosis,3,0.5086370307412338,1.0,GLCM,SVM,scale,,
Right Subarticular Stenosis,4,0.5189282114897716,10.0,GLCM,SVM,0.01,,
Spinal Canal Stenosis,0,0.4704468216224267,,GLCM,RF,,5.0,
Spinal Canal Stenosis,1,0.4679795559572019,,GLCM,RF,,5.0,
Spinal Canal Stenosis,2,0.43518461951489623,,GLCM,RF,,5.0,
Spinal Canal Stenosis,3,0.43299500251544104,,GLCM,RF,,5.0,
Spinal Canal Stenosis,4,0.4797435013085864,,GLCM,RF,,5.0,
Left Neural Foraminal Narrowing,0,0.44098947514814446,,GLCM,RF,,5.0,
Left Neural Foraminal Narrowing,1,0.4376635602818218,,GLCM,RF,,5.0,
Left Neural Foraminal Narrowing,2,0.45000375392068787,,GLCM,RF,,5.0,
Left Neural Foraminal Narrowing,3,0.45146201028295013,,GLCM,RF,,5.0,
Left Neural Foraminal Narrowing,4,0.47386145427815585,,GLCM,RF,,5.0,
Right Neural Foraminal Narrowing,0,0.45876666366652824,,GLCM,RF,,5.0,
Right Neural Foraminal Narrowing,1,0.45258588568867203,,GLCM,RF,,5.0,
Right Neural Foraminal Narrowing,2,0.46922198038312474,,GLCM,RF,,5.0,
Right Neural Foraminal Narrowing,3,0.473536339118698,,GLCM,RF,,5.0,
Right Neural Foraminal Narrowing,4,0.4540794851475684,,GLCM,RF,,5.0,
Left Subarticular Stenosis,0,0.5190198489521342,,GLCM,RF,,5.0,
Left Subarticular Stenosis,1,0.5121848533317773,,GLCM,RF,,5.0,
Left Subarticular Stenosis,2,0.5319439531051997,,GLCM,RF,,5.0,
Left Subarticular Stenosis,3,0.5375903578699811,,GLCM,RF,,5.0,
Left Subarticular Stenosis,4,0.49725881045959897,,GLCM,RF,,5.0,
Right Subarticular Stenosis,0,0.528556337603468,,GLCM,RF,,5.0,
Right Subarticular Stenosis,1,0.530722924779845,,GLCM,RF,,5.0,
Right Subarticular Stenosis,2,0.5242465868432321,,GLCM,RF,,5.0,
Right Subarticular Stenosis,3,0.5301207635153634,,GLCM,RF,,5.0,
Right Subarticular Stenosis,4,0.5200549161516538,,GLCM,RF,,5.0,
Spinal Canal Stenosis,0,0.46297336285307794,,GLCM,HGB,,,3.0
Spinal Canal Stenosis,1,0.4649620819173981,,GLCM,HGB,,,3.0
Spinal Canal Stenosis,2,0.4263448335456777,,GLCM,HGB,,,3.0
Spinal Canal Stenosis,3,0.4277831585243818,,GLCM,HGB,,,3.0
Spinal Canal Stenosis,4,0.476650178005541,,GLCM,HGB,,,3.0
Left Neural Foraminal Narrowing,0,0.4353329015939596,,GLCM,HGB,,,3.0
Left Neural Foraminal Narrowing,1,0.4640404733299594,,GLCM,HGB,,,6.0
Left Neural Foraminal Narrowing,2,0.44927302083138615,,GLCM,HGB,,,3.0
Left Neural Foraminal Narrowing,3,0.41825517827525305,,GLCM,HGB,,,3.0
Left Neural Foraminal Narrowing,4,0.45090833175998646,,GLCM,HGB,,,3.0
Right Neural Foraminal Narrowing,0,0.4378148246047393,,GLCM,HGB,,,3.0
Right Neural Foraminal Narrowing,1,0.4560962192287226,,GLCM,HGB,,,3.0
Right Neural Foraminal Narrowing,2,0.45111091184081054,,GLCM,HGB,,,6.0
Right Neural Foraminal Narrowing,3,0.4567278232708431,,GLCM,HGB,,,3.0
Right Neural Foraminal Narrowing,4,0.44350048463373165,,GLCM,HGB,,,3.0
Left Subarticular Stenosis,0,0.49735121966272056,,GLCM,HGB,,,3.0
Left Subarticular Stenosis,1,0.48965470461085986,,GLCM,HGB,,,3.0
Left Subarticular Stenosis,2,0.5079328676169368,,GLCM,HGB,,,3.0
Left Subarticular Stenosis,3,0.5180196235688523,,GLCM,HGB,,,3.0
Left Subarticular Stenosis,4,0.48312485631318697,,GLCM,HGB,,,3.0
Right Subarticular Stenosis,0,0.4994551509999376,,GLCM,HGB,,,6.0
Right Subarticular Stenosis,1,0.5112507374739599,,GLCM,HGB,,,3.0
Right Subarticular Stenosis,2,0.5101070008102335,,GLCM,HGB,,,3.0
Right Subarticular Stenosis,3,0.512857171815773,,GLCM,HGB,,,3.0
Right Subarticular Stenosis,4,0.5029301580925055,,GLCM,HGB,,,3.0
Spinal Canal Stenosis,0,0.45273513957873224,10.0,LBP,LR,,,
Spinal Canal Stenosis,1,0.4612051556746816,10.0,LBP,LR,,,
Spinal Canal Stenosis,2,0.4445780013419702,1.0,LBP,LR,,,
Spinal Canal Stenosis,3,0.43516174059051216,1.0,LBP,LR,,,
Spinal Canal Stenosis,4,0.4562333442111348,1.0,LBP,LR,,,
Left Neural Foraminal Narrowing,0,0.4171228071289396,1.0,LBP,LR,,,
Left Neural Foraminal Narrowing,1,0.4037505621611164,0.01,LBP,LR,,,
Left Neural Foraminal Narrowing,2,0.4164237518718728,0.1,LBP,LR,,,
Left Neural Foraminal Narrowing,3,0.4023872934575536,0.1,LBP,LR,,,
Left Neural Foraminal Narrowing,4,0.418715351512365,0.1,LBP,LR,,,
Right Neural Foraminal Narrowing,0,0.38884572379396465,1.0,LBP,LR,,,
Right Neural Foraminal Narrowing,1,0.40732728181410266,0.1,LBP,LR,,,
Right Neural Foraminal Narrowing,2,0.40344776532957755,0.01,LBP,LR,,,
Right Neural Foraminal Narrowing,3,0.40033254665433887,0.1,LBP,LR,,,
Right Neural Foraminal Narrowing,4,0.4190319122903419,10.0,LBP,LR,,,
Left Subarticular Stenosis,0,0.4466475962479895,0.1,LBP,LR,,,
Left Subarticular Stenosis,1,0.44667879532600435,10.0,LBP,LR,,,
Left Subarticular Stenosis,2,0.4652313066782728,10.0,LBP,LR,,,
Left Subarticular Stenosis,3,0.4603620111616373,10.0,LBP,LR,,,
Left Subarticular Stenosis,4,0.43984009486039327,1.0,LBP,LR,,,
Right Subarticular Stenosis,0,0.47135631461951694,10.0,LBP,LR,,,
Right Subarticular Stenosis,1,0.45466723965939776,0.1,LBP,LR,,,
Right Subarticular Stenosis,2,0.4661053164830082,1.0,LBP,LR,,,
Right Subarticular Stenosis,3,0.4593211443850591,10.0,LBP,LR,,,
Right Subarticular Stenosis,4,0.4559943659366814,0.1,LBP,LR,,,
Spinal Canal Stenosis,0,0.4473443062781796,10.0,LBP,SVM,0.01,,
Spinal Canal Stenosis,1,0.4457575192797291,10.0,LBP,SVM,0.01,,
Spinal Canal Stenosis,2,0.4346408018341286,10.0,LBP,SVM,scale,,
Spinal Canal Stenosis,3,0.4238816772359781,10.0,LBP,SVM,scale,,
Spinal Canal Stenosis,4,0.4560601824221641,10.0,LBP,SVM,scale,,
Left Neural Foraminal Narrowing,0,0.4230019367997246,10.0,LBP,SVM,scale,,
Left Neural Foraminal Narrowing,1,0.4092484703236164,10.0,LBP,SVM,scale,,
Left Neural Foraminal Narrowing,2,0.41912590329867494,10.0,LBP,SVM,scale,,
Left Neural Foraminal Narrowing,3,0.40606513978879316,10.0,LBP,SVM,scale,,
Left Neural Foraminal Narrowing,4,0.4232175745470177,10.0,LBP,SVM,scale,,
Right Neural Foraminal Narrowing,0,0.407732556280279,10.0,LBP,SVM,scale,,
Right Neural Foraminal Narrowing,1,0.40663402843395424,10.0,LBP,SVM,scale,,
Right Neural Foraminal Narrowing,2,0.4109980339168569,10.0,LBP,SVM,scale,,
Right Neural Foraminal Narrowing,3,0.4059119457131007,1.0,LBP,SVM,scale,,
Right Neural Foraminal Narrowing,4,0.40629885554470585,1.0,LBP,SVM,0.01,,
Left Subarticular Stenosis,0,0.47572938458260383,10.0,LBP,SVM,0.01,,
Left Subarticular Stenosis,1,0.46680037044144274,1.0,LBP,SVM,scale,,
Left Subarticular Stenosis,2,0.47272728678812553,10.0,LBP,SVM,scale,,
Left Subarticular Stenosis,3,0.4815269996332158,1.0,LBP,SVM,scale,,
Left Subarticular Stenosis,4,0.46301776489003954,1.0,LBP,SVM,scale,,
Right Subarticular Stenosis,0,0.49291316909808097,10.0,LBP,SVM,scale,,
Right Subarticular Stenosis,1,0.4564481540229532,10.0,LBP,SVM,scale,,
Right Subarticular Stenosis,2,0.47594203279685665,10.0,LBP,SVM,0.01,,
Right Subarticular Stenosis,3,0.45072832022782605,10.0,LBP,SVM,0.01,,
Right Subarticular Stenosis,4,0.4619352175404989,1.0,LBP,SVM,scale,,
Spinal Canal Stenosis,0,0.44316903148361736,,LBP,RF,,5.0,
Spinal Canal Stenosis,1,0.4286327775181685,,LBP,RF,,5.0,
Spinal Canal Stenosis,2,0.4274410635349139,,LBP,RF,,5.0,
Spinal Canal Stenosis,3,0.44138930652218117,,LBP,RF,,5.0,
Spinal Canal Stenosis,4,0.43139089729636565,,LBP,RF,,5.0,
Left Neural Foraminal Narrowing,0,0.41697875306768734,,LBP,RF,,5.0,
Left Neural Foraminal Narrowing,1,0.4142018596017391,,LBP,RF,,5.0,
Left Neural Foraminal Narrowing,2,0.4269465798760752,,LBP,RF,,5.0,
Left Neural Foraminal Narrowing,3,0.416384008271302,,LBP,RF,,5.0,
Left Neural Foraminal Narrowing,4,0.39466973496903696,,LBP,RF,,5.0,
Right Neural Foraminal Narrowing,0,0.4164485938781762,,LBP,RF,,5.0,
Right Neural Foraminal Narrowing,1,0.40947840450239076,,LBP,RF,,5.0,
Right Neural Foraminal Narrowing,2,0.4543718278454331,,LBP,RF,,5.0,
Right Neural Foraminal Narrowing,3,0.451095686972002,,LBP,RF,,5.0,
Right Neural Foraminal Narrowing,4,0.4458915234814022,,LBP,RF,,5.0,
Left Subarticular Stenosis,0,0.4973381473386393,,LBP,RF,,5.0,
Left Subarticular Stenosis,1,0.4822899786202546,,LBP,RF,,5.0,
Left Subarticular Stenosis,2,0.4838897738548152,,LBP,RF,,5.0,
Left Subarticular Stenosis,3,0.48401503720196065,,LBP,RF,,5.0,
Left Subarticular Stenosis,4,0.4899761180772913,,LBP,RF,,5.0,
Right Subarticular Stenosis,0,0.5135985665033086,,LBP,RF,,5.0,
Right Subarticular Stenosis,1,0.48956153461351004,,LBP,RF,,5.0,
Right Subarticular Stenosis,2,0.49480440792060804,,LBP,RF,,5.0,
Right Subarticular Stenosis,3,0.47432561623543773,,LBP,RF,,5.0,
Right Subarticular Stenosis,4,0.4973546292896769,,LBP,RF,,5.0,
Spinal Canal Stenosis,0,0.4545600633332077,,LBP,HGB,,,3.0
Spinal Canal Stenosis,1,0.45148923368775606,,LBP,HGB,,,3.0
Spinal Canal Stenosis,2,0.4476252069457521,,LBP,HGB,,,6.0
Spinal Canal Stenosis,3,0.46335231118717285,,LBP,HGB,,,3.0
Spinal Canal Stenosis,4,0.4319069901967814,,LBP,HGB,,,6.0
Left Neural Foraminal Narrowing,0,0.3963513837674661,,LBP,HGB,,,3.0
Left Neural Foraminal Narrowing,1,0.4001015910113717,,LBP,HGB,,,3.0
Left Neural Foraminal Narrowing,2,0.4140732942906818,,LBP,HGB,,,3.0
Left Neural Foraminal Narrowing,3,0.41887060383800123,,LBP,HGB,,,3.0
Left Neural Foraminal Narrowing,4,0.42603649260616033,,LBP,HGB,,,3.0
Right Neural Foraminal Narrowing,0,0.40227348498449605,,LBP,HGB,,,6.0
Right Neural Foraminal Narrowing,1,0.4233037217195201,,LBP,HGB,,,3.0
Right Neural Foraminal Narrowing,2,0.4340345410182142,,LBP,HGB,,,3.0
Right Neural Foraminal Narrowing,3,0.4155989042260224,,LBP,HGB,,,3.0
Right Neural Foraminal Narrowing,4,0.4131450954916072,,LBP,HGB,,,3.0
Left Subarticular Stenosis,0,0.4611202768288756,,LBP,HGB,,,6.0
Left Subarticular Stenosis,1,0.46887476100529657,,LBP,HGB,,,6.0
Left Subarticular Stenosis,2,0.45765644456501287,,LBP,HGB,,,3.0
Left Subarticular Stenosis,3,0.47847135320107864,,LBP,HGB,,,3.0
Left Subarticular Stenosis,4,0.4836962525931992,,LBP,HGB,,,3.0
Right Subarticular Stenosis,0,0.47899666798728485,,LBP,HGB,,,3.0
Right Subarticular Stenosis,1,0.45296519139400554,,LBP,HGB,,,3.0
Right Subarticular Stenosis,2,0.47907241081162094,,LBP,HGB,,,3.0
Right Subarticular Stenosis,3,0.4630655167047181,,LBP,HGB,,,3.0
Right Subarticular Stenosis,4,0.47993949843133676,,LBP,HGB,,,3.0
Spinal Canal Stenosis,0,0.5645290791549588,0.01,HOG,LR,,,
Spinal Canal Stenosis,1,0.5436407689693686,0.01,HOG,LR,,,
Spinal Canal Stenosis,2,0.5454302177295939,0.01,HOG,LR,,,
Spinal Canal Stenosis,3,0.528125323414999,1.0,HOG,LR,,,
Spinal Canal Stenosis,4,0.5672392257372745,0.01,HOG,LR,,,
Left Neural Foraminal Narrowing,0,0.5087740627379614,0.01,HOG,LR,,,
Left Neural Foraminal Narrowing,1,0.5032745043457936,0.01,HOG,LR,,,
Left Neural Foraminal Narrowing,2,0.5220975612100941,0.01,HOG,LR,,,
Left Neural Foraminal Narrowing,3,0.5097693812996673,0.01,HOG,LR,,,
Left Neural Foraminal Narrowing,4,0.5077777862395078,0.01,HOG,LR,,,
Right Neural Foraminal Narrowing,0,0.5308770795168791,0.01,HOG,LR,,,
Right Neural Foraminal Narrowing,1,0.5109188839288741,0.01,HOG,LR,,,
Right Neural Foraminal Narrowing,2,0.5426026304415673,0.01,HOG,LR,,,
Right Neural Foraminal Narrowing,3,0.5333171974963608,0.01,HOG,LR,,,
Right Neural Foraminal Narrowing,4,0.529794950540445,0.01,HOG,LR,,,
Left Subarticular Stenosis,0,0.5836841966293183,0.01,HOG,LR,,,
Left Subarticular Stenosis,1,0.5848322752336531,0.01,HOG,LR,,,
Left Subarticular Stenosis,2,0.5785887715522892,0.01,HOG,LR,,,
Left Subarticular Stenosis,3,0.5672743052274738,0.01,HOG,LR,,,
Left Subarticular Stenosis,4,0.5872410381448252,0.01,HOG,LR,,,
Right Subarticular Stenosis,0,0.5766618931255026,0.01,HOG,LR,,,
Right Subarticular Stenosis,1,0.5780665751886822,1.0,HOG,LR,,,
Right Subarticular Stenosis,2,0.5719218206175243,0.01,HOG,LR,,,
Right Subarticular Stenosis,3,0.570194244916194,0.01,HOG,LR,,,
Right Subarticular Stenosis,4,0.552735522689738,0.01,HOG,LR,,,
Spinal Canal Stenosis,0,0.6146422519798743,1.0,HOG,SVM,scale,,
Spinal Canal Stenosis,1,0.6167078185197442,1.0,HOG,SVM,scale,,
Spinal Canal Stenosis,2,0.5734355776400041,1.0,HOG,SVM,scale,,
Spinal Canal Stenosis,3,0.5924033132216072,1.0,HOG,SVM,scale,,
Spinal Canal Stenosis,4,0.619899014536744,1.0,HOG,SVM,scale,,
Left Neural Foraminal Narrowing,0,0.5298802508550139,1.0,HOG,SVM,scale,,
Left Neural Foraminal Narrowing,1,0.5101947447409997,1.0,HOG,SVM,scale,,
Left Neural Foraminal Narrowing,2,0.5495953850966763,1.0,HOG,SVM,scale,,
Left Neural Foraminal Narrowing,3,0.55308684101835,1.0,HOG,SVM,scale,,
Left Neural Foraminal Narrowing,4,0.5473660893500414,1.0,HOG,SVM,scale,,
Right Neural Foraminal Narrowing,0,0.5360684477245595,1.0,HOG,SVM,scale,,
Right Neural Foraminal Narrowing,1,0.5629621433063243,1.0,HOG,SVM,scale,,
Right Neural Foraminal Narrowing,2,0.5745962547981036,1.0,HOG,SVM,scale,,
Right Neural Foraminal Narrowing,3,0.5723505451282752,1.0,HOG,SVM,scale,,
Right Neural Foraminal Narrowing,4,0.5563332358513211,1.0,HOG,SVM,scale,,
Left Subarticular Stenosis,0,0.6146190115598006,1.0,HOG,SVM,scale,,
Left Subarticular Stenosis,1,0.6224495516902937,1.0,HOG,SVM,scale,,
Left Subarticular Stenosis,2,0.6116614170096364,1.0,HOG,SVM,scale,,
Left Subarticular Stenosis,3,0.5888692647264642,1.0,HOG,SVM,scale,,
Left Subarticular Stenosis,4,0.6326133734501579,1.0,HOG,SVM,scale,,
Right Subarticular Stenosis,0,0.6049121814223993,1.0,HOG,SVM,scale,,
Right Subarticular Stenosis,1,0.6166444787776953,1.0,HOG,SVM,scale,,
Right Subarticular Stenosis,2,0.5969867997794339,1.0,HOG,SVM,scale,,
Right Subarticular Stenosis,3,0.6160846268845265,1.0,HOG,SVM,scale,,
Right Subarticular Stenosis,4,0.5907549263684163,1.0,HOG,SVM,scale,,
Spinal Canal Stenosis,0,0.5082024794639047,,HOG,RF,,5.0,
Spinal Canal Stenosis,1,0.5360754974089551,,HOG,RF,,5.0,
Spinal Canal Stenosis,2,0.5199476352707137,,HOG,RF,,5.0,
Spinal Canal Stenosis,3,0.501487274295125,,HOG,RF,,5.0,
Spinal Canal Stenosis,4,0.499795243840091,,HOG,RF,,5.0,
Left Neural Foraminal Narrowing,0,0.48292775396893756,,HOG,RF,,5.0,
Left Neural Foraminal Narrowing,1,0.43608507591594464,,HOG,RF,,5.0,
Left Neural Foraminal Narrowing,2,0.4926508172102672,,HOG,RF,,5.0,
Left Neural Foraminal Narrowing,3,0.4809532963916108,,HOG,RF,,5.0,
Left Neural Foraminal Narrowing,4,0.4780097145491365,,HOG,RF,,5.0,
Right Neural Foraminal Narrowing,0,0.4470887161217201,,HOG,RF,,5.0,
Right Neural Foraminal Narrowing,1,0.4661600864814652,,HOG,RF,,5.0,
Right Neural Foraminal Narrowing,2,0.4841528645982633,,HOG,RF,,5.0,
Right Neural Foraminal Narrowing,3,0.4754591405670698,,HOG,RF,,5.0,
Right Neural Foraminal Narrowing,4,0.5018708792363394,,HOG,RF,,5.0,
Left Subarticular Stenosis,0,0.5526591722244317,,HOG,RF,,5.0,
Left Subarticular Stenosis,1,0.5397037179959732,,HOG,RF,,5.0,
Left Subarticular Stenosis,2,0.5491914201559976,,HOG,RF,,5.0,
Left Subarticular Stenosis,3,0.5578765753548048,,HOG,RF,,5.0,
Left Subarticular Stenosis,4,0.5594570887462528,,HOG,RF,,5.0,
Right Subarticular Stenosis,0,0.5208298586279222,,HOG,RF,,5.0,
Right Subarticular Stenosis,1,0.5338232897841715,,HOG,RF,,5.0,
Right Subarticular Stenosis,2,0.5235357765779635,,HOG,RF,,5.0,
Right Subarticular Stenosis,3,0.5298326900311993,,HOG,RF,,5.0,
Right Subarticular Stenosis,4,0.5341803723497912,,HOG,RF,,5.0,
Spinal Canal Stenosis,0,0.5399516384319347,,HOG,HGB,,,3.0
Spinal Canal Stenosis,1,0.58709218534766,,HOG,HGB,,,3.0
Spinal Canal Stenosis,2,0.5544781380222563,,HOG,HGB,,,6.0
Spinal Canal Stenosis,3,0.5412380458737062,,HOG,HGB,,,6.0
Spinal Canal Stenosis,4,0.5787338029859177,,HOG,HGB,,,3.0
Left Neural Foraminal Narrowing,0,0.5066184858494248,,HOG,HGB,,,6.0
Left Neural Foraminal Narrowing,1,0.49803420671499987,,HOG,HGB,,,3.0
Left Neural Foraminal Narrowing,2,0.5127710796232079,,HOG,HGB,,,3.0
Left Neural Foraminal Narrowing,3,0.4833851972010264,,HOG,HGB,,,3.0
Left Neural Foraminal Narrowing,4,0.5047262575829156,,HOG,HGB,,,3.0
Right Neural Foraminal Narrowing,0,0.4858528639432307,,HOG,HGB,,,6.0
Right Neural Foraminal Narrowing,1,0.4996820573001301,,HOG,HGB,,,3.0
Right Neural Foraminal Narrowing,2,0.5347412633825751,,HOG,HGB,,,3.0
Right Neural Foraminal Narrowing,3,0.5295971987661442,,HOG,HGB,,,3.0
Right Neural Foraminal Narrowing,4,0.5358976314336054,,HOG,HGB,,,3.0
Left Subarticular Stenosis,0,0.5891917425055065,,HOG,HGB,,,3.0
Left Subarticular Stenosis,1,0.587156408266841,,HOG,HGB,,,3.0
Left Subarticular Stenosis,2,0.5738104289825287,,HOG,HGB,,,6.0
Left Subarticular Stenosis,3,0.5887707292237988,,HOG,HGB,,,6.0
Left Subarticular Stenosis,4,0.601796170395339,,HOG,HGB,,,3.0
Right Subarticular Stenosis,0,0.5682254260985359,,HOG,HGB,,,3.0
Right Subarticular Stenosis,1,0.5708609176680971,,HOG,HGB,,,3.0
Right Subarticular Stenosis,2,0.5732420065381175,,HOG,HGB,,,3.0
Right Subarticular Stenosis,3,0.5701361192260955,,HOG,HGB,,,3.0
Right Subarticular Stenosis,4,0.5559275714446598,,HOG,HGB,,,3.0
Spinal Canal Stenosis,0,0.5830127640120925,1.0,INT,LR,,,
Spinal Canal Stenosis,1,0.5825837497268571,0.1,INT,LR,,,
Spinal Canal Stenosis,2,0.5896817046816106,10.0,INT,LR,,,
Spinal Canal Stenosis,3,0.5704706912739783,1.0,INT,LR,,,
Spinal Canal Stenosis,4,0.5656831897867128,1.0,INT,LR,,,
Left Neural Foraminal Narrowing,0,0.48004638515612896,10.0,INT,LR,,,
Left Neural Foraminal Narrowing,1,0.4543608166739388,1.0,INT,LR,,,
Left Neural Foraminal Narrowing,2,0.47545680069909285,10.0,INT,LR,,,
Left Neural Foraminal Narrowing,3,0.4710112590054143,0.01,INT,LR,,,
Left Neural Foraminal Narrowing,4,0.46468989015126905,0.1,INT,LR,,,
Right Neural Foraminal Narrowing,0,0.47936272220226056,1.0,INT,LR,,,
Right Neural Foraminal Narrowing,1,0.48367968289826835,10.0,INT,LR,,,
Right Neural Foraminal Narrowing,2,0.4816022289470241,0.1,INT,LR,,,
Right Neural Foraminal Narrowing,3,0.49688137917521313,10.0,INT,LR,,,
Right Neural Foraminal Narrowing,4,0.4734963558563943,0.1,INT,LR,,,
Left Subarticular Stenosis,0,0.6358864336941372,10.0,INT,LR,,,
Left Subarticular Stenosis,1,0.6382168826771132,0.1,INT,LR,,,
Left Subarticular Stenosis,2,0.644267936808634,10.0,INT,LR,,,
Left Subarticular Stenosis,3,0.6309060867613242,10.0,INT,LR,,,
Left Subarticular Stenosis,4,0.6245835520486692,0.1,INT,LR,,,
Right Subarticular Stenosis,0,0.6315010942565887,1.0,INT,LR,,,
Right Subarticular Stenosis,1,0.6023705826576414,0.1,INT,LR,,,
Right Subarticular Stenosis,2,0.6110220964570311,1.0,INT,LR,,,
Right Subarticular Stenosis,3,0.6143807842092097,1.0,INT,LR,,,
Right Subarticular Stenosis,4,0.6074156317320372,0.1,INT,LR,,,
Spinal Canal Stenosis,0,0.6051398631325303,10.0,INT,SVM,scale,,
Spinal Canal Stenosis,1,0.5831160580702472,1.0,INT,SVM,0.01,,
Spinal Canal Stenosis,2,0.5847511328588282,1.0,INT,SVM,0.01,,
Spinal Canal Stenosis,3,0.5631113962899158,1.0,INT,SVM,0.01,,
Spinal Canal Stenosis,4,0.5841629797186821,1.0,INT,SVM,0.01,,
Left Neural Foraminal Narrowing,0,0.47759584833053453,10.0,INT,SVM,0.01,,
Left Neural Foraminal Narrowing,1,0.4750337873740608,10.0,INT,SVM,scale,,
Left Neural Foraminal Narrowing,2,0.4981795465411822,10.0,INT,SVM,scale,,
Left Neural Foraminal Narrowing,3,0.4652036606075123,1.0,INT,SVM,scale,,
Left Neural Foraminal Narrowing,4,0.46566832626882865,10.0,INT,SVM,scale,,
Right Neural Foraminal Narrowing,0,0.47668856826003997,10.0,INT,SVM,scale,,
Right Neural Foraminal Narrowing,1,0.45987714714633365,10.0,INT,SVM,scale,,
Right Neural Foraminal Narrowing,2,0.4701898259737671,10.0,INT,SVM,scale,,
Right Neural Foraminal Narrowing,3,0.4912371356089631,10.0,INT,SVM,scale,,
Right Neural Foraminal Narrowing,4,0.4944172698160167,10.0,INT,SVM,scale,,
Left Subarticular Stenosis,0,0.6301327433076409,10.0,INT,SVM,0.01,,
Left Subarticular Stenosis,1,0.6435578587388403,10.0,INT,SVM,0.01,,
Left Subarticular Stenosis,2,0.6341384411531895,10.0,INT,SVM,0.01,,
Left Subarticular Stenosis,3,0.628292559653389,10.0,INT,SVM,0.01,,
Left Subarticular Stenosis,4,0.6219236611531841,10.0,INT,SVM,0.01,,
Right Subarticular Stenosis,0,0.6343688682974643,1.0,INT,SVM,scale,,
Right Subarticular Stenosis,1,0.5872010626344153,10.0,INT,SVM,scale,,
Right Subarticular Stenosis,2,0.6174152605700032,1.0,INT,SVM,0.01,,
Right Subarticular Stenosis,3,0.6024178537815604,1.0,INT,SVM,scale,,
Right Subarticular Stenosis,4,0.6048010046615624,10.0,INT,SVM,0.01,,
Spinal Canal Stenosis,0,0.5983665373175869,,INT,RF,,5.0,
Spinal Canal Stenosis,1,0.5837083855816756,,INT,RF,,5.0,
Spinal Canal Stenosis,2,0.5770541701117097,,INT,RF,,5.0,
Spinal Canal Stenosis,3,0.5530039686139636,,INT,RF,,5.0,
Spinal Canal Stenosis,4,0.5492568562496163,,INT,RF,,5.0,
Left Neural Foraminal Narrowing,0,0.4695018248385467,,INT,RF,,5.0,
Left Neural Foraminal Narrowing,1,0.4720152149766428,,INT,RF,,5.0,
Left Neural Foraminal Narrowing,2,0.4886307641561105,,INT,RF,,5.0,
Left Neural Foraminal Narrowing,3,0.47982412802638774,,INT,RF,,5.0,
Left Neural Foraminal Narrowing,4,0.4842198748260813,,INT,RF,,5.0,
Right Neural Foraminal Narrowing,0,0.4641739052015624,,INT,RF,,5.0,
Right Neural Foraminal Narrowing,1,0.4447845282128365,,INT,RF,,5.0,
Right Neural Foraminal Narrowing,2,0.49513403149971774,,INT,RF,,5.0,
Right Neural Foraminal Narrowing,3,0.4808413205248565,,INT,RF,,5.0,
Right Neural Foraminal Narrowing,4,0.45697009502876607,,INT,RF,,5.0,
Left Subarticular Stenosis,0,0.6411867424210307,,INT,RF,,5.0,
Left Subarticular Stenosis,1,0.6182268737166852,,INT,RF,,5.0,
Left Subarticular Stenosis,2,0.6300451891814111,,INT,RF,,5.0,
Left Subarticular Stenosis,3,0.6173381960808967,,INT,RF,,5.0,
Left Subarticular Stenosis,4,0.6069114486733963,,INT,RF,,5.0,
Right Subarticular Stenosis,0,0.6325335267343851,,INT,RF,,5.0,
Right Subarticular Stenosis,1,0.6039796924127852,,INT,RF,,5.0,
Right Subarticular Stenosis,2,0.6314459835485698,,INT,RF,,5.0,
Right Subarticular Stenosis,3,0.6158445697975011,,INT,RF,,5.0,
Right Subarticular Stenosis,4,0.603271531676734,,INT,RF,,5.0,
Spinal Canal Stenosis,0,0.6106000297718533,,INT,HGB,,,3.0
Spinal Canal Stenosis,1,0.5629273256109676,,INT,HGB,,,3.0
Spinal Canal Stenosis,2,0.5766408807946012,,INT,HGB,,,3.0
Spinal Canal Stenosis,3,0.5891605748844931,,INT,HGB,,,6.0
Spinal Canal Stenosis,4,0.5734393548517516,,INT,HGB,,,3.0
Left Neural Foraminal Narrowing,0,0.4595151543914077,,INT,HGB,,,3.0
Left Neural Foraminal Narrowing,1,0.4741257609790095,,INT,HGB,,,3.0
Left Neural Foraminal Narrowing,2,0.4994337036886148,,INT,HGB,,,3.0
Left Neural Foraminal Narrowing,3,0.44947705908813784,,INT,HGB,,,3.0
Left Neural Foraminal Narrowing,4,0.4724768793312289,,INT,HGB,,,6.0
Right Neural Foraminal Narrowing,0,0.444395960452022,,INT,HGB,,,3.0
Right Neural Foraminal Narrowing,1,0.4463371293855623,,INT,HGB,,,3.0
Right Neural Foraminal Narrowing,2,0.4852231024093683,,INT,HGB,,,3.0
Right Neural Foraminal Narrowing,3,0.4696096440443919,,INT,HGB,,,3.0
Right Neural Foraminal Narrowing,4,0.43905959496044344,,INT,HGB,,,6.0
Left Subarticular Stenosis,0,0.6201998227360562,,INT,HGB,,,6.0
Left Subarticular Stenosis,1,0.6167482495217925,,INT,HGB,,,6.0
Left Subarticular Stenosis,2,0.6178962080730671,,INT,HGB,,,6.0
Left Subarticular Stenosis,3,0.6148090453998157,,INT,HGB,,,3.0
Left Subarticular Stenosis,4,0.6247774838127453,,INT,HGB,,,3.0
Right Subarticular Stenosis,0,0.6156433817989535,,INT,HGB,,,6.0
Right Subarticular Stenosis,1,0.5833387456258622,,INT,HGB,,,3.0
Right Subarticular Stenosis,2,0.6141461713420547,,INT,HGB,,,3.0
Right Subarticular Stenosis,3,0.5909914357458251,,INT,HGB,,,3.0
Right Subarticular Stenosis,4,0.6040166512483837,,INT,HGB,,,3.0
Spinal Canal Stenosis,0,0.620522600098735,0.01,TODOS,LR,,,
Spinal Canal Stenosis,1,0.611361111515897,10.0,TODOS,LR,,,
Spinal Canal Stenosis,2,0.5930227382213746,1.0,TODOS,LR,,,
Spinal Canal Stenosis,3,0.5834263784120384,1.0,TODOS,LR,,,
Spinal Canal Stenosis,4,0.6353606206275128,0.1,TODOS,LR,,,
Left Neural Foraminal Narrowing,0,0.5279745508020367,0.01,TODOS,LR,,,
Left Neural Foraminal Narrowing,1,0.5309671777832117,0.1,TODOS,LR,,,
Left Neural Foraminal Narrowing,2,0.5512820420635816,0.01,TODOS,LR,,,
Left Neural Foraminal Narrowing,3,0.5227376389982251,0.01,TODOS,LR,,,
Left Neural Foraminal Narrowing,4,0.5509752154136413,0.01,TODOS,LR,,,
Right Neural Foraminal Narrowing,0,0.5661453572729983,0.01,TODOS,LR,,,
Right Neural Foraminal Narrowing,1,0.5549049938518898,0.01,TODOS,LR,,,
Right Neural Foraminal Narrowing,2,0.5711966660033859,0.01,TODOS,LR,,,
Right Neural Foraminal Narrowing,3,0.5617435848754146,0.01,TODOS,LR,,,
Right Neural Foraminal Narrowing,4,0.5393901829711879,0.01,TODOS,LR,,,
Left Subarticular Stenosis,0,0.613867328870951,0.01,TODOS,LR,,,
Left Subarticular Stenosis,1,0.6201216675927946,0.01,TODOS,LR,,,
Left Subarticular Stenosis,2,0.6035963596817674,0.01,TODOS,LR,,,
Left Subarticular Stenosis,3,0.6049477500471925,0.01,TODOS,LR,,,
Left Subarticular Stenosis,4,0.6199751428026622,0.01,TODOS,LR,,,
Right Subarticular Stenosis,0,0.6126784008170123,0.01,TODOS,LR,,,
Right Subarticular Stenosis,1,0.6189180497698169,0.01,TODOS,LR,,,
Right Subarticular Stenosis,2,0.610502839960185,0.1,TODOS,LR,,,
Right Subarticular Stenosis,3,0.6255357119869228,0.01,TODOS,LR,,,
Right Subarticular Stenosis,4,0.5927346497975953,1.0,TODOS,LR,,,
Spinal Canal Stenosis,0,0.6491086895257551,1.0,TODOS,SVM,scale,,
Spinal Canal Stenosis,1,0.652349155341042,1.0,TODOS,SVM,scale,,
Spinal Canal Stenosis,2,0.6338868232034711,1.0,TODOS,SVM,scale,,
Spinal Canal Stenosis,3,0.6340377506771596,1.0,TODOS,SVM,scale,,
Spinal Canal Stenosis,4,0.6529420716652211,1.0,TODOS,SVM,scale,,
Left Neural Foraminal Narrowing,0,0.5399618212198314,1.0,TODOS,SVM,scale,,
Left Neural Foraminal Narrowing,1,0.540708609405007,1.0,TODOS,SVM,scale,,
Left Neural Foraminal Narrowing,2,0.5690839740880804,1.0,TODOS,SVM,scale,,
Left Neural Foraminal Narrowing,3,0.5532605393013519,1.0,TODOS,SVM,scale,,
Left Neural Foraminal Narrowing,4,0.5466352628516794,1.0,TODOS,SVM,scale,,
Right Neural Foraminal Narrowing,0,0.5405200187694911,1.0,TODOS,SVM,scale,,
Right Neural Foraminal Narrowing,1,0.5873699239536159,1.0,TODOS,SVM,scale,,
Right Neural Foraminal Narrowing,2,0.5807617297532995,1.0,TODOS,SVM,scale,,
Right Neural Foraminal Narrowing,3,0.6008547354875861,1.0,TODOS,SVM,scale,,
Right Neural Foraminal Narrowing,4,0.5695491829263511,1.0,TODOS,SVM,scale,,
Left Subarticular Stenosis,0,0.6466540421134878,1.0,TODOS,SVM,scale,,
Left Subarticular Stenosis,1,0.6389423945446963,1.0,TODOS,SVM,scale,,
Left Subarticular Stenosis,2,0.6260745430224931,1.0,TODOS,SVM,scale,,
Left Subarticular Stenosis,3,0.6135465599109766,1.0,TODOS,SVM,scale,,
Left Subarticular Stenosis,4,0.6556867445153675,1.0,TODOS,SVM,scale,,
Right Subarticular Stenosis,0,0.6468019855589104,1.0,TODOS,SVM,scale,,
Right Subarticular Stenosis,1,0.6418142185408909,1.0,TODOS,SVM,scale,,
Right Subarticular Stenosis,2,0.6237784433285087,1.0,TODOS,SVM,scale,,
Right Subarticular Stenosis,3,0.6393203804884426,1.0,TODOS,SVM,scale,,
Right Subarticular Stenosis,4,0.6133985863984543,1.0,TODOS,SVM,scale,,
Spinal Canal Stenosis,0,0.5715260861904383,,TODOS,RF,,5.0,
Spinal Canal Stenosis,1,0.5924582289090025,,TODOS,RF,,5.0,
Spinal Canal Stenosis,2,0.5547920790453836,,TODOS,RF,,5.0,
Spinal Canal Stenosis,3,0.5613723856070439,,TODOS,RF,,5.0,
Spinal Canal Stenosis,4,0.5555621772832805,,TODOS,RF,,5.0,
Left Neural Foraminal Narrowing,0,0.47024580803172994,,TODOS,RF,,5.0,
Left Neural Foraminal Narrowing,1,0.45292205750561304,,TODOS,RF,,5.0,
Left Neural Foraminal Narrowing,2,0.47909600122052987,,TODOS,RF,,5.0,
Left Neural Foraminal Narrowing,3,0.5059002238151861,,TODOS,RF,,5.0,
Left Neural Foraminal Narrowing,4,0.47752596358210603,,TODOS,RF,,5.0,
Right Neural Foraminal Narrowing,0,0.4594142610001455,,TODOS,RF,,5.0,
Right Neural Foraminal Narrowing,1,0.46284554835056774,,TODOS,RF,,5.0,
Right Neural Foraminal Narrowing,2,0.49724073434262345,,TODOS,RF,,5.0,
Right Neural Foraminal Narrowing,3,0.4753595088757878,,TODOS,RF,,5.0,
Right Neural Foraminal Narrowing,4,0.49606627107385565,,TODOS,RF,,5.0,
Left Subarticular Stenosis,0,0.5815722596616558,,TODOS,RF,,5.0,
Left Subarticular Stenosis,1,0.5933824830958292,,TODOS,RF,,5.0,
Left Subarticular Stenosis,2,0.5858612481317923,,TODOS,RF,,5.0,
Left Subarticular Stenosis,3,0.6005766877617181,,TODOS,RF,,5.0,
Left Subarticular Stenosis,4,0.6235040554097289,,TODOS,RF,,5.0,
Right Subarticular Stenosis,0,0.5983392812285344,,TODOS,RF,,5.0,
Right Subarticular Stenosis,1,0.5756794326124498,,TODOS,RF,,5.0,
Right Subarticular Stenosis,2,0.5874536383305665,,TODOS,RF,,5.0,
Right Subarticular Stenosis,3,0.5872597585250685,,TODOS,RF,,5.0,
Right Subarticular Stenosis,4,0.5922087790356213,,TODOS,RF,,5.0,
Spinal Canal Stenosis,0,0.6125492102831228,,TODOS,HGB,,,3.0
Spinal Canal Stenosis,1,0.6452835347448677,,TODOS,HGB,,,3.0
Spinal Canal Stenosis,2,0.6180278883988648,,TODOS,HGB,,,6.0
Spinal Canal Stenosis,3,0.6117518168028004,,TODOS,HGB,,,3.0
Spinal Canal Stenosis,4,0.6245042935022881,,TODOS,HGB,,,3.0
Left Neural Foraminal Narrowing,0,0.513396871940988,,TODOS,HGB,,,3.0
Left Neural Foraminal Narrowing,1,0.4943677534839174,,TODOS,HGB,,,3.0
Left Neural Foraminal Narrowing,2,0.5155999433039171,,TODOS,HGB,,,3.0
Left Neural Foraminal Narrowing,3,0.5074970715998772,,TODOS,HGB,,,3.0
Left Neural Foraminal Narrowing,4,0.5453762134195864,,TODOS,HGB,,,3.0
Right Neural Foraminal Narrowing,0,0.5224579549254882,,TODOS,HGB,,,6.0
Right Neural Foraminal Narrowing,1,0.5372506956295575,,TODOS,HGB,,,3.0
Right Neural Foraminal Narrowing,2,0.5465681782758561,,TODOS,HGB,,,3.0
Right Neural Foraminal Narrowing,3,0.5446826161979651,,TODOS,HGB,,,6.0
Right Neural Foraminal Narrowing,4,0.5468972458231812,,TODOS,HGB,,,3.0
Left Subarticular Stenosis,0,0.6119003109296095,,TODOS,HGB,,,3.0
Left Subarticular Stenosis,1,0.6095993399982452,,TODOS,HGB,,,3.0
Left Subarticular Stenosis,2,0.6240251500490949,,TODOS,HGB,,,3.0
Left Subarticular Stenosis,3,0.6265488273676091,,TODOS,HGB,,,3.0
Left Subarticular Stenosis,4,0.6240813239477719,,TODOS,HGB,,,6.0
Right Subarticular Stenosis,0,0.6314283833887244,,TODOS,HGB,,,6.0
Right Subarticular Stenosis,1,0.6090381320950252,,TODOS,HGB,,,3.0
Right Subarticular Stenosis,2,0.6070899027629993,,TODOS,HGB,,,3.0
Right Subarticular Stenosis,3,0.6141262271350486,,TODOS,HGB,,,3.0
Right Subarticular Stenosis,4,0.6040012655867871,,TODOS,HGB,,,3.0
