target,missing_count,total,missing_pct
spinal_canal_stenosis_l1_l2,1,1975,0.05063291139240507
spinal_canal_stenosis_l2_l3,1,1975,0.05063291139240507
spinal_canal_stenosis_l3_l4,1,1975,0.05063291139240507
spinal_canal_stenosis_l4_l5,1,1975,0.05063291139240507
spinal_canal_stenosis_l5_s1,1,1975,0.05063291139240507
left_neural_foraminal_narrowing_l1_l2,2,1975,0.10126582278481014
left_neural_foraminal_narrowing_l2_l3,2,1975,0.10126582278481014
left_neural_foraminal_narrowing_l3_l4,2,1975,0.10126582278481014
left_neural_foraminal_narrowing_l4_l5,2,1975,0.10126582278481014
left_neural_foraminal_narrowing_l5_s1,2,1975,0.10126582278481014
right_neural_foraminal_narrowing_l1_l2,8,1975,0.40506329113924056
right_neural_foraminal_narrowing_l2_l3,8,1975,0.40506329113924056
right_neural_foraminal_narrowing_l3_l4,8,1975,0.40506329113924056
right_neural_foraminal_narrowing_l4_l5,8,1975,0.40506329113924056
right_neural_foraminal_narrowing_l5_s1,8,1975,0.40506329113924056
left_subarticular_stenosis_l1_l2,164,1975,8.30379746835443
left_subarticular_stenosis_l2_l3,82,1975,4.151898734177215
left_subarticular_stenosis_l3_l4,3,1975,0.1518987341772152
left_subarticular_stenosis_l4_l5,3,1975,0.1518987341772152
left_subarticular_stenosis_l5_s1,11,1975,0.5569620253164557
right_subarticular_stenosis_l1_l2,161,1975,8.151898734177216
right_subarticular_stenosis_l2_l3,82,1975,4.151898734177215
right_subarticular_stenosis_l3_l4,2,1975,0.10126582278481014
right_subarticular_stenosis_l4_l5,2,1975,0.10126582278481014
right_subarticular_stenosis_l5_s1,7,1975,0.35443037974683544
