target,severity,eligible_count,sample_count
spinal_canal_stenosis_l1_l2,Normal/Mild,1885,472
spinal_canal_stenosis_l1_l2,Moderate,66,20
spinal_canal_stenosis_l1_l2,Severe,21,8
spinal_canal_stenosis_l2_l3,Normal/Mild,1768,446
spinal_canal_stenosis_l2_l3,Moderate,151,35
spinal_canal_stenosis_l2_l3,Severe,53,19
spinal_canal_stenosis_l3_l4,Normal/Mild,1620,410
spinal_canal_stenosis_l3_l4,Moderate,230,53
spinal_canal_stenosis_l3_l4,Severe,122,37
spinal_canal_stenosis_l4_l5,Normal/Mild,1480,360
spinal_canal_stenosis_l4_l5,Moderate,237,65
spinal_canal_stenosis_l4_l5,Severe,255,75
spinal_canal_stenosis_l5_s1,Normal/Mild,1902,467
spinal_canal_stenosis_l5_s1,Moderate,51,14
spinal_canal_stenosis_l5_s1,Severe,19,19
left_neural_foraminal_narrowing_l1_l2,Normal/Mild,1907,479
left_neural_foraminal_narrowing_l1_l2,Moderate,63,19
left_neural_foraminal_narrowing_l1_l2,Severe,2,2
left_neural_foraminal_narrowing_l2_l3,Normal/Mild,1791,433
left_neural_foraminal_narrowing_l2_l3,Moderate,171,57
left_neural_foraminal_narrowing_l2_l3,Severe,10,10
left_neural_foraminal_narrowing_l3_l4,Normal/Mild,1522,374
left_neural_foraminal_narrowing_l3_l4,Moderate,410,111
left_neural_foraminal_narrowing_l3_l4,Severe,40,15
left_neural_foraminal_narrowing_l4_l5,Normal/Mild,1204,293
left_neural_foraminal_narrowing_l4_l5,Moderate,628,167
left_neural_foraminal_narrowing_l4_l5,Severe,140,40
left_neural_foraminal_narrowing_l5_s1,Normal/Mild,1247,309
left_neural_foraminal_narrowing_l5_s1,Moderate,520,130
left_neural_foraminal_narrowing_l5_s1,Severe,205,61
right_neural_foraminal_narrowing_l1_l2,Normal/Mild,1890,468
right_neural_foraminal_narrowing_l1_l2,Moderate,63,18
right_neural_foraminal_narrowing_l1_l2,Severe,13,13
right_neural_foraminal_narrowing_l2_l3,Normal/Mild,1793,442
right_neural_foraminal_narrowing_l2_l3,Moderate,167,51
right_neural_foraminal_narrowing_l2_l3,Severe,6,6
right_neural_foraminal_narrowing_l3_l4,Normal/Mild,1512,371
right_neural_foraminal_narrowing_l3_l4,Moderate,414,116
right_neural_foraminal_narrowing_l3_l4,Severe,40,12
right_neural_foraminal_narrowing_l4_l5,Normal/Mild,1208,309
right_neural_foraminal_narrowing_l4_l5,Moderate,628,153
right_neural_foraminal_narrowing_l4_l5,Severe,130,37
right_neural_foraminal_narrowing_l5_s1,Normal/Mild,1281,322
right_neural_foraminal_narrowing_l5_s1,Moderate,495,111
right_neural_foraminal_narrowing_l5_s1,Severe,190,66
left_subarticular_stenosis_l1_l2,Normal/Mild,1688,427
left_subarticular_stenosis_l1_l2,Moderate,92,31
left_subarticular_stenosis_l1_l2,Severe,28,9
left_subarticular_stenosis_l2_l3,Normal/Mild,1554,386
left_subarticular_stenosis_l2_l3,Moderate,253,73
left_subarticular_stenosis_l2_l3,Severe,83,27
left_subarticular_stenosis_l3_l4,Normal/Mild,1323,323
left_subarticular_stenosis_l3_l4,Moderate,453,126
left_subarticular_stenosis_l3_l4,Severe,193,51
left_subarticular_stenosis_l4_l5,Normal/Mild,885,204
left_subarticular_stenosis_l4_l5,Moderate,623,153
left_subarticular_stenosis_l4_l5,Severe,461,142
left_subarticular_stenosis_l5_s1,Normal/Mild,1405,339
left_subarticular_stenosis_l5_s1,Moderate,409,99
left_subarticular_stenosis_l5_s1,Severe,147,55
right_subarticular_stenosis_l1_l2,Normal/Mild,1678,432
right_subarticular_stenosis_l1_l2,Moderate,110,25
right_subarticular_stenosis_l1_l2,Severe,23,10
right_subarticular_stenosis_l2_l3,Normal/Mild,1576,393
right_subarticular_stenosis_l2_l3,Moderate,242,66
right_subarticular_stenosis_l2_l3,Severe,72,26
right_subarticular_stenosis_l3_l4,Normal/Mild,1320,332
right_subarticular_stenosis_l3_l4,Moderate,454,123
right_subarticular_stenosis_l3_l4,Severe,196,45
right_subarticular_stenosis_l4_l5,Normal/Mild,889,214
right_subarticular_stenosis_l4_l5,Moderate,621,157
right_subarticular_stenosis_l4_l5,Severe,460,128
right_subarticular_stenosis_l5_s1,Normal/Mild,1396,352
right_subarticular_stenosis_l5_s1,Moderate,396,93
right_subarticular_stenosis_l5_s1,Severe,173,51
