study_id,series_count
4003253,3
4646740,3
7143189,3
8785691,3
10728036,4
11340341,3
11943292,4
13317052,3
22191399,3
26342422,4
29931867,4
33736057,3
38281420,3
40745534,3
41477684,3
44060036,4
46494080,3
52397721,3
52695609,4
53418228,3
58813022,3
59576878,3
60612428,3
63725508,4
64092030,3
69086098,3
70878995,3
71973234,3
73783367,3
74294498,3
74782131,3
75336136,3
76438935,3
82066307,3
85480902,4
86250890,3
87937369,4
88465004,3
89637298,3
90711686,3
92407737,3
92565488,3
96439573,3
97086905,3
97634230,3
100206310,3
105895264,4
106310815,3
107698245,3
107935613,3
108348787,4
109454808,5
109677683,4
110271740,3
111701877,3
112166434,3
113121178,4
113758629,3
114899184,3
115990621,3
117720278,3
123154253,3
128125626,3
135073898,3
140799588,3
142991438,3
144244752,3
145324113,3
150368852,3
153831832,3
155064828,3
158640056,3
159099003,3
159721286,3
165018059,3
166255118,3
168470924,3
168833126,3
169651375,4
176605889,3
177339056,3
178041181,5
178651310,3
180341550,3
181779472,3
182843007,3
183230492,4
185510290,3
189160688,3
189207389,3
189360935,3
191717032,3
198104941,3
200354973,3
200852737,3
206642334,3
208289456,3
209512460,4
211314658,4
211713723,3
213335325,3
215111925,4
215149692,5
215788128,3
218109857,3
220887739,3
222523001,3
224965813,3
227532076,3
228290246,4
231335311,3
233281390,3
233373921,3
241354569,3
245660566,3
247968996,3
253661040,3
256201877,3
258027917,4
259346069,4
262749243,3
264945797,3
265570475,3
267842058,5
267989673,3
269259654,3
270031150,4
271796630,3
273701476,3
276432797,3
282036903,3
283265383,3
286903519,5
287921610,3
289846404,4
293713262,3
296083289,3
296284854,3
296314829,3
305101752,3
305152236,4
305320071,3
305402206,4
308645397,3
309197706,3
309209456,3
311205484,3
314041963,4
316662180,3
322285839,3
324739602,3
325485990,3
326589617,4
329807127,3
330764538,3
330993169,3
331605392,3
331970469,3
332284668,4
335455502,3
336305686,3
339664659,3
341051344,3
341058399,3
344269999,3
344297746,4
347228139,4
349723373,3
358286753,3
364930790,3
366818079,3
368044905,3
368848859,3
372642770,4
375720624,3
375877945,3
376048062,3
376657226,5
376723024,3
377474930,3
377653138,3
379677390,3
385414562,3
387445557,3
389494496,3
390498354,3
391103067,4
395898502,3
396152094,4
396842952,3
404602713,3
408455883,3
409514453,3
413910863,3
414452265,3
416503281,4
416521027,4
424882323,3
425970461,3
427598893,3
428900736,3
434221231,3
434249980,3
434488359,3
435244060,4
435973854,4
436916913,3
442325762,3
442693546,3
443364658,3
448315026,3
449609770,3
450154999,4
450306455,3
454297464,3
455813081,3
458625588,3
462494704,3
473465726,3
476210376,3
476931212,3
478913051,5
480042730,3
480338765,3
481259017,4
481397395,3
482624307,3
489097547,3
490052995,4
491250714,3
492697281,3
493511651,3
497870715,3
498998339,3
504362668,3
508689205,4
511308298,3
511857239,3
512574384,3
513538670,3
520900899,3
523411282,3
524715563,3
525034566,3
526295265,3
527598501,3
527878108,4
532070032,3
532925408,3
536769497,4
542539438,3
545140827,3
560780529,4
566404205,3
566498560,3
568440982,4
570403175,3
577198708,3
581655354,3
582364168,3
591481876,3
594735110,3
596819592,4
597329259,3
597752094,3
603095830,3
607343607,3
607371793,4
607436629,3
610806768,3
613162088,3
618246392,3
619016806,3
619178879,4
620889369,3
623720801,3
624472591,3
624497208,4
624881903,4
625376596,3
626906174,3
627674897,3
634296400,3
636068271,3
638168241,3
638284307,3
640323917,3
641070736,4
642715533,3
647348777,3
647382626,3
647971523,3
652321402,3
652905669,4
660253947,3
663849037,4
664153360,3
664752325,3
665627263,4
673855318,3
674762852,3
676719753,3
677152014,3
677672203,4
677879566,3
679759364,4
680021009,3
683183578,5
684747623,4
684790345,3
690849662,3
691886557,4
691922299,3
692840069,3
693432872,3
694456618,3
694787671,3
696494906,4
701848105,3
704573554,3
706497544,3
707927308,3
711877989,3
712073652,3
714529524,3
716549652,3
716992646,3
719139061,3
719421409,3
722563469,3
723551942,3
732899790,3
734370379,3
747750685,3
748146452,3
753813901,3
755530699,3
756692789,3
757619082,3
764432065,3
764520264,3
765167979,3
765688458,4
766494595,3
767443105,3
769420103,3
777619397,3
778765559,4
779042451,3
779162887,3
783021102,3
783154228,3
786544183,3
789748240,3
792614227,3
793200975,3
795441010,3
796391961,3
796739553,4
798120215,3
799635887,3
801319011,3
802955254,3
806480418,3
806727758,3
808294521,3
808539750,3
809072026,3
810180368,3
814199418,3
815315878,3
822961474,3
823937142,3
824003539,3
824777245,3
826926591,3
829439070,3
832603302,3
833869440,3
838134337,3
838542810,3
844086813,3
845185564,3
857629562,3
858422574,3
859100583,3
859269912,3
859570985,4
861719444,3
864298998,3
868599447,3
869574520,3
870699023,3
870897543,3
883950312,3
885579922,3
885894528,3
886537006,3
886995462,5
888069612,4
893004686,4
893250212,3
896290384,3
899435449,4
901299313,3
902012573,3
904367529,5
910809548,3
911311690,3
912108661,3
914396298,3
916362094,4
919752232,3
924259603,3
928901340,3
933559951,3
933831851,3
934012015,3
934686772,3
937772835,3
938355286,3
938749597,3
938755807,4
940227148,3
941431860,3
943718301,3
945809437,3
947021330,3
947035365,3
948477484,3
950702776,3
951328272,3
953218250,3
953639220,3
957176622,4
959290081,3
959820751,3
960417562,3
960760926,3
961169106,4
968668661,3
971027947,3
972691286,3
974862951,3
975569097,3
976356113,3
979209761,3
982484811,3
983365930,3
984887785,3
987393114,3
987719637,4
991026205,3
991428866,3
992674144,3
998688940,3
1002894806,3
1004726367,3
1008446160,3
1009445512,4
1009905322,3
1012375618,3
1013589491,3
1013791258,3
1018005303,5
1019430579,3
1020394063,3
1025265129,3
1028684462,3
1028909382,4
1035170868,3
1036203708,3
1038453736,3
1039182563,3
1040921274,3
1047914296,3
1050200728,3
1051198661,3
1051595826,3
1051657831,3
1057173941,3
1075351916,3
1075863395,4
1078357909,3
1079625817,3
1082591956,3
1082665764,3
1084486898,3
1085426528,3
1086363712,3
1087298370,3
1088270559,3
1093392148,4
1094670148,3
1094879459,3
1095894979,3
1096630192,4
1097875334,3
1099112122,3
1103373889,3
1104422628,4
1105006429,3
1106510276,4
1115481506,3
1115952008,3
1116588610,3
1117361192,3
1117492266,3
1119763924,3
1121141304,3
1123923932,3
1125605580,3
1125872530,3
1130460319,3
1130601231,3
1132297038,3
1133001306,5
1133158151,3
1140449293,3
1140848367,4
1140988368,3
1142910752,3
1143209760,3
1143931807,3
1144816961,3
1145017084,3
1153238977,3
1164861071,3
1165361924,4
1166421944,4
1167650541,3
1169119083,3
1171797088,3
1172644546,3
1176604093,3
1176954132,4
1178209527,4
1179643011,3
1180134227,4
1187463765,3
1190473557,3
1195223045,3
1195410745,3
1196781988,3
1199116491,4
1205664021,3
1208228762,3
1211350060,3
1212820061,3
1212932624,3
1215498865,3
1217004843,3
1217477368,4
1228406967,3
1235452314,3
1237708996,4
1239697165,3
1245057921,4
1246624345,4
1246626043,3
1246802434,3
1249090513,4
1249823324,3
1253598263,3
1254175796,3
1255232732,3
1258848546,3
1259922642,3
1261271580,4
1266610368,3
1266853322,3
1268470656,3
1268523032,3
1269542152,3
1269700501,3
1271033295,4
1271819130,3
1274086910,3
1274237866,3
1277947572,3
1278694021,3
1286671775,3
1288134514,4
1289563234,4
1291515204,3
1292979992,3
1294500604,3
1296715983,4
1298611933,3
1301627154,3
1301870218,4
1302048123,3
1302135990,3
1302724340,3
1303408562,3
1303767813,3
1304643943,3
1307819508,3
1307961168,3
1314603564,3
1316926688,3
1324569502,3
1332176994,4
1334624436,4
1336036658,3
1336127283,3
1336412861,3
1341339532,4
1344807906,3
1346363777,3
1347125628,3
1348555135,3
1353517692,3
1354411109,4
1360027517,3
1365152406,3
1367214681,3
1367470327,3
1373010257,4
1375057718,3
1375978793,3
1378385941,4
1382379752,3
1382905170,3
1382950184,3
1383495058,3
1384039220,3
1387631768,4
1388399428,3
1395246421,3
1395773918,3
1400326269,4
1406734395,3
1406775031,3
1408642922,3
1413351882,3
1414872844,4
1416584342,3
1417061937,3
1418464479,3
1419448504,3
1422523769,3
1423031356,3
1425509806,3
1425679446,3
1425886222,3
1429265968,3
1431195383,3
1433475156,3
1435972903,3
1436167447,3
1438760543,3
1440537582,3
1444565004,3
1447821731,3
1448430014,3
1449902148,3
1451886888,3
1452809491,4
1452830936,3
1456430985,3
1459284649,3
1459964234,4
1460690973,3
1461308638,3
1461368679,3
1465060325,3
1466255867,3
1470677009,3
1472262122,3
1474322336,4
1476025556,3
1476653507,3
1477252012,3
1479862846,3
1490244055,3
1497488178,3
1502243484,3
1504031267,4
1504634575,3
1504981676,3
1505795551,3
1506063459,3
1510451897,3
1518597578,3
1520513106,3
1524089207,3
1525013622,5
1525303131,3
1526636609,3
1529391466,3
1529405332,3
1531171418,3
1531615123,3
1536303104,3
1536658951,3
1537608176,3
1538136131,3
1541885165,3
1542748721,3
1544019340,5
1545079332,3
1545888499,3
1546104377,3
1546157543,3
1548005561,3
1556537670,3
1557070495,3
1557387235,4
1557820205,3
1558814835,3
1560475098,4
1567179188,3
1569657002,3
1573051559,4
1575827384,4
1576224571,3
1580580328,3
1586052047,3
1588228644,4
1589542662,3
1590903009,4
1593756893,3
1603170110,3
1603568458,3
1606523187,3
1606638526,3
1612489437,3
1613634521,3
1614488620,3
1616262169,3
1618233546,3
1622294839,3
1636129590,3
1637355643,3
1639920408,3
1641631752,3
1644309505,3
1644528034,3
1644861124,3
1646440651,3
1647658981,3
1647904243,3
1650340034,3
1651579992,3
1654089056,3
1658344327,3
1659894424,3
1661682358,3
1664215995,4
1666392091,3
1666601651,4
1667735473,3
1670552101,4
1670838975,4
1671291853,3
1671676307,3
1676303374,3
1676531728,3
1677607138,5
1678045823,3
1678430295,3
1681401548,3
1689123946,3
1690291272,3
1697944783,3
1698156042,3
1703116521,4
1703545013,3
1706437011,3
1709574182,3
1713964051,3
1716586508,3
1718295027,3
1719776527,3
1721321525,3
1722308532,3
1722539301,3
1722603252,3
1722993663,3
1723430291,4
1724850177,3
1726666224,3
1734639980,3
1737682527,3
1737997675,3
1742195308,3
1743493727,3
1745732011,3
1746166687,3
1748705434,3
1750070978,3
1750792644,3
1751480356,3
1752398473,3
1753007204,3
1753720422,3
1755159626,4
1756304277,4
1763343402,3
1764741993,3
1765492219,3
1767715297,3
1768692511,3
1774588202,3
1777645381,3
1777680877,4
1778251850,3
1780646606,3
1781596000,3
1782095928,4
1784445928,4
1785782006,4
1788181985,3
1788839607,3
1791596037,3
1794911128,3
1796029449,3
1805675557,4
1805845915,4
1812153363,3
1812655676,3
1817651842,3
1820866003,3
1821125682,3
1827151112,3
1827243377,3
1827626416,4
1829899535,3
1830859028,3
1833061198,3
1833077159,3
1835489622,5
1839242409,3
1841466465,3
1845195769,3
1845825209,3
1847995287,5
1850731145,4
1855454452,3
1859534255,3
1862230706,3
1864762516,3
1865199254,3
1868615696,4
1871675162,3
1871874877,3
1872256708,3
1874721938,3
1877684618,3
1879308612,4
1879317622,3
1879452938,3
1879696087,3
1880970480,4
1883368654,3
1887375316,3
1888632588,3
1891482189,3
1892507886,4
1897045431,3
1900598881,3
1901348744,4
1902377008,3
1904225580,4
1906088407,4
1906657742,4
1908143210,4
1908262013,3
1911482255,3
1918721800,3
1918947564,4
1924196192,4
1927301799,3
1934246813,3
1935490243,4
1935865758,4
1936447237,3
1936659435,3
1945212968,3
1953361780,3
1956588335,3
1960041251,3
1971328767,4
1971971972,3
1972129014,3
1972541574,3
1973833645,3
1975307650,3
1975596511,3
1976417363,3
1977702758,3
1979480595,3
1983333974,3
1985516615,4
1992037544,5
1995123254,3
1998772961,4
2003233877,3
2004207983,3
2006700205,3
2008315239,3
2009902717,3
2011224851,3
2012026632,3
2015704745,4
2015991939,3
2018799247,3
2019892566,3
2020252446,3
2022619830,3
2024656887,3
2026420722,3
2026891078,3
2028028580,3
2028805796,3
2030054462,3
2033630806,3
2034823515,3
2036377567,3
2037268827,4
2040217841,3
2041575276,3
2044926763,3
2046176090,3
2046751992,3
2048265504,3
2051569167,3
2053213309,3
2053506490,3
2054171343,3
2056309275,4
2059107661,3
2061180096,3
2065657198,3
2066619590,3
2072240933,4
2076247669,4
2080571489,3
2083466060,3
2085508136,3
2090173285,4
2091088734,4
2097850244,3
2097856420,3
2098264166,3
2098768165,3
2102543219,3
2108089280,3
2109263401,3
2109299850,5
2117837973,3
2121891805,3
2122024421,3
2123413381,3
2128344718,3
2133270441,3
2133306522,3
2135829458,3
2135844815,4
2137189898,3
2138515372,3
2139209036,3
2139287338,3
2139301976,3
2141458217,3
2148339078,3
2149501488,3
2151467507,3
2151509334,3
2154383903,3
2155667219,3
2162304486,3
2163780658,3
2167255594,3
2168331230,3
2171820085,3
2172940318,3
2178420447,4
2178791963,3
2179593599,3
2181005070,3
2184738913,4
2185340595,3
2186343259,3
2192457937,3
2196440863,5
2197996879,5
2199989491,3
2200084279,3
2203943775,3
2206871806,4
2208431860,3
2213304029,3
2215612535,3
2218598325,3
2221449368,3
2229950158,4
2232112217,4
2232794498,3
2235256377,3
2237038131,3
2238966046,3
2239199413,3
2241283141,3
2243946963,3
2247118504,3
2248929238,3
2248974843,3
2249525087,3
2252214631,3
2255550102,3
2255930443,3
2256339732,3
2256886124,3
2258674252,3
2258837013,3
2262987632,3
2265301200,3
2266719355,3
2271029858,3
2273432465,3
2278286820,4
2279142182,3
2280289646,3
2280737054,4
2283923187,3
2287327898,3
2287443993,3
2288221191,3
2289821240,3
2290349799,3
2290615478,3
2293787755,3
2294509371,4
2297295777,3
2297898402,3
2299500502,4
2302468743,3
2316015842,3
2318756258,3
2320212322,3
2322375895,3
2323872325,3
2324297179,3
2325650566,3
2326232647,3
2328543636,3
2329896702,4
2334206006,3
2336262864,3
2336355021,3
2336516775,3
2338324662,3
2338627393,3
2344333600,3
2346043508,3
2347300416,3
2348053690,3
2348702073,3
2351425784,3
2357870240,3
2358991028,3
2361362757,4
2361404807,3
2361533111,4
2363875605,3
2364535593,3
2368501770,3
2370517350,3
2372647393,3
2372845880,3
2379426952,3
2383459912,3
2383836357,3
2385589726,3
2386338288,3
2387323642,3
2388577668,3
2392247193,4
2392326857,3
2396349279,3
2397271733,3
2397650165,3
2399492744,3
2403128572,3
2406108213,3
2410407945,4
2410494888,3
2410802623,3
2411161648,4
2413888034,3
2421664513,3
2427774074,3
2427880799,3
2428792562,4
2434132259,3
2435837923,3
2436764599,3
2437170863,3
2438880310,3
2440553478,3
2440904686,5
2441592433,3
2444340715,4
2445296690,3
2447825792,4
2449094561,3
2455845008,3
2455924281,3
2460381798,3
2465173537,4
2466046363,4
2469878020,3
2469926936,3
2470505035,3
2475699815,3
2477309406,3
2479953750,3
2480600394,3
2481482581,3
2484590654,3
2485173539,3
2490271413,3
2490574164,3
2490850085,3
2492114990,2
2492599308,3
2493610993,3
2494588880,3
2496267917,4
2496620625,3
2498439772,3
2501638175,3
2504110412,3
2507107985,4
2508151528,3
2509066997,3
2509953825,3
2510853598,3
2512945281,3
2513871828,3
2515979951,3
2518934182,3
2528047920,3
2530679352,3
2530932856,4
2531147217,3
2532413137,3
2533778466,3
2536895766,3
2538919007,3
2540057310,3
2540939272,3
2541987714,3
2543001868,3
2547304850,3
2548543893,3
2550694704,3
2552240617,3
2553123033,3
2556699336,3
2557856398,3
2558531992,3
2560914880,4
2563313484,3
2565951228,3
2566719718,3
2568819355,3
2569123363,3
2570112902,3
2570933394,3
2572169004,3
2577361156,3
2581283971,3
2581421047,3
2584853409,3
2586348643,3
2586537623,3
2587679358,3
2589599188,3
2590829526,3
2593208275,3
2597449301,3
2597785056,4
2603988517,3
2604747522,3
2605844245,3
2607462358,3
2607713777,3
2608220207,3
2608235425,4
2615694902,3
2616775351,4
2620201468,3
2620453928,3
2621581337,3
2621647501,3
2622319181,5
2623777621,3
2624498059,4
2625021354,3
2626030939,5
2626276973,3
2627142799,4
2629939203,3
2637411510,3
2638691430,3
2649306672,5
2650533993,3
2651489801,3
2651684339,3
2653438530,3
2657109031,3
2661101390,3
2661178959,4
2661378157,3
2662989538,4
2668759897,3
2669990440,3
2671730146,3
2676098721,3
2681235806,3
2683615288,3
2689024656,3
2690161683,3
2691903631,4
2692415380,3
2693314432,3
2695853930,4
2696451534,3
2697637622,3
2701226232,3
2704163363,3
2705618799,3
2713141511,3
2718479386,3
2718854859,3
2719549572,3
2720654121,3
2720921630,3
2727191293,3
2728250599,3
2728988942,3
2730815103,3
2732780676,3
2732830741,3
2734689910,3
2735878159,3
2739601944,3
2741835855,3
2742959081,3
2744048264,3
2745387667,3
2746735779,3
2751433125,3
2752687885,3
2753550138,3
2754246172,4
2755347468,3
2758494648,3
2758707424,3
2761048584,3
2763838004,4
2767326159,3
2767664103,3
2768000694,3
2768740197,3
2773343225,4
2775207739,3
2775668188,3
2780118855,3
2780132468,2
2780366422,3
2780669808,3
2780918205,3
2782244888,3
2790742955,3
2793936300,3
2794192602,3
2794265026,3
2795583238,5
2797118205,4
2798212469,3
2799503775,3
2799878304,3
2802098414,3
2802539097,3
2802584821,4
2809323451,3
2809375046,4
2810339385,3
2811061209,3
2811192798,5
2813339656,3
2814100617,3
2814554321,4
2815518245,5
2820783595,3
2821637646,3
2826913245,4
2828988202,3
2830065820,3
2832824115,3
2838898600,3
2839003053,3
2839317356,3
2839406005,4
2841808656,4
2842534107,3
2851207875,3
2851578449,4
2851955958,3
2857344475,3
2861497615,3
2864325627,3
2864587679,3
2865067754,3
2871746964,3
2872050745,3
2876107897,3
2878059176,3
2880587926,3
2881985242,3
2882075732,3
2883475064,3
2883762558,3
2885881158,4
2888359875,4
2897377266,3
2899242162,3
2899386213,3
2905025904,4
2905685162,3
2906351586,3
2907745008,3
2909404712,3
2911725373,3
2914883477,3
2915096892,3
2915817319,3
2918363467,3
2918963439,4
2920127450,3
2925530521,4
2934097965,3
2937573964,3
2937655882,3
2937953357,4
2938320663,3
2938658366,3
2940906971,4
2944629826,3
2945946028,3
2946997448,3
2947917201,3
2952002073,3
2953643785,3
2954954143,3
2958761272,3
2959123241,3
2966328820,3
2966999234,3
2973085371,4
2975955864,4
2976382715,3
2980524900,3
2985245387,3
2986270023,3
2986835162,3
2988180557,3
2991382385,3
2991800473,3
2995376126,4
2996465085,3
2998240880,3
2999856330,3
3004806533,3
3008676218,2
3010856283,3
3012426601,3
3013275392,3
3013617022,3
3016102133,3
3018238997,3
3018856000,3
3020029153,3
3024532039,3
3028796282,3
3029953735,4
3030051271,3
3030943727,3
3032490582,4
3033395470,3
3039159884,3
3039901962,4
3043181990,4
3046761065,3
3048304282,3
3053259969,4
3056496877,3
3057988981,3
3059640577,3
3060042925,3
3065863143,3
3068107113,3
3068678959,4
3068697362,4
3074144108,3
3074721194,3
3077690362,3
3077832980,3
3084269121,3
3086193490,3
3087715413,3
3089624800,3
3097937416,3
3098945529,3
3102387934,3
3103144308,3
3104643149,3
3106471623,3
3109648055,5
3110593254,3
3110826149,3
3116585926,3
3127048494,3
3128795155,3
3128832901,4
3129009441,3
3129894645,3
3132121971,3
3133422961,3
3138242355,4
3138807119,3
3139265320,3
3139274536,3
3141331592,3
3143299204,3
3148156510,3
3151371929,3
3153648102,4
3153975178,4
3154638975,3
3156269631,3
3156579406,3
3158185203,3
3160528641,3
3161302203,3
3163393770,3
3163541465,3
3163594538,3
3165802126,3
3167888497,3
3168755174,3
3170320453,3
3172250881,4
3172703788,3
3176621688,3
3185333113,4
3187325767,4
3187370039,3
3188843711,3
3189076268,4
3192842688,3
3194007225,3
3199667842,4
3201135301,3
3201694970,3
3201770113,3
3202723468,4
3203589580,3
3207344412,3
3207960359,3
3214034020,3
3215006480,3
3215835959,3
3216660114,3
3218815255,3
3219515404,3
3220085946,3
3221995449,3
3225351618,3
3227154093,3
3231592574,3
3234424112,4
3234968622,4
3235801827,3
3237383375,3
3238196342,3
3239069834,3
3240785276,4
3240929780,3
3242507143,4
3244012867,3
3250354823,4
3252162306,3
3258126294,3
3260381770,3
3260594755,3
3270195628,3
3271808223,3
3274262895,3
3275218656,3
3275795862,3
3279376183,3
3284652867,3
3287273802,3
3288201815,3
3290740316,3
3293419987,3
3294654272,3
3295980651,3
3296226815,3
3298985291,3
3301026080,3
3303545110,3
3303624762,3
3303838960,3
3304253168,3
3304686512,3
3306525595,3
3308442440,4
3311528906,3
3312030931,3
3314098705,4
3318343342,3
3319644132,3
3319937888,3
3323113372,3
3324678907,3
3326102488,3
3327162027,3
3328458132,3
3329250043,4
3331954682,3
3332550698,3
3334310879,3
3335451812,3
3335780498,3
3336194522,4
3337564969,4
3338309499,3
3339741647,3
3340993109,3
3341858614,3
3343942613,3
3345734507,3
3355993164,3
3359356656,3
3360871005,3
3362072295,3
3362964060,3
3367650254,3
3368217301,3
3369277408,3
3373245789,3
3378072628,3
3386487173,3
3387993595,4
3390414227,4
3396002092,3
3396716676,3
3397114375,3
3397219212,3
3402554157,3
3412978571,3
3418118075,3
3421079924,3
3421594215,3
3423802304,4
3424322302,3
3424519397,4
3426183113,3
3426816011,3
3427409235,3
3428426893,3
3429409220,4
3429410502,5
3438741348,3
3442533162,3
3447903093,3
3448721674,3
3449872775,3
3451042269,3
3453722652,3
3456650246,3
3457755755,3
3461844320,3
3462160059,4
3463837032,3
3464714863,3
3466970792,3
3469376405,3
3472609688,3
3473524025,3
3477102602,3
3477618714,4
3478119785,3
3479263503,3
3480260143,4
3480975258,3
3480977444,3
3485350011,3
3485457199,3
3486932462,4
3487958667,3
3488486405,3
3488985263,3
3489009024,3
3489581041,4
3489738948,3
3493057494,3
3495818564,3
3496128487,3
3496208349,3
3501721118,4
3502309214,3
3503499724,3
3507232306,3
3507369254,3
3509104796,3
3515641631,4
3521159632,3
3521369408,3
3522926594,4
3525503074,3
3528463452,3
3529796126,3
3532229145,4
3532637184,3
3532709160,3
3534804406,3
3537214277,3
3542237003,3
3542358517,4
3543204922,3
3544851736,3
3548637673,3
3549400362,3
3549661026,3
3549949167,3
3550756125,3
3552213443,3
3554607315,3
3559205221,3
3559395900,4
3560499468,3
3562838732,3
3563559233,3
3563792362,3
3572317244,4
3573227658,3
3576859689,3
3581198714,3
3581755700,3
3582253639,3
3583322939,3
3583858507,3
3587452388,3
3587842489,3
3588716120,3
3595591792,3
3600000620,3
3605654232,3
3612685875,3
3616319996,3
3617361428,4
3617698707,3
3624796266,3
3625799781,3
3627827753,3
3635664607,3
3637444890,4
3638792725,3
3640325492,3
3646569986,3
3647070644,3
3647150026,3
3650821463,3
3651144029,3
3652715152,3
3659501484,3
3664020911,3
3664042467,3
3668205319,3
3674684193,3
3674744025,3
3675715940,3
3677969999,3
3681631381,3
3684608097,4
3685379620,3
3686953707,3
3687214038,3
3687517821,3
3688443239,3
3691609865,3
3693117342,3
3694053417,3
3694933394,3
3697763310,4
3701224868,3
3702485976,3
3703663905,4
3707028884,3
3707540731,3
3708534844,3
3711891194,3
3713534743,3
3718047621,3
3719530586,3
3721755136,3
3724289388,3
3726613976,4
3728647487,3
3731783147,4
3731865435,3
3732083978,3
3732627030,4
3733934909,3
3736664503,3
3740224888,3
3740680860,3
3742728457,4
3744393607,3
3745670967,3
3748910433,4
3749556667,3
3753583176,4
3755793029,3
3759970625,4
3760831283,3
3762703235,3
3764335465,3
3768387090,3
3771340895,3
3772850329,3
3777149998,4
3777295871,3
3781188430,3
3798996852,4
3801228235,3
3804922515,3
3806398445,3
3808402167,4
3817394595,4
3819260179,3
3819294762,4
3819333775,3
3824003946,4
3824720894,3
3828017267,3
3829861425,3
3832728523,3
3832874334,4
3835824946,4
3836739612,3
3836986623,4
3837345060,4
3839670742,3
3844140983,3
3847067228,3
3847808992,3
3848110185,3
3850173026,3
3850799893,3
3852140407,3
3853089836,3
3856886497,3
3857195576,4
3859825215,3
3860632686,3
3864502208,3
3865855500,3
3867046855,3
3868064745,3
3870876550,3
3870889542,3
3871485386,3
3872005714,3
3873246148,3
3874931042,3
3876649184,3
3877379146,3
3878157863,3
3880626718,3
3881903999,4
3882109306,3
3882759508,3
3883329784,3
3884015124,3
3885334932,3
3887124538,4
3889130987,3
3889278475,4
3890197820,4
3892114403,3
3895795003,3
3899311713,3
3899533504,3
3902887884,3
3906279426,4
3912497560,4
3915658415,3
3916646233,3
3919334786,4
3919969802,3
3922074884,3
3924490793,3
3930841971,3
3931051195,3
3934148010,3
3936691827,3
3941522676,3
3942485002,3
3944268737,3
3945605592,3
3946466534,3
3949372966,3
3949892272,3
3951232352,3
3951588890,4
3952663938,4
3955843496,3
3956571539,3
3959198150,3
3966348292,4
3966998094,4
3967651358,3
3967802493,3
3968285352,3
3968944006,3
3971523744,3
3973705542,3
3976403280,3
3985044980,3
3985606537,3
3985825195,3
3996069892,3
3996909993,3
4000809387,4
4002507530,3
4013386850,3
4016229406,3
4016995268,3
4017932238,4
4018516468,4
4018667697,3
4020499186,3
4023793016,3
4024872715,4
4029974537,3
4030506789,3
4031357862,3
4035562923,4
4036371781,3
4042528699,3
4043496694,3
4050147189,3
4053497816,3
4054900380,3
4055006120,3
4057365107,3
4058604433,4
4060447686,3
4061375549,3
4066314191,3
4066376844,3
4068675418,3
4071042236,3
4071373329,3
4072191052,4
4072455711,3
4074422985,3
4075603869,3
4077504252,3
4078163716,3
4084395132,3
4091646786,3
4094479531,3
4095029738,3
4096820034,6
4098077002,3
4099391626,3
4101309917,4
4105233324,3
4106450023,3
4111325041,3
4112621380,3
4114864639,3
4115208111,3
4117229032,3
4122175071,3
4122788296,4
4123072754,3
4123124185,3
4123507850,3
4126793119,3
4127969449,3
4128901579,3
4135034507,3
4136088296,3
4137194670,3
4139537637,3
4140710202,4
4140998343,3
4142503910,3
4143107648,3
4143320573,3
4145670277,4
4146959702,3
4148569144,3
4155263827,3
4161474298,3
4161720216,3
4163587601,3
4164326469,3
4165566893,4
4167935162,4
4167991881,3
4169954134,3
4171095315,3
4172077685,3
4173917544,4
4175603528,3
4177316684,3
4177419629,3
4179331034,3
4183027129,3
4189246764,3
4191656587,3
4193490688,3
4196145006,3
4200324709,3
4201106871,4
4205023610,3
4205258367,4
4215063678,3
4219508579,4
4220209378,3
4222937692,3
4223550303,3
4224430596,3
4224446605,3
4224533120,3
4227229807,4
4227587668,3
4231198665,4
4231733118,3
4232806580,3
4233157654,3
4238265702,3
4244186396,3
4244280214,3
4246183162,3
4249951560,3
4251811878,3
4255570773,3
4259049254,3
4262145542,3
4264413460,3
4266523380,3
4269243363,3
4271960965,4
4276898774,3
4278146423,3
4279833491,3
4279881930,4
4279958262,4
4282019580,3
4283570761,3
4284048608,3
4287160193,3
4290709089,3
