study_id,has_sagittal_t1,has_sagittal_t2_stir,has_axial_t2,required_series_present,series_count
4003253,1,1,1,3,3
4646740,1,1,1,3,3
7143189,1,1,1,3,3
8785691,1,1,1,3,3
10728036,1,1,1,3,4
11340341,1,1,1,3,3
11943292,1,1,1,3,4
13317052,1,1,1,3,3
22191399,1,1,1,3,3
26342422,1,1,1,3,4
29931867,1,1,1,3,4
33736057,1,1,1,3,3
38281420,1,1,1,3,3
40745534,1,1,1,3,3
41477684,1,1,1,3,3
44060036,1,1,1,3,4
46494080,1,1,1,3,3
52397721,1,1,1,3,3
52695609,1,1,1,3,4
53418228,1,1,1,3,3
58813022,1,1,1,3,3
59576878,1,1,1,3,3
60612428,1,1,1,3,3
63725508,1,1,1,3,4
64092030,1,1,1,3,3
69086098,1,1,1,3,3
70878995,1,1,1,3,3
71973234,1,1,1,3,3
73783367,1,1,1,3,3
74294498,1,1,1,3,3
74782131,1,1,1,3,3
75336136,1,1,1,3,3
76438935,1,1,1,3,3
82066307,1,1,1,3,3
85480902,1,1,1,3,4
86250890,1,1,1,3,3
87937369,1,1,1,3,4
88465004,1,1,1,3,3
89637298,1,1,1,3,3
90711686,1,1,1,3,3
92407737,1,1,1,3,3
92565488,1,1,1,3,3
96439573,1,1,1,3,3
97086905,1,1,1,3,3
97634230,1,1,1,3,3
100206310,1,1,1,3,3
105895264,1,1,1,3,4
106310815,1,1,1,3,3
107698245,1,1,1,3,3
107935613,1,1,1,3,3
108348787,1,1,1,3,4
109454808,1,1,1,3,5
109677683,1,1,1,3,4
110271740,1,1,1,3,3
111701877,1,1,1,3,3
112166434,1,1,1,3,3
113121178,1,1,1,3,4
113758629,1,1,1,3,3
114899184,1,1,1,3,3
115990621,1,1,1,3,3
117720278,1,1,1,3,3
123154253,1,1,1,3,3
128125626,1,1,1,3,3
135073898,1,1,1,3,3
140799588,1,1,1,3,3
142991438,1,1,1,3,3
144244752,1,1,1,3,3
145324113,1,1,1,3,3
150368852,1,1,1,3,3
153831832,1,1,1,3,3
155064828,1,1,1,3,3
158640056,1,1,1,3,3
159099003,1,1,1,3,3
159721286,1,1,1,3,3
165018059,1,1,1,3,3
166255118,1,1,1,3,3
168470924,1,1,1,3,3
168833126,1,1,1,3,3
169651375,1,1,1,3,4
176605889,1,1,1,3,3
177339056,1,1,1,3,3
178041181,1,1,1,3,5
178651310,1,1,1,3,3
180341550,1,1,1,3,3
181779472,1,1,1,3,3
182843007,1,1,1,3,3
183230492,1,1,1,3,4
185510290,1,1,1,3,3
189160688,1,1,1,3,3
189207389,1,1,1,3,3
189360935,1,1,1,3,3
191717032,1,1,1,3,3
198104941,1,1,1,3,3
200354973,1,1,1,3,3
200852737,1,1,1,3,3
206642334,1,1,1,3,3
208289456,1,1,1,3,3
209512460,1,1,1,3,4
211314658,1,1,1,3,4
211713723,1,1,1,3,3
213335325,1,1,1,3,3
215111925,1,1,1,3,4
215149692,1,1,1,3,5
215788128,1,1,1,3,3
218109857,1,1,1,3,3
220887739,1,1,1,3,3
222523001,1,1,1,3,3
224965813,1,1,1,3,3
227532076,1,1,1,3,3
228290246,1,1,1,3,4
231335311,1,1,1,3,3
233281390,1,1,1,3,3
233373921,1,1,1,3,3
241354569,1,1,1,3,3
245660566,1,1,1,3,3
247968996,1,1,1,3,3
253661040,1,1,1,3,3
256201877,1,1,1,3,3
258027917,1,1,1,3,4
259346069,1,1,1,3,4
262749243,1,1,1,3,3
264945797,1,1,1,3,3
265570475,1,1,1,3,3
267842058,1,1,1,3,5
267989673,1,1,1,3,3
269259654,1,1,1,3,3
270031150,1,1,1,3,4
271796630,1,1,1,3,3
273701476,1,1,1,3,3
276432797,1,1,1,3,3
282036903,1,1,1,3,3
283265383,1,1,1,3,3
286903519,1,1,1,3,5
287921610,1,1,1,3,3
289846404,1,1,1,3,4
293713262,1,1,1,3,3
296083289,1,1,1,3,3
296284854,1,1,1,3,3
296314829,1,1,1,3,3
305101752,1,1,1,3,3
305152236,1,1,1,3,4
305320071,1,1,1,3,3
305402206,1,1,1,3,4
308645397,1,1,1,3,3
309197706,1,1,1,3,3
309209456,1,1,1,3,3
311205484,1,1,1,3,3
314041963,1,1,1,3,4
316662180,1,1,1,3,3
322285839,1,1,1,3,3
324739602,1,1,1,3,3
325485990,1,1,1,3,3
326589617,1,1,1,3,4
329807127,1,1,1,3,3
330764538,1,1,1,3,3
330993169,1,1,1,3,3
331605392,1,1,1,3,3
331970469,1,1,1,3,3
332284668,1,1,1,3,4
335455502,1,1,1,3,3
336305686,1,1,1,3,3
339664659,1,1,1,3,3
341051344,1,1,1,3,3
341058399,1,1,1,3,3
344269999,1,1,1,3,3
344297746,1,1,1,3,4
347228139,1,1,1,3,4
349723373,1,1,1,3,3
358286753,1,1,1,3,3
364930790,1,1,1,3,3
366818079,1,1,1,3,3
368044905,1,1,1,3,3
368848859,1,1,1,3,3
372642770,1,1,1,3,4
375720624,1,1,1,3,3
375877945,1,1,1,3,3
376048062,1,1,1,3,3
376657226,1,1,1,3,5
376723024,1,1,1,3,3
377474930,1,1,1,3,3
377653138,1,1,1,3,3
379677390,1,1,1,3,3
385414562,1,1,1,3,3
387445557,1,1,1,3,3
389494496,1,1,1,3,3
390498354,1,1,1,3,3
391103067,1,1,1,3,4
395898502,1,1,1,3,3
396152094,1,1,1,3,4
396842952,1,1,1,3,3
404602713,1,1,1,3,3
408455883,1,1,1,3,3
409514453,1,1,1,3,3
413910863,1,1,1,3,3
414452265,1,1,1,3,3
416503281,1,1,1,3,4
416521027,1,1,1,3,4
424882323,1,1,1,3,3
425970461,1,1,1,3,3
427598893,1,1,1,3,3
428900736,1,1,1,3,3
434221231,1,1,1,3,3
434249980,1,1,1,3,3
434488359,1,1,1,3,3
435244060,1,1,1,3,4
435973854,1,1,1,3,4
436916913,1,1,1,3,3
442325762,1,1,1,3,3
442693546,1,1,1,3,3
443364658,1,1,1,3,3
448315026,1,1,1,3,3
449609770,1,1,1,3,3
450154999,1,1,1,3,4
450306455,1,1,1,3,3
454297464,1,1,1,3,3
455813081,1,1,1,3,3
458625588,1,1,1,3,3
462494704,1,1,1,3,3
473465726,1,1,1,3,3
476210376,1,1,1,3,3
476931212,1,1,1,3,3
478913051,1,1,1,3,5
480042730,1,1,1,3,3
480338765,1,1,1,3,3
481259017,1,1,1,3,4
481397395,1,1,1,3,3
482624307,1,1,1,3,3
489097547,1,1,1,3,3
490052995,1,1,1,3,4
491250714,1,1,1,3,3
492697281,1,1,1,3,3
493511651,1,1,1,3,3
497870715,1,1,1,3,3
498998339,1,1,1,3,3
504362668,1,1,1,3,3
508689205,1,1,1,3,4
511308298,1,1,1,3,3
511857239,1,1,1,3,3
512574384,1,1,1,3,3
513538670,1,1,1,3,3
520900899,1,1,1,3,3
523411282,1,1,1,3,3
524715563,1,1,1,3,3
525034566,1,1,1,3,3
526295265,1,1,1,3,3
527598501,1,1,1,3,3
527878108,1,1,1,3,4
532070032,1,1,1,3,3
532925408,1,1,1,3,3
536769497,1,1,1,3,4
542539438,1,1,1,3,3
545140827,1,1,1,3,3
560780529,1,1,1,3,4
566404205,1,1,1,3,3
566498560,1,1,1,3,3
568440982,1,1,1,3,4
570403175,1,1,1,3,3
577198708,1,1,1,3,3
581655354,1,1,1,3,3
582364168,1,1,1,3,3
591481876,1,1,1,3,3
594735110,1,1,1,3,3
596819592,1,1,1,3,4
597329259,1,1,1,3,3
597752094,1,1,1,3,3
603095830,1,1,1,3,3
607343607,1,1,1,3,3
607371793,1,1,1,3,4
607436629,1,1,1,3,3
610806768,1,1,1,3,3
613162088,1,1,1,3,3
618246392,1,1,1,3,3
619016806,1,1,1,3,3
619178879,1,1,1,3,4
620889369,1,1,1,3,3
623720801,1,1,1,3,3
624472591,1,1,1,3,3
624497208,1,1,1,3,4
624881903,1,1,1,3,4
625376596,1,1,1,3,3
626906174,1,1,1,3,3
627674897,1,1,1,3,3
634296400,1,1,1,3,3
636068271,1,1,1,3,3
638168241,1,1,1,3,3
638284307,1,1,1,3,3
640323917,1,1,1,3,3
641070736,1,1,1,3,4
642715533,1,1,1,3,3
647348777,1,1,1,3,3
647382626,1,1,1,3,3
647971523,1,1,1,3,3
652321402,1,1,1,3,3
652905669,1,1,1,3,4
660253947,1,1,1,3,3
663849037,1,1,1,3,4
664153360,1,1,1,3,3
664752325,1,1,1,3,3
665627263,1,1,1,3,4
673855318,1,1,1,3,3
674762852,1,1,1,3,3
676719753,1,1,1,3,3
677152014,1,1,1,3,3
677672203,1,1,1,3,4
677879566,1,1,1,3,3
679759364,1,1,1,3,4
680021009,1,1,1,3,3
683183578,1,1,1,3,5
684747623,1,1,1,3,4
684790345,1,1,1,3,3
690849662,1,1,1,3,3
691886557,1,1,1,3,4
691922299,1,1,1,3,3
692840069,1,1,1,3,3
693432872,1,1,1,3,3
694456618,1,1,1,3,3
694787671,1,1,1,3,3
696494906,1,1,1,3,4
701848105,1,1,1,3,3
704573554,1,1,1,3,3
706497544,1,1,1,3,3
707927308,1,1,1,3,3
711877989,1,1,1,3,3
712073652,1,1,1,3,3
714529524,1,1,1,3,3
716549652,1,1,1,3,3
716992646,1,1,1,3,3
719139061,1,1,1,3,3
719421409,1,1,1,3,3
722563469,1,1,1,3,3
723551942,1,1,1,3,3
732899790,1,1,1,3,3
734370379,1,1,1,3,3
747750685,1,1,1,3,3
748146452,1,1,1,3,3
753813901,1,1,1,3,3
755530699,1,1,1,3,3
756692789,1,1,1,3,3
757619082,1,1,1,3,3
764432065,1,1,1,3,3
764520264,1,1,1,3,3
765167979,1,1,1,3,3
765688458,1,1,1,3,4
766494595,1,1,1,3,3
767443105,1,1,1,3,3
769420103,1,1,1,3,3
777619397,1,1,1,3,3
778765559,1,1,1,3,4
779042451,1,1,1,3,3
779162887,1,1,1,3,3
783021102,1,1,1,3,3
783154228,1,1,1,3,3
786544183,1,1,1,3,3
789748240,1,1,1,3,3
792614227,1,1,1,3,3
793200975,1,1,1,3,3
795441010,1,1,1,3,3
796391961,1,1,1,3,3
796739553,1,1,1,3,4
798120215,1,1,1,3,3
799635887,1,1,1,3,3
801319011,1,1,1,3,3
802955254,1,1,1,3,3
806480418,1,1,1,3,3
806727758,1,1,1,3,3
808294521,1,1,1,3,3
808539750,1,1,1,3,3
809072026,1,1,1,3,3
810180368,1,1,1,3,3
814199418,1,1,1,3,3
815315878,1,1,1,3,3
822961474,1,1,1,3,3
823937142,1,1,1,3,3
824003539,1,1,1,3,3
824777245,1,1,1,3,3
826926591,1,1,1,3,3
829439070,1,1,1,3,3
832603302,1,1,1,3,3
833869440,1,1,1,3,3
838134337,1,1,1,3,3
838542810,1,1,1,3,3
844086813,1,1,1,3,3
845185564,1,1,1,3,3
857629562,1,1,1,3,3
858422574,1,1,1,3,3
859100583,1,1,1,3,3
859269912,1,1,1,3,3
859570985,1,1,1,3,4
861719444,1,1,1,3,3
864298998,1,1,1,3,3
868599447,1,1,1,3,3
869574520,1,1,1,3,3
870699023,1,1,1,3,3
870897543,1,1,1,3,3
883950312,1,1,1,3,3
885579922,1,1,1,3,3
885894528,1,1,1,3,3
886537006,1,1,1,3,3
886995462,1,1,1,3,5
888069612,1,1,1,3,4
893004686,1,1,1,3,4
893250212,1,1,1,3,3
896290384,1,1,1,3,3
899435449,1,1,1,3,4
901299313,1,1,1,3,3
902012573,1,1,1,3,3
904367529,1,1,1,3,5
910809548,1,1,1,3,3
911311690,1,1,1,3,3
912108661,1,1,1,3,3
914396298,1,1,1,3,3
916362094,1,1,1,3,4
919752232,1,1,1,3,3
924259603,1,1,1,3,3
928901340,1,1,1,3,3
933559951,1,1,1,3,3
933831851,1,1,1,3,3
934012015,1,1,1,3,3
934686772,1,1,1,3,3
937772835,1,1,1,3,3
938355286,1,1,1,3,3
938749597,1,1,1,3,3
938755807,1,1,1,3,4
940227148,1,1,1,3,3
941431860,1,1,1,3,3
943718301,1,1,1,3,3
945809437,1,1,1,3,3
947021330,1,1,1,3,3
947035365,1,1,1,3,3
948477484,1,1,1,3,3
950702776,1,1,1,3,3
951328272,1,1,1,3,3
953218250,1,1,1,3,3
953639220,1,1,1,3,3
957176622,1,1,1,3,4
959290081,1,1,1,3,3
959820751,1,1,1,3,3
960417562,1,1,1,3,3
960760926,1,1,1,3,3
961169106,1,1,1,3,4
968668661,1,1,1,3,3
971027947,1,1,1,3,3
972691286,1,1,1,3,3
974862951,1,1,1,3,3
975569097,1,1,1,3,3
976356113,1,1,1,3,3
979209761,1,1,1,3,3
982484811,1,1,1,3,3
983365930,1,1,1,3,3
984887785,1,1,1,3,3
987393114,1,1,1,3,3
987719637,1,1,1,3,4
991026205,1,1,1,3,3
991428866,1,1,1,3,3
992674144,1,1,1,3,3
998688940,1,1,1,3,3
1002894806,1,1,1,3,3
1004726367,1,1,1,3,3
1008446160,1,1,1,3,3
1009445512,1,1,1,3,4
1009905322,1,1,1,3,3
1012375618,1,1,1,3,3
1013589491,1,1,1,3,3
1013791258,1,1,1,3,3
1018005303,1,1,1,3,5
1019430579,1,1,1,3,3
1020394063,1,1,1,3,3
1025265129,1,1,1,3,3
1028684462,1,1,1,3,3
1028909382,1,1,1,3,4
1035170868,1,1,1,3,3
1036203708,1,1,1,3,3
1038453736,1,1,1,3,3
1039182563,1,1,1,3,3
1040921274,1,1,1,3,3
1047914296,1,1,1,3,3
1050200728,1,1,1,3,3
1051198661,1,1,1,3,3
1051595826,1,1,1,3,3
1051657831,1,1,1,3,3
1057173941,1,1,1,3,3
1075351916,1,1,1,3,3
1075863395,1,1,1,3,4
1078357909,1,1,1,3,3
1079625817,1,1,1,3,3
1082591956,1,1,1,3,3
1082665764,1,1,1,3,3
1084486898,1,1,1,3,3
1085426528,1,1,1,3,3
1086363712,1,1,1,3,3
1087298370,1,1,1,3,3
1088270559,1,1,1,3,3
1093392148,1,1,1,3,4
1094670148,1,1,1,3,3
1094879459,1,1,1,3,3
1095894979,1,1,1,3,3
1096630192,1,1,1,3,4
1097875334,1,1,1,3,3
1099112122,1,1,1,3,3
1103373889,1,1,1,3,3
1104422628,1,1,1,3,4
1105006429,1,1,1,3,3
1106510276,1,1,1,3,4
1115481506,1,1,1,3,3
1115952008,1,1,1,3,3
1116588610,1,1,1,3,3
1117361192,1,1,1,3,3
1117492266,1,1,1,3,3
1119763924,1,1,1,3,3
1121141304,1,1,1,3,3
1123923932,1,1,1,3,3
1125605580,1,1,1,3,3
1125872530,1,1,1,3,3
1130460319,1,1,1,3,3
1130601231,1,1,1,3,3
1132297038,1,1,1,3,3
1133001306,1,1,1,3,5
1133158151,1,1,1,3,3
1140449293,1,1,1,3,3
1140848367,1,1,1,3,4
1140988368,1,1,1,3,3
1142910752,1,1,1,3,3
1143209760,1,1,1,3,3
1143931807,1,1,1,3,3
1144816961,1,1,1,3,3
1145017084,1,1,1,3,3
1153238977,1,1,1,3,3
1164861071,1,1,1,3,3
1165361924,1,1,1,3,4
1166421944,1,1,1,3,4
1167650541,1,1,1,3,3
1169119083,1,1,1,3,3
1171797088,1,1,1,3,3
1172644546,1,1,1,3,3
1176604093,1,1,1,3,3
1176954132,1,1,1,3,4
1178209527,1,1,1,3,4
1179643011,1,1,1,3,3
1180134227,1,1,1,3,4
1187463765,1,1,1,3,3
1190473557,1,1,1,3,3
1195223045,1,1,1,3,3
1195410745,1,1,1,3,3
1196781988,1,1,1,3,3
1199116491,1,1,1,3,4
1205664021,1,1,1,3,3
1208228762,1,1,1,3,3
1211350060,1,1,1,3,3
1212820061,1,1,1,3,3
1212932624,1,1,1,3,3
1215498865,1,1,1,3,3
1217004843,1,1,1,3,3
1217477368,1,1,1,3,4
1228406967,1,1,1,3,3
1235452314,1,1,1,3,3
1237708996,1,1,1,3,4
1239697165,1,1,1,3,3
1245057921,1,1,1,3,4
1246624345,1,1,1,3,4
1246626043,1,1,1,3,3
1246802434,1,1,1,3,3
1249090513,1,1,1,3,4
1249823324,1,1,1,3,3
1253598263,1,1,1,3,3
1254175796,1,1,1,3,3
1255232732,1,1,1,3,3
1258848546,1,1,1,3,3
1259922642,1,1,1,3,3
1261271580,1,1,1,3,4
1266610368,1,1,1,3,3
1266853322,1,1,1,3,3
1268470656,1,1,1,3,3
1268523032,1,1,1,3,3
1269542152,1,1,1,3,3
1269700501,1,1,1,3,3
1271033295,1,1,1,3,4
1271819130,1,1,1,3,3
1274086910,1,1,1,3,3
1274237866,1,1,1,3,3
1277947572,1,1,1,3,3
1278694021,1,1,1,3,3
1286671775,1,1,1,3,3
1288134514,1,1,1,3,4
1289563234,1,1,1,3,4
1291515204,1,1,1,3,3
1292979992,1,1,1,3,3
1294500604,1,1,1,3,3
1296715983,1,1,1,3,4
1298611933,1,1,1,3,3
1301627154,1,1,1,3,3
1301870218,1,1,1,3,4
1302048123,1,1,1,3,3
1302135990,1,1,1,3,3
1302724340,1,1,1,3,3
1303408562,1,1,1,3,3
1303767813,1,1,1,3,3
1304643943,1,1,1,3,3
1307819508,1,1,1,3,3
1307961168,1,1,1,3,3
1314603564,1,1,1,3,3
1316926688,1,1,1,3,3
1324569502,1,1,1,3,3
1332176994,1,1,1,3,4
1334624436,1,1,1,3,4
1336036658,1,1,1,3,3
1336127283,1,1,1,3,3
1336412861,1,1,1,3,3
1341339532,1,1,1,3,4
1344807906,1,1,1,3,3
1346363777,1,1,1,3,3
1347125628,1,1,1,3,3
1348555135,1,1,1,3,3
1353517692,1,1,1,3,3
1354411109,1,1,1,3,4
1360027517,1,1,1,3,3
1365152406,1,1,1,3,3
1367214681,1,1,1,3,3
1367470327,1,1,1,3,3
1373010257,1,1,1,3,4
1375057718,1,1,1,3,3
1375978793,1,1,1,3,3
1378385941,1,1,1,3,4
1382379752,1,1,1,3,3
1382905170,1,1,1,3,3
1382950184,1,1,1,3,3
1383495058,1,1,1,3,3
1384039220,1,1,1,3,3
1387631768,1,1,1,3,4
1388399428,1,1,1,3,3
1395246421,1,1,1,3,3
1395773918,1,1,1,3,3
1400326269,1,1,1,3,4
1406734395,1,1,1,3,3
1406775031,1,1,1,3,3
1408642922,1,1,1,3,3
1413351882,1,1,1,3,3
1414872844,1,1,1,3,4
1416584342,1,1,1,3,3
1417061937,1,1,1,3,3
1418464479,1,1,1,3,3
1419448504,1,1,1,3,3
1422523769,1,1,1,3,3
1423031356,1,1,1,3,3
1425509806,1,1,1,3,3
1425679446,1,1,1,3,3
1425886222,1,1,1,3,3
1429265968,1,1,1,3,3
1431195383,1,1,1,3,3
1433475156,1,1,1,3,3
1435972903,1,1,1,3,3
1436167447,1,1,1,3,3
1438760543,1,1,1,3,3
1440537582,1,1,1,3,3
1444565004,1,1,1,3,3
1447821731,1,1,1,3,3
1448430014,1,1,1,3,3
1449902148,1,1,1,3,3
1451886888,1,1,1,3,3
1452809491,1,1,1,3,4
1452830936,1,1,1,3,3
1456430985,1,1,1,3,3
1459284649,1,1,1,3,3
1459964234,1,1,1,3,4
1460690973,1,1,1,3,3
1461308638,1,1,1,3,3
1461368679,1,1,1,3,3
1465060325,1,1,1,3,3
1466255867,1,1,1,3,3
1470677009,1,1,1,3,3
1472262122,1,1,1,3,3
1474322336,1,1,1,3,4
1476025556,1,1,1,3,3
1476653507,1,1,1,3,3
1477252012,1,1,1,3,3
1479862846,1,1,1,3,3
1490244055,1,1,1,3,3
1497488178,1,1,1,3,3
1502243484,1,1,1,3,3
1504031267,1,1,1,3,4
1504634575,1,1,1,3,3
1504981676,1,1,1,3,3
1505795551,1,1,1,3,3
1506063459,1,1,1,3,3
1510451897,1,1,1,3,3
1518597578,1,1,1,3,3
1520513106,1,1,1,3,3
1524089207,1,1,1,3,3
1525013622,1,1,1,3,5
1525303131,1,1,1,3,3
1526636609,1,1,1,3,3
1529391466,1,1,1,3,3
1529405332,1,1,1,3,3
1531171418,1,1,1,3,3
1531615123,1,1,1,3,3
1536303104,1,1,1,3,3
1536658951,1,1,1,3,3
1537608176,1,1,1,3,3
1538136131,1,1,1,3,3
1541885165,1,1,1,3,3
1542748721,1,1,1,3,3
1544019340,1,1,1,3,5
1545079332,1,1,1,3,3
1545888499,1,1,1,3,3
1546104377,1,1,1,3,3
1546157543,1,1,1,3,3
1548005561,1,1,1,3,3
1556537670,1,1,1,3,3
1557070495,1,1,1,3,3
1557387235,1,1,1,3,4
1557820205,1,1,1,3,3
1558814835,1,1,1,3,3
1560475098,1,1,1,3,4
1567179188,1,1,1,3,3
1569657002,1,1,1,3,3
1573051559,1,1,1,3,4
1575827384,1,1,1,3,4
1576224571,1,1,1,3,3
1580580328,1,1,1,3,3
1586052047,1,1,1,3,3
1588228644,1,1,1,3,4
1589542662,1,1,1,3,3
1590903009,1,1,1,3,4
1593756893,1,1,1,3,3
1603170110,1,1,1,3,3
1603568458,1,1,1,3,3
1606523187,1,1,1,3,3
1606638526,1,1,1,3,3
1612489437,1,1,1,3,3
1613634521,1,1,1,3,3
1614488620,1,1,1,3,3
1616262169,1,1,1,3,3
1618233546,1,1,1,3,3
1622294839,1,1,1,3,3
1636129590,1,1,1,3,3
1637355643,1,1,1,3,3
1639920408,1,1,1,3,3
1641631752,1,1,1,3,3
1644309505,1,1,1,3,3
1644528034,1,1,1,3,3
1644861124,1,1,1,3,3
1646440651,1,1,1,3,3
1647658981,1,1,1,3,3
1647904243,1,1,1,3,3
1650340034,1,1,1,3,3
1651579992,1,1,1,3,3
1654089056,1,1,1,3,3
1658344327,1,1,1,3,3
1659894424,1,1,1,3,3
1661682358,1,1,1,3,3
1664215995,1,1,1,3,4
1666392091,1,1,1,3,3
1666601651,1,1,1,3,4
1667735473,1,1,1,3,3
1670552101,1,1,1,3,4
1670838975,1,1,1,3,4
1671291853,1,1,1,3,3
1671676307,1,1,1,3,3
1676303374,1,1,1,3,3
1676531728,1,1,1,3,3
1677607138,1,1,1,3,5
1678045823,1,1,1,3,3
1678430295,1,1,1,3,3
1681401548,1,1,1,3,3
1689123946,1,1,1,3,3
1690291272,1,1,1,3,3
1697944783,1,1,1,3,3
1698156042,1,1,1,3,3
1703116521,1,1,1,3,4
1703545013,1,1,1,3,3
1706437011,1,1,1,3,3
1709574182,1,1,1,3,3
1713964051,1,1,1,3,3
1716586508,1,1,1,3,3
1718295027,1,1,1,3,3
1719776527,1,1,1,3,3
1721321525,1,1,1,3,3
1722308532,1,1,1,3,3
1722539301,1,1,1,3,3
1722603252,1,1,1,3,3
1722993663,1,1,1,3,3
1723430291,1,1,1,3,4
1724850177,1,1,1,3,3
1726666224,1,1,1,3,3
1734639980,1,1,1,3,3
1737682527,1,1,1,3,3
1737997675,1,1,1,3,3
1742195308,1,1,1,3,3
1743493727,1,1,1,3,3
1745732011,1,1,1,3,3
1746166687,1,1,1,3,3
1748705434,1,1,1,3,3
1750070978,1,1,1,3,3
1750792644,1,1,1,3,3
1751480356,1,1,1,3,3
1752398473,1,1,1,3,3
1753007204,1,1,1,3,3
1753720422,1,1,1,3,3
1755159626,1,1,1,3,4
1756304277,1,1,1,3,4
1763343402,1,1,1,3,3
1764741993,1,1,1,3,3
1765492219,1,1,1,3,3
1767715297,1,1,1,3,3
1768692511,1,1,1,3,3
1774588202,1,1,1,3,3
1777645381,1,1,1,3,3
1777680877,1,1,1,3,4
1778251850,1,1,1,3,3
1780646606,1,1,1,3,3
1781596000,1,1,1,3,3
1782095928,1,1,1,3,4
1784445928,1,1,1,3,4
1785782006,1,1,1,3,4
1788181985,1,1,1,3,3
1788839607,1,1,1,3,3
1791596037,1,1,1,3,3
1794911128,1,1,1,3,3
1796029449,1,1,1,3,3
1805675557,1,1,1,3,4
1805845915,1,1,1,3,4
1812153363,1,1,1,3,3
1812655676,1,1,1,3,3
1817651842,1,1,1,3,3
1820866003,1,1,1,3,3
1821125682,1,1,1,3,3
1827151112,1,1,1,3,3
1827243377,1,1,1,3,3
1827626416,1,1,1,3,4
1829899535,1,1,1,3,3
1830859028,1,1,1,3,3
1833061198,1,1,1,3,3
1833077159,1,1,1,3,3
1835489622,1,1,1,3,5
1839242409,1,1,1,3,3
1841466465,1,1,1,3,3
1845195769,1,1,1,3,3
1845825209,1,1,1,3,3
1847995287,1,1,1,3,5
1850731145,1,1,1,3,4
1855454452,1,1,1,3,3
1859534255,1,1,1,3,3
1862230706,1,1,1,3,3
1864762516,1,1,1,3,3
1865199254,1,1,1,3,3
1868615696,1,1,1,3,4
1871675162,1,1,1,3,3
1871874877,1,1,1,3,3
1872256708,1,1,1,3,3
1874721938,1,1,1,3,3
1877684618,1,1,1,3,3
1879308612,1,1,1,3,4
1879317622,1,1,1,3,3
1879452938,1,1,1,3,3
1879696087,1,1,1,3,3
1880970480,1,1,1,3,4
1883368654,1,1,1,3,3
1887375316,1,1,1,3,3
1888632588,1,1,1,3,3
1891482189,1,1,1,3,3
1892507886,1,1,1,3,4
1897045431,1,1,1,3,3
1900598881,1,1,1,3,3
1901348744,1,1,1,3,4
1902377008,1,1,1,3,3
1904225580,1,1,1,3,4
1906088407,1,1,1,3,4
1906657742,1,1,1,3,4
1908143210,1,1,1,3,4
1908262013,1,1,1,3,3
1911482255,1,1,1,3,3
1918721800,1,1,1,3,3
1918947564,1,1,1,3,4
1924196192,1,1,1,3,4
1927301799,1,1,1,3,3
1934246813,1,1,1,3,3
1935490243,1,1,1,3,4
1935865758,1,1,1,3,4
1936447237,1,1,1,3,3
1936659435,1,1,1,3,3
1945212968,1,1,1,3,3
1953361780,1,1,1,3,3
1956588335,1,1,1,3,3
1960041251,1,1,1,3,3
1971328767,1,1,1,3,4
1971971972,1,1,1,3,3
1972129014,1,1,1,3,3
1972541574,1,1,1,3,3
1973833645,1,1,1,3,3
1975307650,1,1,1,3,3
1975596511,1,1,1,3,3
1976417363,1,1,1,3,3
1977702758,1,1,1,3,3
1979480595,1,1,1,3,3
1983333974,1,1,1,3,3
1985516615,1,1,1,3,4
1992037544,1,1,1,3,5
1995123254,1,1,1,3,3
1998772961,1,1,1,3,4
2003233877,1,1,1,3,3
2004207983,1,1,1,3,3
2006700205,1,1,1,3,3
2008315239,1,1,1,3,3
2009902717,1,1,1,3,3
2011224851,1,1,1,3,3
2012026632,1,1,1,3,3
2015704745,1,1,1,3,4
2015991939,1,1,1,3,3
2018799247,1,1,1,3,3
2019892566,1,1,1,3,3
2020252446,1,1,1,3,3
2022619830,1,1,1,3,3
2024656887,1,1,1,3,3
2026420722,1,1,1,3,3
2026891078,1,1,1,3,3
2028028580,1,1,1,3,3
2028805796,1,1,1,3,3
2030054462,1,1,1,3,3
2033630806,1,1,1,3,3
2034823515,1,1,1,3,3
2036377567,1,1,1,3,3
2037268827,1,1,1,3,4
2040217841,1,1,1,3,3
2041575276,1,1,1,3,3
2044926763,1,1,1,3,3
2046176090,1,1,1,3,3
2046751992,1,1,1,3,3
2048265504,1,1,1,3,3
2051569167,1,1,1,3,3
2053213309,1,1,1,3,3
2053506490,1,1,1,3,3
2054171343,1,1,1,3,3
2056309275,1,1,1,3,4
2059107661,1,1,1,3,3
2061180096,1,1,1,3,3
2065657198,1,1,1,3,3
2066619590,1,1,1,3,3
2072240933,1,1,1,3,4
2076247669,1,1,1,3,4
2080571489,1,1,1,3,3
2083466060,1,1,1,3,3
2085508136,1,1,1,3,3
2090173285,1,1,1,3,4
2091088734,1,1,1,3,4
2097850244,1,1,1,3,3
2097856420,1,1,1,3,3
2098264166,1,1,1,3,3
2098768165,1,1,1,3,3
2102543219,1,1,1,3,3
2108089280,1,1,1,3,3
2109263401,1,1,1,3,3
2109299850,1,1,1,3,5
2117837973,1,1,1,3,3
2121891805,1,1,1,3,3
2122024421,1,1,1,3,3
2123413381,1,1,1,3,3
2128344718,1,1,1,3,3
2133270441,1,1,1,3,3
2133306522,1,1,1,3,3
2135829458,1,1,1,3,3
2135844815,1,1,1,3,4
2137189898,1,1,1,3,3
2138515372,1,1,1,3,3
2139209036,1,1,1,3,3
2139287338,1,1,1,3,3
2139301976,1,1,1,3,3
2141458217,1,1,1,3,3
2148339078,1,1,1,3,3
2149501488,1,1,1,3,3
2151467507,1,1,1,3,3
2151509334,1,1,1,3,3
2154383903,1,1,1,3,3
2155667219,1,1,1,3,3
2162304486,1,1,1,3,3
2163780658,1,1,1,3,3
2167255594,1,1,1,3,3
2168331230,1,1,1,3,3
2171820085,1,1,1,3,3
2172940318,1,1,1,3,3
2178420447,1,1,1,3,4
2178791963,1,1,1,3,3
2179593599,1,1,1,3,3
2181005070,1,1,1,3,3
2184738913,1,1,1,3,4
2185340595,1,1,1,3,3
2186343259,1,1,1,3,3
2192457937,1,1,1,3,3
2196440863,1,1,1,3,5
2197996879,1,1,1,3,5
2199989491,1,1,1,3,3
2200084279,1,1,1,3,3
2203943775,1,1,1,3,3
2206871806,1,1,1,3,4
2208431860,1,1,1,3,3
2213304029,1,1,1,3,3
2215612535,1,1,1,3,3
2218598325,1,1,1,3,3
2221449368,1,1,1,3,3
2229950158,1,1,1,3,4
2232112217,1,1,1,3,4
2232794498,1,1,1,3,3
2235256377,1,1,1,3,3
2237038131,1,1,1,3,3
2238966046,1,1,1,3,3
2239199413,1,1,1,3,3
2241283141,1,1,1,3,3
2243946963,1,1,1,3,3
2247118504,1,1,1,3,3
2248929238,1,1,1,3,3
2248974843,1,1,1,3,3
2249525087,1,1,1,3,3
2252214631,1,1,1,3,3
2255550102,1,1,1,3,3
2255930443,1,1,1,3,3
2256339732,1,1,1,3,3
2256886124,1,1,1,3,3
2258674252,1,1,1,3,3
2258837013,1,1,1,3,3
2262987632,1,1,1,3,3
2265301200,1,1,1,3,3
2266719355,1,1,1,3,3
2271029858,1,1,1,3,3
2273432465,1,1,1,3,3
2278286820,1,1,1,3,4
2279142182,1,1,1,3,3
2280289646,1,1,1,3,3
2280737054,1,1,1,3,4
2283923187,1,1,1,3,3
2287327898,1,1,1,3,3
2287443993,1,1,1,3,3
2288221191,1,1,1,3,3
2289821240,1,1,1,3,3
2290349799,1,1,1,3,3
2290615478,1,1,1,3,3
2293787755,1,1,1,3,3
2294509371,1,1,1,3,4
2297295777,1,1,1,3,3
2297898402,1,1,1,3,3
2299500502,1,1,1,3,4
2302468743,1,1,1,3,3
2316015842,1,1,1,3,3
2318756258,1,1,1,3,3
2320212322,1,1,1,3,3
2322375895,1,1,1,3,3
2323872325,1,1,1,3,3
2324297179,1,1,1,3,3
2325650566,1,1,1,3,3
2326232647,1,1,1,3,3
2328543636,1,1,1,3,3
2329896702,1,1,1,3,4
2334206006,1,1,1,3,3
2336262864,1,1,1,3,3
2336355021,1,1,1,3,3
2336516775,1,1,1,3,3
2338324662,1,1,1,3,3
2338627393,1,1,1,3,3
2344333600,1,1,1,3,3
2346043508,1,1,1,3,3
2347300416,1,1,1,3,3
2348053690,1,1,1,3,3
2348702073,1,1,1,3,3
2351425784,1,1,1,3,3
2357870240,1,1,1,3,3
2358991028,1,1,1,3,3
2361362757,1,1,1,3,4
2361404807,1,1,1,3,3
2361533111,1,1,1,3,4
2363875605,1,1,1,3,3
2364535593,1,1,1,3,3
2368501770,1,1,1,3,3
2370517350,1,1,1,3,3
2372647393,1,1,1,3,3
2372845880,1,1,1,3,3
2379426952,1,1,1,3,3
2383459912,1,1,1,3,3
2383836357,1,1,1,3,3
2385589726,1,1,1,3,3
2386338288,1,1,1,3,3
2387323642,1,1,1,3,3
2388577668,1,1,1,3,3
2392247193,1,1,1,3,4
2392326857,1,1,1,3,3
2396349279,1,1,1,3,3
2397271733,1,1,1,3,3
2397650165,1,1,1,3,3
2399492744,1,1,1,3,3
2403128572,1,1,1,3,3
2406108213,1,1,1,3,3
2410407945,1,1,1,3,4
2410494888,1,1,1,3,3
2410802623,1,1,1,3,3
2411161648,1,1,1,3,4
2413888034,1,1,1,3,3
2421664513,1,1,1,3,3
2427774074,1,1,1,3,3
2427880799,1,1,1,3,3
2428792562,1,1,1,3,4
2434132259,1,1,1,3,3
2435837923,1,1,1,3,3
2436764599,1,1,1,3,3
2437170863,1,1,1,3,3
2438880310,1,1,1,3,3
2440553478,1,1,1,3,3
2440904686,1,1,1,3,5
2441592433,1,1,1,3,3
2444340715,1,1,1,3,4
2445296690,1,1,1,3,3
2447825792,1,1,1,3,4
2449094561,1,1,1,3,3
2455845008,1,1,1,3,3
2455924281,1,1,1,3,3
2460381798,1,1,1,3,3
2465173537,1,1,1,3,4
2466046363,1,1,1,3,4
2469878020,1,1,1,3,3
2469926936,1,1,1,3,3
2470505035,1,1,1,3,3
2475699815,1,1,1,3,3
2477309406,1,1,1,3,3
2479953750,1,1,1,3,3
2480600394,1,1,1,3,3
2481482581,1,1,1,3,3
2484590654,1,1,1,3,3
2485173539,1,1,1,3,3
2490271413,1,1,1,3,3
2490574164,1,1,1,3,3
2490850085,1,1,1,3,3
2492114990,0,1,1,2,2
2492599308,1,1,1,3,3
2493610993,1,1,1,3,3
2494588880,1,1,1,3,3
2496267917,1,1,1,3,4
2496620625,1,1,1,3,3
2498439772,1,1,1,3,3
2501638175,1,1,1,3,3
2504110412,1,1,1,3,3
2507107985,1,1,1,3,4
2508151528,1,1,1,3,3
2509066997,1,1,1,3,3
2509953825,1,1,1,3,3
2510853598,1,1,1,3,3
2512945281,1,1,1,3,3
2513871828,1,1,1,3,3
2515979951,1,1,1,3,3
2518934182,1,1,1,3,3
2528047920,1,1,1,3,3
2530679352,1,1,1,3,3
2530932856,1,1,1,3,4
2531147217,1,1,1,3,3
2532413137,1,1,1,3,3
2533778466,1,1,1,3,3
2536895766,1,1,1,3,3
2538919007,1,1,1,3,3
2540057310,1,1,1,3,3
2540939272,1,1,1,3,3
2541987714,1,1,1,3,3
2543001868,1,1,1,3,3
2547304850,1,1,1,3,3
2548543893,1,1,1,3,3
2550694704,1,1,1,3,3
2552240617,1,1,1,3,3
2553123033,1,1,1,3,3
2556699336,1,1,1,3,3
2557856398,1,1,1,3,3
2558531992,1,1,1,3,3
2560914880,1,1,1,3,4
2563313484,1,1,1,3,3
2565951228,1,1,1,3,3
2566719718,1,1,1,3,3
2568819355,1,1,1,3,3
2569123363,1,1,1,3,3
2570112902,1,1,1,3,3
2570933394,1,1,1,3,3
2572169004,1,1,1,3,3
2577361156,1,1,1,3,3
2581283971,1,1,1,3,3
2581421047,1,1,1,3,3
2584853409,1,1,1,3,3
2586348643,1,1,1,3,3
2586537623,1,1,1,3,3
2587679358,1,1,1,3,3
2589599188,1,1,1,3,3
2590829526,1,1,1,3,3
2593208275,1,1,1,3,3
2597449301,1,1,1,3,3
2597785056,1,1,1,3,4
2603988517,1,1,1,3,3
2604747522,1,1,1,3,3
2605844245,1,1,1,3,3
2607462358,1,1,1,3,3
2607713777,1,1,1,3,3
2608220207,1,1,1,3,3
2608235425,1,1,1,3,4
2615694902,1,1,1,3,3
2616775351,1,1,1,3,4
2620201468,1,1,1,3,3
2620453928,1,1,1,3,3
2621581337,1,1,1,3,3
2621647501,1,1,1,3,3
2622319181,1,1,1,3,5
2623777621,1,1,1,3,3
2624498059,1,1,1,3,4
2625021354,1,1,1,3,3
2626030939,1,1,1,3,5
2626276973,1,1,1,3,3
2627142799,1,1,1,3,4
2629939203,1,1,1,3,3
2637411510,1,1,1,3,3
2638691430,1,1,1,3,3
2649306672,1,1,1,3,5
2650533993,1,1,1,3,3
2651489801,1,1,1,3,3
2651684339,1,1,1,3,3
2653438530,1,1,1,3,3
2657109031,1,1,1,3,3
2661101390,1,1,1,3,3
2661178959,1,1,1,3,4
2661378157,1,1,1,3,3
2662989538,1,1,1,3,4
2668759897,1,1,1,3,3
2669990440,1,1,1,3,3
2671730146,1,1,1,3,3
2676098721,1,1,1,3,3
2681235806,1,1,1,3,3
2683615288,1,1,1,3,3
2689024656,1,1,1,3,3
2690161683,1,1,1,3,3
2691903631,1,1,1,3,4
2692415380,1,1,1,3,3
2693314432,1,1,1,3,3
2695853930,1,1,1,3,4
2696451534,1,1,1,3,3
2697637622,1,1,1,3,3
2701226232,1,1,1,3,3
2704163363,1,1,1,3,3
2705618799,1,1,1,3,3
2713141511,1,1,1,3,3
2718479386,1,1,1,3,3
2718854859,1,1,1,3,3
2719549572,1,1,1,3,3
2720654121,1,1,1,3,3
2720921630,1,1,1,3,3
2727191293,1,1,1,3,3
2728250599,1,1,1,3,3
2728988942,1,1,1,3,3
2730815103,1,1,1,3,3
2732780676,1,1,1,3,3
2732830741,1,1,1,3,3
2734689910,1,1,1,3,3
2735878159,1,1,1,3,3
2739601944,1,1,1,3,3
2741835855,1,1,1,3,3
2742959081,1,1,1,3,3
2744048264,1,1,1,3,3
2745387667,1,1,1,3,3
2746735779,1,1,1,3,3
2751433125,1,1,1,3,3
2752687885,1,1,1,3,3
2753550138,1,1,1,3,3
2754246172,1,1,1,3,4
2755347468,1,1,1,3,3
2758494648,1,1,1,3,3
2758707424,1,1,1,3,3
2761048584,1,1,1,3,3
2763838004,1,1,1,3,4
2767326159,1,1,1,3,3
2767664103,1,1,1,3,3
2768000694,1,1,1,3,3
2768740197,1,1,1,3,3
2773343225,1,1,1,3,4
2775207739,1,1,1,3,3
2775668188,1,1,1,3,3
2780118855,1,1,1,3,3
2780132468,0,1,1,2,2
2780366422,1,1,1,3,3
2780669808,1,1,1,3,3
2780918205,1,1,1,3,3
2782244888,1,1,1,3,3
2790742955,1,1,1,3,3
2793936300,1,1,1,3,3
2794192602,1,1,1,3,3
2794265026,1,1,1,3,3
2795583238,1,1,1,3,5
2797118205,1,1,1,3,4
2798212469,1,1,1,3,3
2799503775,1,1,1,3,3
2799878304,1,1,1,3,3
2802098414,1,1,1,3,3
2802539097,1,1,1,3,3
2802584821,1,1,1,3,4
2809323451,1,1,1,3,3
2809375046,1,1,1,3,4
2810339385,1,1,1,3,3
2811061209,1,1,1,3,3
2811192798,1,1,1,3,5
2813339656,1,1,1,3,3
2814100617,1,1,1,3,3
2814554321,1,1,1,3,4
2815518245,1,1,1,3,5
2820783595,1,1,1,3,3
2821637646,1,1,1,3,3
2826913245,1,1,1,3,4
2828988202,1,1,1,3,3
2830065820,1,1,1,3,3
2832824115,1,1,1,3,3
2838898600,1,1,1,3,3
2839003053,1,1,1,3,3
2839317356,1,1,1,3,3
2839406005,1,1,1,3,4
2841808656,1,1,1,3,4
2842534107,1,1,1,3,3
2851207875,1,1,1,3,3
2851578449,1,1,1,3,4
2851955958,1,1,1,3,3
2857344475,1,1,1,3,3
2861497615,1,1,1,3,3
2864325627,1,1,1,3,3
2864587679,1,1,1,3,3
2865067754,1,1,1,3,3
2871746964,1,1,1,3,3
2872050745,1,1,1,3,3
2876107897,1,1,1,3,3
2878059176,1,1,1,3,3
2880587926,1,1,1,3,3
2881985242,1,1,1,3,3
2882075732,1,1,1,3,3
2883475064,1,1,1,3,3
2883762558,1,1,1,3,3
2885881158,1,1,1,3,4
2888359875,1,1,1,3,4
2897377266,1,1,1,3,3
2899242162,1,1,1,3,3
2899386213,1,1,1,3,3
2905025904,1,1,1,3,4
2905685162,1,1,1,3,3
2906351586,1,1,1,3,3
2907745008,1,1,1,3,3
2909404712,1,1,1,3,3
2911725373,1,1,1,3,3
2914883477,1,1,1,3,3
2915096892,1,1,1,3,3
2915817319,1,1,1,3,3
2918363467,1,1,1,3,3
2918963439,1,1,1,3,4
2920127450,1,1,1,3,3
2925530521,1,1,1,3,4
2934097965,1,1,1,3,3
2937573964,1,1,1,3,3
2937655882,1,1,1,3,3
2937953357,1,1,1,3,4
2938320663,1,1,1,3,3
2938658366,1,1,1,3,3
2940906971,1,1,1,3,4
2944629826,1,1,1,3,3
2945946028,1,1,1,3,3
2946997448,1,1,1,3,3
2947917201,1,1,1,3,3
2952002073,1,1,1,3,3
2953643785,1,1,1,3,3
2954954143,1,1,1,3,3
2958761272,1,1,1,3,3
2959123241,1,1,1,3,3
2966328820,1,1,1,3,3
2966999234,1,1,1,3,3
2973085371,1,1,1,3,4
2975955864,1,1,1,3,4
2976382715,1,1,1,3,3
2980524900,1,1,1,3,3
2985245387,1,1,1,3,3
2986270023,1,1,1,3,3
2986835162,1,1,1,3,3
2988180557,1,1,1,3,3
2991382385,1,1,1,3,3
2991800473,1,1,1,3,3
2995376126,1,1,1,3,4
2996465085,1,1,1,3,3
2998240880,1,1,1,3,3
2999856330,1,1,1,3,3
3004806533,1,1,1,3,3
3008676218,1,0,1,2,2
3010856283,1,1,1,3,3
3012426601,1,1,1,3,3
3013275392,1,1,1,3,3
3013617022,1,1,1,3,3
3016102133,1,1,1,3,3
3018238997,1,1,1,3,3
3018856000,1,1,1,3,3
3020029153,1,1,1,3,3
3024532039,1,1,1,3,3
3028796282,1,1,1,3,3
3029953735,1,1,1,3,4
3030051271,1,1,1,3,3
3030943727,1,1,1,3,3
3032490582,1,1,1,3,4
3033395470,1,1,1,3,3
3039159884,1,1,1,3,3
3039901962,1,1,1,3,4
3043181990,1,1,1,3,4
3046761065,1,1,1,3,3
3048304282,1,1,1,3,3
3053259969,1,1,1,3,4
3056496877,1,1,1,3,3
3057988981,1,1,1,3,3
3059640577,1,1,1,3,3
3060042925,1,1,1,3,3
3065863143,1,1,1,3,3
3068107113,1,1,1,3,3
3068678959,1,1,1,3,4
3068697362,1,1,1,3,4
3074144108,1,1,1,3,3
3074721194,1,1,1,3,3
3077690362,1,1,1,3,3
3077832980,1,1,1,3,3
3084269121,1,1,1,3,3
3086193490,1,1,1,3,3
3087715413,1,1,1,3,3
3089624800,1,1,1,3,3
3097937416,1,1,1,3,3
3098945529,1,1,1,3,3
3102387934,1,1,1,3,3
3103144308,1,1,1,3,3
3104643149,1,1,1,3,3
3106471623,1,1,1,3,3
3109648055,1,1,1,3,5
3110593254,1,1,1,3,3
3110826149,1,1,1,3,3
3116585926,1,1,1,3,3
3127048494,1,1,1,3,3
3128795155,1,1,1,3,3
3128832901,1,1,1,3,4
3129009441,1,1,1,3,3
3129894645,1,1,1,3,3
3132121971,1,1,1,3,3
3133422961,1,1,1,3,3
3138242355,1,1,1,3,4
3138807119,1,1,1,3,3
3139265320,1,1,1,3,3
3139274536,1,1,1,3,3
3141331592,1,1,1,3,3
3143299204,1,1,1,3,3
3148156510,1,1,1,3,3
3151371929,1,1,1,3,3
3153648102,1,1,1,3,4
3153975178,1,1,1,3,4
3154638975,1,1,1,3,3
3156269631,1,1,1,3,3
3156579406,1,1,1,3,3
3158185203,1,1,1,3,3
3160528641,1,1,1,3,3
3161302203,1,1,1,3,3
3163393770,1,1,1,3,3
3163541465,1,1,1,3,3
3163594538,1,1,1,3,3
3165802126,1,1,1,3,3
3167888497,1,1,1,3,3
3168755174,1,1,1,3,3
3170320453,1,1,1,3,3
3172250881,1,1,1,3,4
3172703788,1,1,1,3,3
3176621688,1,1,1,3,3
3185333113,1,1,1,3,4
3187325767,1,1,1,3,4
3187370039,1,1,1,3,3
3188843711,1,1,1,3,3
3189076268,1,1,1,3,4
3192842688,1,1,1,3,3
3194007225,1,1,1,3,3
3199667842,1,1,1,3,4
3201135301,1,1,1,3,3
3201694970,1,1,1,3,3
3201770113,1,1,1,3,3
3202723468,1,1,1,3,4
3203589580,1,1,1,3,3
3207344412,1,1,1,3,3
3207960359,1,1,1,3,3
3214034020,1,1,1,3,3
3215006480,1,1,1,3,3
3215835959,1,1,1,3,3
3216660114,1,1,1,3,3
3218815255,1,1,1,3,3
3219515404,1,1,1,3,3
3220085946,1,1,1,3,3
3221995449,1,1,1,3,3
3225351618,1,1,1,3,3
3227154093,1,1,1,3,3
3231592574,1,1,1,3,3
3234424112,1,1,1,3,4
3234968622,1,1,1,3,4
3235801827,1,1,1,3,3
3237383375,1,1,1,3,3
3238196342,1,1,1,3,3
3239069834,1,1,1,3,3
3240785276,1,1,1,3,4
3240929780,1,1,1,3,3
3242507143,1,1,1,3,4
3244012867,1,1,1,3,3
3250354823,1,1,1,3,4
3252162306,1,1,1,3,3
3258126294,1,1,1,3,3
3260381770,1,1,1,3,3
3260594755,1,1,1,3,3
3270195628,1,1,1,3,3
3271808223,1,1,1,3,3
3274262895,1,1,1,3,3
3275218656,1,1,1,3,3
3275795862,1,1,1,3,3
3279376183,1,1,1,3,3
3284652867,1,1,1,3,3
3287273802,1,1,1,3,3
3288201815,1,1,1,3,3
3290740316,1,1,1,3,3
3293419987,1,1,1,3,3
3294654272,1,1,1,3,3
3295980651,1,1,1,3,3
3296226815,1,1,1,3,3
3298985291,1,1,1,3,3
3301026080,1,1,1,3,3
3303545110,1,1,1,3,3
3303624762,1,1,1,3,3
3303838960,1,1,1,3,3
3304253168,1,1,1,3,3
3304686512,1,1,1,3,3
3306525595,1,1,1,3,3
3308442440,1,1,1,3,4
3311528906,1,1,1,3,3
3312030931,1,1,1,3,3
3314098705,1,1,1,3,4
3318343342,1,1,1,3,3
3319644132,1,1,1,3,3
3319937888,1,1,1,3,3
3323113372,1,1,1,3,3
3324678907,1,1,1,3,3
3326102488,1,1,1,3,3
3327162027,1,1,1,3,3
3328458132,1,1,1,3,3
3329250043,1,1,1,3,4
3331954682,1,1,1,3,3
3332550698,1,1,1,3,3
3334310879,1,1,1,3,3
3335451812,1,1,1,3,3
3335780498,1,1,1,3,3
3336194522,1,1,1,3,4
3337564969,1,1,1,3,4
3338309499,1,1,1,3,3
3339741647,1,1,1,3,3
3340993109,1,1,1,3,3
3341858614,1,1,1,3,3
3343942613,1,1,1,3,3
3345734507,1,1,1,3,3
3355993164,1,1,1,3,3
3359356656,1,1,1,3,3
3360871005,1,1,1,3,3
3362072295,1,1,1,3,3
3362964060,1,1,1,3,3
3367650254,1,1,1,3,3
3368217301,1,1,1,3,3
3369277408,1,1,1,3,3
3373245789,1,1,1,3,3
3378072628,1,1,1,3,3
3386487173,1,1,1,3,3
3387993595,1,1,1,3,4
3390414227,1,1,1,3,4
3396002092,1,1,1,3,3
3396716676,1,1,1,3,3
3397114375,1,1,1,3,3
3397219212,1,1,1,3,3
3402554157,1,1,1,3,3
3412978571,1,1,1,3,3
3418118075,1,1,1,3,3
3421079924,1,1,1,3,3
3421594215,1,1,1,3,3
3423802304,1,1,1,3,4
3424322302,1,1,1,3,3
3424519397,1,1,1,3,4
3426183113,1,1,1,3,3
3426816011,1,1,1,3,3
3427409235,1,1,1,3,3
3428426893,1,1,1,3,3
3429409220,1,1,1,3,4
3429410502,1,1,1,3,5
3438741348,1,1,1,3,3
3442533162,1,1,1,3,3
3447903093,1,1,1,3,3
3448721674,1,1,1,3,3
3449872775,1,1,1,3,3
3451042269,1,1,1,3,3
3453722652,1,1,1,3,3
3456650246,1,1,1,3,3
3457755755,1,1,1,3,3
3461844320,1,1,1,3,3
3462160059,1,1,1,3,4
3463837032,1,1,1,3,3
3464714863,1,1,1,3,3
3466970792,1,1,1,3,3
3469376405,1,1,1,3,3
3472609688,1,1,1,3,3
3473524025,1,1,1,3,3
3477102602,1,1,1,3,3
3477618714,1,1,1,3,4
3478119785,1,1,1,3,3
3479263503,1,1,1,3,3
3480260143,1,1,1,3,4
3480975258,1,1,1,3,3
3480977444,1,1,1,3,3
3485350011,1,1,1,3,3
3485457199,1,1,1,3,3
3486932462,1,1,1,3,4
3487958667,1,1,1,3,3
3488486405,1,1,1,3,3
3488985263,1,1,1,3,3
3489009024,1,1,1,3,3
3489581041,1,1,1,3,4
3489738948,1,1,1,3,3
3493057494,1,1,1,3,3
3495818564,1,1,1,3,3
3496128487,1,1,1,3,3
3496208349,1,1,1,3,3
3501721118,1,1,1,3,4
3502309214,1,1,1,3,3
3503499724,1,1,1,3,3
3507232306,1,1,1,3,3
3507369254,1,1,1,3,3
3509104796,1,1,1,3,3
3515641631,1,1,1,3,4
3521159632,1,1,1,3,3
3521369408,1,1,1,3,3
3522926594,1,1,1,3,4
3525503074,1,1,1,3,3
3528463452,1,1,1,3,3
3529796126,1,1,1,3,3
3532229145,1,1,1,3,4
3532637184,1,1,1,3,3
3532709160,1,1,1,3,3
3534804406,1,1,1,3,3
3537214277,1,1,1,3,3
3542237003,1,1,1,3,3
3542358517,1,1,1,3,4
3543204922,1,1,1,3,3
3544851736,1,1,1,3,3
3548637673,1,1,1,3,3
3549400362,1,1,1,3,3
3549661026,1,1,1,3,3
3549949167,1,1,1,3,3
3550756125,1,1,1,3,3
3552213443,1,1,1,3,3
3554607315,1,1,1,3,3
3559205221,1,1,1,3,3
3559395900,1,1,1,3,4
3560499468,1,1,1,3,3
3562838732,1,1,1,3,3
3563559233,1,1,1,3,3
3563792362,1,1,1,3,3
3572317244,1,1,1,3,4
3573227658,1,1,1,3,3
3576859689,1,1,1,3,3
3581198714,1,1,1,3,3
3581755700,1,1,1,3,3
3582253639,1,1,1,3,3
3583322939,1,1,1,3,3
3583858507,1,1,1,3,3
3587452388,1,1,1,3,3
3587842489,1,1,1,3,3
3588716120,1,1,1,3,3
3595591792,1,1,1,3,3
3600000620,1,1,1,3,3
3605654232,1,1,1,3,3
3612685875,1,1,1,3,3
3616319996,1,1,1,3,3
3617361428,1,1,1,3,4
3617698707,1,1,1,3,3
3624796266,1,1,1,3,3
3625799781,1,1,1,3,3
3627827753,1,1,1,3,3
3635664607,1,1,1,3,3
3637444890,1,1,1,3,4
3638792725,1,1,1,3,3
3640325492,1,1,1,3,3
3646569986,1,1,1,3,3
3647070644,1,1,1,3,3
3647150026,1,1,1,3,3
3650821463,1,1,1,3,3
3651144029,1,1,1,3,3
3652715152,1,1,1,3,3
3659501484,1,1,1,3,3
3664020911,1,1,1,3,3
3664042467,1,1,1,3,3
3668205319,1,1,1,3,3
3674684193,1,1,1,3,3
3674744025,1,1,1,3,3
3675715940,1,1,1,3,3
3677969999,1,1,1,3,3
3681631381,1,1,1,3,3
3684608097,1,1,1,3,4
3685379620,1,1,1,3,3
3686953707,1,1,1,3,3
3687214038,1,1,1,3,3
3687517821,1,1,1,3,3
3688443239,1,1,1,3,3
3691609865,1,1,1,3,3
3693117342,1,1,1,3,3
3694053417,1,1,1,3,3
3694933394,1,1,1,3,3
3697763310,1,1,1,3,4
3701224868,1,1,1,3,3
3702485976,1,1,1,3,3
3703663905,1,1,1,3,4
3707028884,1,1,1,3,3
3707540731,1,1,1,3,3
3708534844,1,1,1,3,3
3711891194,1,1,1,3,3
3713534743,1,1,1,3,3
3718047621,1,1,1,3,3
3719530586,1,1,1,3,3
3721755136,1,1,1,3,3
3724289388,1,1,1,3,3
3726613976,1,1,1,3,4
3728647487,1,1,1,3,3
3731783147,1,1,1,3,4
3731865435,1,1,1,3,3
3732083978,1,1,1,3,3
3732627030,1,1,1,3,4
3733934909,1,1,1,3,3
3736664503,1,1,1,3,3
3740224888,1,1,1,3,3
3740680860,1,1,1,3,3
3742728457,1,1,1,3,4
3744393607,1,1,1,3,3
3745670967,1,1,1,3,3
3748910433,1,1,1,3,4
3749556667,1,1,1,3,3
3753583176,1,1,1,3,4
3755793029,1,1,1,3,3
3759970625,1,1,1,3,4
3760831283,1,1,1,3,3
3762703235,1,1,1,3,3
3764335465,1,1,1,3,3
3768387090,1,1,1,3,3
3771340895,1,1,1,3,3
3772850329,1,1,1,3,3
3777149998,1,1,1,3,4
3777295871,1,1,1,3,3
3781188430,1,1,1,3,3
3798996852,1,1,1,3,4
3801228235,1,1,1,3,3
3804922515,1,1,1,3,3
3806398445,1,1,1,3,3
3808402167,1,1,1,3,4
3817394595,1,1,1,3,4
3819260179,1,1,1,3,3
3819294762,1,1,1,3,4
3819333775,1,1,1,3,3
3824003946,1,1,1,3,4
3824720894,1,1,1,3,3
3828017267,1,1,1,3,3
3829861425,1,1,1,3,3
3832728523,1,1,1,3,3
3832874334,1,1,1,3,4
3835824946,1,1,1,3,4
3836739612,1,1,1,3,3
3836986623,1,1,1,3,4
3837345060,1,1,1,3,4
3839670742,1,1,1,3,3
3844140983,1,1,1,3,3
3847067228,1,1,1,3,3
3847808992,1,1,1,3,3
3848110185,1,1,1,3,3
3850173026,1,1,1,3,3
3850799893,1,1,1,3,3
3852140407,1,1,1,3,3
3853089836,1,1,1,3,3
3856886497,1,1,1,3,3
3857195576,1,1,1,3,4
3859825215,1,1,1,3,3
3860632686,1,1,1,3,3
3864502208,1,1,1,3,3
3865855500,1,1,1,3,3
3867046855,1,1,1,3,3
3868064745,1,1,1,3,3
3870876550,1,1,1,3,3
3870889542,1,1,1,3,3
3871485386,1,1,1,3,3
3872005714,1,1,1,3,3
3873246148,1,1,1,3,3
3874931042,1,1,1,3,3
3876649184,1,1,1,3,3
3877379146,1,1,1,3,3
3878157863,1,1,1,3,3
3880626718,1,1,1,3,3
3881903999,1,1,1,3,4
3882109306,1,1,1,3,3
3882759508,1,1,1,3,3
3883329784,1,1,1,3,3
3884015124,1,1,1,3,3
3885334932,1,1,1,3,3
3887124538,1,1,1,3,4
3889130987,1,1,1,3,3
3889278475,1,1,1,3,4
3890197820,1,1,1,3,4
3892114403,1,1,1,3,3
3895795003,1,1,1,3,3
3899311713,1,1,1,3,3
3899533504,1,1,1,3,3
3902887884,1,1,1,3,3
3906279426,1,1,1,3,4
3912497560,1,1,1,3,4
3915658415,1,1,1,3,3
3916646233,1,1,1,3,3
3919334786,1,1,1,3,4
3919969802,1,1,1,3,3
3922074884,1,1,1,3,3
3924490793,1,1,1,3,3
3930841971,1,1,1,3,3
3931051195,1,1,1,3,3
3934148010,1,1,1,3,3
3936691827,1,1,1,3,3
3941522676,1,1,1,3,3
3942485002,1,1,1,3,3
3944268737,1,1,1,3,3
3945605592,1,1,1,3,3
3946466534,1,1,1,3,3
3949372966,1,1,1,3,3
3949892272,1,1,1,3,3
3951232352,1,1,1,3,3
3951588890,1,1,1,3,4
3952663938,1,1,1,3,4
3955843496,1,1,1,3,3
3956571539,1,1,1,3,3
3959198150,1,1,1,3,3
3966348292,1,1,1,3,4
3966998094,1,1,1,3,4
3967651358,1,1,1,3,3
3967802493,1,1,1,3,3
3968285352,1,1,1,3,3
3968944006,1,1,1,3,3
3971523744,1,1,1,3,3
3973705542,1,1,1,3,3
3976403280,1,1,1,3,3
3985044980,1,1,1,3,3
3985606537,1,1,1,3,3
3985825195,1,1,1,3,3
3996069892,1,1,1,3,3
3996909993,1,1,1,3,3
4000809387,1,1,1,3,4
4002507530,1,1,1,3,3
4013386850,1,1,1,3,3
4016229406,1,1,1,3,3
4016995268,1,1,1,3,3
4017932238,1,1,1,3,4
4018516468,1,1,1,3,4
4018667697,1,1,1,3,3
4020499186,1,1,1,3,3
4023793016,1,1,1,3,3
4024872715,1,1,1,3,4
4029974537,1,1,1,3,3
4030506789,1,1,1,3,3
4031357862,1,1,1,3,3
4035562923,1,1,1,3,4
4036371781,1,1,1,3,3
4042528699,1,1,1,3,3
4043496694,1,1,1,3,3
4050147189,1,1,1,3,3
4053497816,1,1,1,3,3
4054900380,1,1,1,3,3
4055006120,1,1,1,3,3
4057365107,1,1,1,3,3
4058604433,1,1,1,3,4
4060447686,1,1,1,3,3
4061375549,1,1,1,3,3
4066314191,1,1,1,3,3
4066376844,1,1,1,3,3
4068675418,1,1,1,3,3
4071042236,1,1,1,3,3
4071373329,1,1,1,3,3
4072191052,1,1,1,3,4
4072455711,1,1,1,3,3
4074422985,1,1,1,3,3
4075603869,1,1,1,3,3
4077504252,1,1,1,3,3
4078163716,1,1,1,3,3
4084395132,1,1,1,3,3
4091646786,1,1,1,3,3
4094479531,1,1,1,3,3
4095029738,1,1,1,3,3
4096820034,1,1,1,3,6
4098077002,1,1,1,3,3
4099391626,1,1,1,3,3
4101309917,1,1,1,3,4
4105233324,1,1,1,3,3
4106450023,1,1,1,3,3
4111325041,1,1,1,3,3
4112621380,1,1,1,3,3
4114864639,1,1,1,3,3
4115208111,1,1,1,3,3
4117229032,1,1,1,3,3
4122175071,1,1,1,3,3
4122788296,1,1,1,3,4
4123072754,1,1,1,3,3
4123124185,1,1,1,3,3
4123507850,1,1,1,3,3
4126793119,1,1,1,3,3
4127969449,1,1,1,3,3
4128901579,1,1,1,3,3
4135034507,1,1,1,3,3
4136088296,1,1,1,3,3
4137194670,1,1,1,3,3
4139537637,1,1,1,3,3
4140710202,1,1,1,3,4
4140998343,1,1,1,3,3
4142503910,1,1,1,3,3
4143107648,1,1,1,3,3
4143320573,1,1,1,3,3
4145670277,1,1,1,3,4
4146959702,1,1,1,3,3
4148569144,1,1,1,3,3
4155263827,1,1,1,3,3
4161474298,1,1,1,3,3
4161720216,1,1,1,3,3
4163587601,1,1,1,3,3
4164326469,1,1,1,3,3
4165566893,1,1,1,3,4
4167935162,1,1,1,3,4
4167991881,1,1,1,3,3
4169954134,1,1,1,3,3
4171095315,1,1,1,3,3
4172077685,1,1,1,3,3
4173917544,1,1,1,3,4
4175603528,1,1,1,3,3
4177316684,1,1,1,3,3
4177419629,1,1,1,3,3
4179331034,1,1,1,3,3
4183027129,1,1,1,3,3
4189246764,1,1,1,3,3
4191656587,1,1,1,3,3
4193490688,1,1,1,3,3
4196145006,1,1,1,3,3
4200324709,1,1,1,3,3
4201106871,1,1,1,3,4
4205023610,1,1,1,3,3
4205258367,1,1,1,3,4
4215063678,1,1,1,3,3
4219508579,1,1,1,3,4
4220209378,1,1,1,3,3
4222937692,1,1,1,3,3
4223550303,1,1,1,3,3
4224430596,1,1,1,3,3
4224446605,1,1,1,3,3
4224533120,1,1,1,3,3
4227229807,1,1,1,3,4
4227587668,1,1,1,3,3
4231198665,1,1,1,3,4
4231733118,1,1,1,3,3
4232806580,1,1,1,3,3
4233157654,1,1,1,3,3
4238265702,1,1,1,3,3
4244186396,1,1,1,3,3
4244280214,1,1,1,3,3
4246183162,1,1,1,3,3
4249951560,1,1,1,3,3
4251811878,1,1,1,3,3
4255570773,1,1,1,3,3
4259049254,1,1,1,3,3
4262145542,1,1,1,3,3
4264413460,1,1,1,3,3
4266523380,1,1,1,3,3
4269243363,1,1,1,3,3
4271960965,1,1,1,3,4
4276898774,1,1,1,3,3
4278146423,1,1,1,3,3
4279833491,1,1,1,3,3
4279881930,1,1,1,3,4
4279958262,1,1,1,3,4
4282019580,1,1,1,3,3
4283570761,1,1,1,3,3
4284048608,1,1,1,3,3
4287160193,1,1,1,3,3
4290709089,1,1,1,3,3
