study_id,normal_mild,moderate,severe,missing,valid_labels
2492114990,15,0,0,10,15
2780132468,7,7,1,10,15
1671291853,18,1,0,6,19
462494704,13,5,2,5,20
482624307,17,3,0,5,20
779042451,16,4,0,5,20
1524089207,15,3,2,5,20
2507107985,14,6,0,5,20
2607462358,8,5,7,5,20
3008676218,8,6,6,5,20
3781188430,10,4,6,5,20
46494080,15,6,0,4,21
64092030,16,5,0,4,21
159721286,14,6,1,4,21
293713262,13,6,2,4,21
368848859,15,6,0,4,21
376723024,19,0,2,4,21
390498354,5,9,7,4,21
395898502,12,6,3,4,21
434488359,18,3,0,4,21
443364658,13,6,2,4,21
532925408,14,6,1,4,21
647348777,17,4,0,4,21
858422574,13,5,3,4,21
893250212,14,6,1,4,21
919752232,18,3,0,4,21
933559951,15,6,0,4,21
934686772,17,3,1,4,21
1040921274,12,7,2,4,21
1047914296,14,7,0,4,21
1095894979,18,3,0,4,21
1125872530,13,7,1,4,21
1133158151,19,2,0,4,21
1169119083,18,2,1,4,21
1187463765,13,6,2,4,21
1278694021,13,5,3,4,21
1292979992,19,2,0,4,21
1375057718,16,4,1,4,21
1423031356,16,4,1,4,21
1431195383,20,1,0,4,21
1510451897,12,9,0,4,21
1557387235,13,8,0,4,21
1567179188,18,3,0,4,21
1613634521,19,1,1,4,21
1650340034,15,3,3,4,21
1722539301,18,2,1,4,21
1764741993,11,7,3,4,21
1833077159,9,7,5,4,21
1956588335,17,3,1,4,21
1983333974,19,2,0,4,21
2028805796,18,2,1,4,21
2040217841,14,3,4,4,21
2048265504,17,4,0,4,21
2139301976,12,8,1,4,21
2213304029,14,7,0,4,21
2232794498,17,3,1,4,21
2239199413,10,8,3,4,21
2256339732,16,5,0,4,21
2279142182,11,7,3,4,21
2297295777,16,5,0,4,21
2336516775,10,6,5,4,21
2427880799,11,6,4,4,21
2477309406,12,7,2,4,21
2490271413,20,1,0,4,21
2548543893,17,3,1,4,21
2550694704,14,4,3,4,21
2566719718,12,6,3,4,21
2597449301,15,4,2,4,21
2615694902,16,2,3,4,21
2681235806,15,6,0,4,21
2742959081,14,6,1,4,21
2883475064,18,3,0,4,21
2907745008,19,1,1,4,21
3046761065,18,2,1,4,21
3084269121,15,4,2,4,21
3167888497,15,6,0,4,21
3168755174,11,3,7,4,21
3221995449,15,5,1,4,21
3304253168,20,1,0,4,21
3537214277,10,7,4,4,21
3674744025,13,7,1,4,21
3685379620,10,5,6,4,21
3711891194,13,6,2,4,21
3824720894,19,2,0,4,21
3836739612,12,6,3,4,21
3850173026,17,2,2,4,21
3951588890,18,3,0,4,21
3952663938,11,5,5,4,21
3959198150,19,1,1,4,21
3985606537,16,4,1,4,21
4050147189,16,3,2,4,21
4072455711,16,5,0,4,21
4232806580,15,5,1,4,21
3515641631,10,9,3,3,22
74782131,23,0,0,2,23
97086905,19,4,0,2,23
296083289,11,7,5,2,23
296284854,16,6,1,2,23
305152236,14,4,5,2,23
344297746,5,13,5,2,23
377653138,15,7,1,2,23
379677390,23,0,0,2,23
597329259,7,11,5,2,23
624881903,21,1,1,2,23
684790345,18,3,2,2,23
693432872,18,5,0,2,23
808539750,13,8,2,2,23
823937142,22,1,0,2,23
953218250,17,6,0,2,23
979209761,22,0,1,2,23
998688940,14,7,2,2,23
1105006429,16,6,1,2,23
1395773918,18,5,0,2,23
1414872844,22,1,0,2,23
1422523769,9,8,6,2,23
1436167447,8,13,2,2,23
1451886888,22,0,1,2,23
1452830936,19,4,0,2,23
1456430985,21,2,0,2,23
1472262122,13,5,5,2,23
1504981676,11,8,4,2,23
1575827384,21,2,0,2,23
1671676307,13,7,3,2,23
1678045823,15,5,3,2,23
1681401548,22,1,0,2,23
1698156042,17,5,1,2,23
1745732011,20,3,0,2,23
1900598881,15,7,1,2,23
1934246813,12,9,2,2,23
1992037544,23,0,0,2,23
1995123254,23,0,0,2,23
2097850244,20,2,1,2,23
2109263401,19,4,0,2,23
2137189898,10,7,6,2,23
2336355021,14,5,4,2,23
2392247193,21,2,0,2,23
2397650165,6,7,10,2,23
2406108213,9,5,9,2,23
2438880310,9,7,7,2,23
2513871828,15,7,1,2,23
2563313484,19,4,0,2,23
2621647501,14,7,2,2,23
2669990440,18,2,3,2,23
2713141511,8,9,6,2,23
2767664103,9,8,6,2,23
2830065820,15,7,1,2,23
2839003053,10,8,5,2,23
2864325627,20,3,0,2,23
2905025904,21,1,1,2,23
2944629826,16,7,0,2,23
2958761272,10,8,5,2,23
2966999234,17,4,2,2,23
3024532039,20,3,0,2,23
3138807119,14,7,2,2,23
3151371929,17,6,0,2,23
3187370039,17,4,2,2,23
3189076268,21,1,1,2,23
3225351618,20,3,0,2,23
3284652867,22,1,0,2,23
3412978571,19,1,3,2,23
3428426893,21,2,0,2,23
3496128487,6,8,9,2,23
3507232306,22,1,0,2,23
3525503074,20,3,0,2,23
3771340895,20,1,2,2,23
3906279426,18,4,1,2,23
3936691827,9,9,5,2,23
3966998094,21,2,0,2,23
3973705542,21,2,0,2,23
4024872715,14,6,3,2,23
4114864639,17,6,0,2,23
4123072754,23,0,0,2,23
4127969449,21,2,0,2,23
4137194670,10,9,4,2,23
4140710202,21,2,0,2,23
4146959702,23,0,0,2,23
4175603528,23,0,0,2,23
4255570773,23,0,0,2,23
228290246,12,7,5,1,24
1012375618,22,2,0,1,24
1143209760,18,4,2,1,24
1253598263,22,1,1,1,24
3335451812,13,11,0,1,24
3650821463,19,5,0,1,24
3687517821,20,4,0,1,24
