study_id,fold,study_stratum,mandatory_rare_severe,stratification_key
52695609,0,Severe,True,Severe_rare_mandatory
107698245,0,Normal/Mild,False,Normal/Mild
135073898,0,Severe,False,Severe
142991438,0,Severe,False,Severe
155064828,0,Severe,False,Severe
176605889,0,Severe,False,Severe
185510290,0,Severe,True,Severe_rare_mandatory
189160688,0,Severe,False,Severe
228290246,0,Severe,False,Severe
245660566,0,Severe,False,Severe
247968996,0,Moderate,False,Moderate
258027917,0,Moderate,False,Moderate
324739602,0,Moderate,False,Moderate
336305686,0,Moderate,False,Moderate
347228139,0,Moderate,False,Moderate
375720624,0,Moderate,False,Moderate
377474930,0,Severe,False,Severe
435973854,0,Moderate,False,Moderate
442325762,0,Severe,False,Severe
481397395,0,Moderate,False,Moderate
489097547,0,Severe,False,Severe
490052995,0,Moderate,False,Moderate
511308298,0,Moderate,False,Moderate
527598501,0,Normal/Mild,False,Normal/Mild
719139061,0,Severe,True,Severe_rare_mandatory
793200975,0,Moderate,False,Moderate
864298998,0,Moderate,False,Moderate
901299313,0,Severe,False,Severe
951328272,0,Moderate,False,Moderate
974862951,0,Severe,False,Severe
976356113,0,Severe,True,Severe_rare_mandatory
1106510276,0,Severe,False,Severe
1116588610,0,Moderate,False,Moderate
1187463765,0,Severe,False,Severe
1266610368,0,Normal/Mild,False,Normal/Mild
1274237866,0,Severe,False,Severe
1384039220,0,Moderate,False,Moderate
1388399428,0,Normal/Mild,False,Normal/Mild
1419448504,0,Moderate,False,Moderate
1504634575,0,Moderate,False,Moderate
1505795551,0,Severe,False,Severe
1506063459,0,Normal/Mild,False,Normal/Mild
1576224571,0,Moderate,False,Moderate
1647658981,0,Moderate,False,Moderate
1658344327,0,Severe,False,Severe
1664215995,0,Severe,False,Severe
1666601651,0,Severe,True,Severe_rare_mandatory
1753007204,0,Moderate,False,Moderate
1782095928,0,Moderate,False,Moderate
1796029449,0,Normal/Mild,False,Normal/Mild
1820866003,0,Severe,False,Severe
1871675162,0,Severe,False,Severe
2006700205,0,Severe,False,Severe
2046176090,0,Severe,False,Severe
2053213309,0,Severe,False,Severe
2059107661,0,Severe,True,Severe_rare_mandatory
2133270441,0,Normal/Mild,False,Normal/Mild
2149501488,0,Moderate,False,Moderate
2186343259,0,Severe,False,Severe
2241283141,0,Severe,False,Severe
2336262864,0,Severe,False,Severe
2336355021,0,Severe,False,Severe
2410494888,0,Severe,False,Severe
2410802623,0,Severe,False,Severe
2427880799,0,Severe,False,Severe
2440904686,0,Moderate,False,Moderate
2490850085,0,Severe,False,Severe
2493610993,0,Severe,True,Severe_rare_mandatory
2586537623,0,Moderate,False,Moderate
2590829526,0,Severe,False,Severe
2629939203,0,Severe,False,Severe
2720654121,0,Severe,False,Severe
2745387667,0,Moderate,False,Moderate
2763838004,0,Severe,True,Severe_rare_mandatory
2780366422,0,Moderate,False,Moderate
2782244888,0,Severe,False,Severe
2857344475,0,Moderate,False,Moderate
2876107897,0,Severe,False,Severe
2966328820,0,Severe,False,Severe
3004806533,0,Moderate,False,Moderate
3013617022,0,Normal/Mild,False,Normal/Mild
3024532039,0,Moderate,False,Moderate
3165802126,0,Severe,False,Severe
3271808223,0,Moderate,False,Moderate
3323113372,0,Severe,False,Severe
3339741647,0,Normal/Mild,False,Normal/Mild
3488985263,0,Normal/Mild,False,Normal/Mild
3503499724,0,Moderate,False,Moderate
3542237003,0,Severe,False,Severe
3563792362,0,Severe,True,Severe_rare_mandatory
3731783147,0,Moderate,False,Moderate
3742728457,0,Severe,False,Severe
3804922515,0,Severe,False,Severe
3835824946,0,Normal/Mild,False,Normal/Mild
3867046855,0,Severe,True,Severe_rare_mandatory
3902887884,0,Moderate,False,Moderate
4018516468,0,Severe,False,Severe
4095029738,0,Severe,False,Severe
4220209378,0,Moderate,False,Moderate
4264413460,0,Normal/Mild,False,Normal/Mild
22191399,1,Severe,False,Severe
144244752,1,Severe,False,Severe
206642334,1,Severe,False,Severe
265570475,1,Moderate,False,Moderate
267989673,1,Normal/Mild,False,Normal/Mild
305101752,1,Severe,False,Severe
305320071,1,Severe,False,Severe
325485990,1,Severe,True,Severe_rare_mandatory
326589617,1,Moderate,False,Moderate
349723373,1,Severe,False,Severe
376048062,1,Moderate,False,Moderate
425970461,1,Normal/Mild,False,Normal/Mild
492697281,1,Severe,False,Severe
596819592,1,Moderate,False,Moderate
647971523,1,Severe,False,Severe
664153360,1,Severe,False,Severe
665627263,1,Normal/Mild,False,Normal/Mild
779162887,1,Moderate,False,Moderate
783154228,1,Severe,True,Severe_rare_mandatory
838542810,1,Moderate,False,Moderate
861719444,1,Normal/Mild,False,Normal/Mild
933831851,1,Severe,False,Severe
950702776,1,Moderate,False,Moderate
1009905322,1,Severe,False,Severe
1142910752,1,Severe,False,Severe
1215498865,1,Moderate,False,Moderate
1302048123,1,Severe,True,Severe_rare_mandatory
1336412861,1,Severe,False,Severe
1353517692,1,Severe,True,Severe_rare_mandatory
1416584342,1,Severe,False,Severe
1429265968,1,Moderate,False,Moderate
1525303131,1,Severe,False,Severe
1558814835,1,Severe,False,Severe
1637355643,1,Severe,False,Severe
1644309505,1,Normal/Mild,False,Normal/Mild
1644861124,1,Moderate,False,Moderate
1646440651,1,Normal/Mild,False,Normal/Mild
1650340034,1,Severe,False,Severe
1777645381,1,Moderate,False,Moderate
1904225580,1,Severe,False,Severe
1936447237,1,Severe,False,Severe
2015704745,1,Moderate,False,Moderate
2022619830,1,Moderate,False,Moderate
2072240933,1,Moderate,False,Moderate
2080571489,1,Moderate,False,Moderate
2097856420,1,Severe,False,Severe
2271029858,1,Severe,False,Severe
2316015842,1,Severe,False,Severe
2329896702,1,Moderate,False,Moderate
2361533111,1,Severe,False,Severe
2441592433,1,Severe,False,Severe
2480600394,1,Severe,False,Severe
2496620625,1,Normal/Mild,False,Normal/Mild
2509066997,1,Moderate,False,Moderate
2518934182,1,Moderate,False,Moderate
2584853409,1,Severe,True,Severe_rare_mandatory
2597449301,1,Severe,False,Severe
2626276973,1,Moderate,False,Moderate
2627142799,1,Severe,False,Severe
2649306672,1,Moderate,False,Moderate
2752687885,1,Severe,False,Severe
2753550138,1,Moderate,False,Moderate
2767326159,1,Severe,False,Severe
2821637646,1,Severe,False,Severe
2937573964,1,Severe,False,Severe
2940906971,1,Moderate,False,Moderate
2975955864,1,Severe,True,Severe_rare_mandatory
3013275392,1,Normal/Mild,False,Normal/Mild
3029953735,1,Severe,True,Severe_rare_mandatory
3060042925,1,Severe,False,Severe
3097937416,1,Moderate,False,Moderate
3139265320,1,Moderate,False,Moderate
3143299204,1,Moderate,False,Moderate
3153975178,1,Moderate,False,Moderate
3161302203,1,Normal/Mild,False,Normal/Mild
3172250881,1,Moderate,False,Moderate
3203589580,1,Severe,False,Severe
3252162306,1,Severe,True,Severe_rare_mandatory
3290740316,1,Severe,False,Severe
3387993595,1,Severe,False,Severe
3424322302,1,Normal/Mild,False,Normal/Mild
3456650246,1,Normal/Mild,False,Normal/Mild
3521369408,1,Moderate,False,Moderate
3559205221,1,Severe,True,Severe_rare_mandatory
3573227658,1,Severe,False,Severe
3650821463,1,Moderate,False,Moderate
3701224868,1,Moderate,False,Moderate
3719530586,1,Moderate,False,Moderate
3885334932,1,Severe,False,Severe
3892114403,1,Severe,False,Severe
3949892272,1,Moderate,False,Moderate
4002507530,1,Moderate,False,Moderate
4043496694,1,Severe,False,Severe
4057365107,1,Moderate,False,Moderate
4101309917,1,Moderate,False,Moderate
4105233324,1,Severe,False,Severe
4167991881,1,Severe,True,Severe_rare_mandatory
4171095315,1,Severe,False,Severe
4219508579,1,Severe,False,Severe
4276898774,1,Severe,False,Severe
69086098,2,Moderate,False,Moderate
215788128,2,Moderate,False,Moderate
218109857,2,Normal/Mild,False,Normal/Mild
224965813,2,Moderate,False,Moderate
296083289,2,Severe,False,Severe
329807127,2,Severe,False,Severe
341058399,2,Severe,False,Severe
344297746,2,Severe,False,Severe
389494496,2,Moderate,False,Moderate
434249980,2,Moderate,False,Moderate
434488359,2,Moderate,False,Moderate
480338765,2,Severe,False,Severe
568440982,2,Severe,False,Severe
652321402,2,Severe,False,Severe
789748240,2,Severe,False,Severe
798120215,2,Moderate,False,Moderate
960417562,2,Severe,False,Severe
987393114,2,Severe,False,Severe
998688940,2,Severe,False,Severe
1012375618,2,Moderate,False,Moderate
1082665764,2,Severe,False,Severe
1087298370,2,Severe,False,Severe
1125872530,2,Severe,False,Severe
1130460319,2,Severe,True,Severe_rare_mandatory
1153238977,2,Severe,False,Severe
1164861071,2,Moderate,False,Moderate
1246626043,2,Severe,True,Severe_rare_mandatory
1249823324,2,Moderate,False,Moderate
1255232732,2,Normal/Mild,False,Normal/Mild
1324569502,2,Normal/Mild,False,Normal/Mild
1375978793,2,Severe,False,Severe
1387631768,2,Severe,False,Severe
1422523769,2,Severe,False,Severe
1461368679,2,Severe,False,Severe
1476025556,2,Normal/Mild,False,Normal/Mild
1504031267,2,Moderate,False,Moderate
1529391466,2,Severe,False,Severe
1531615123,2,Moderate,False,Moderate
1548005561,2,Severe,False,Severe
1670552101,2,Severe,True,Severe_rare_mandatory
1690291272,2,Moderate,False,Moderate
1703545013,2,Severe,True,Severe_rare_mandatory
1748705434,2,Severe,True,Severe_rare_mandatory
1956588335,2,Severe,False,Severe
1976417363,2,Severe,False,Severe
2026891078,2,Severe,False,Severe
2135829458,2,Severe,False,Severe
2135844815,2,Moderate,False,Moderate
2172940318,2,Normal/Mild,False,Normal/Mild
2178791963,2,Moderate,False,Moderate
2203943775,2,Moderate,False,Moderate
2232112217,2,Moderate,False,Moderate
2239199413,2,Severe,False,Severe
2243946963,2,Moderate,False,Moderate
2255930443,2,Severe,True,Severe_rare_mandatory
2265301200,2,Moderate,False,Moderate
2266719355,2,Severe,True,Severe_rare_mandatory
2294509371,2,Normal/Mild,False,Normal/Mild
2351425784,2,Severe,False,Severe
2434132259,2,Moderate,False,Moderate
2436764599,2,Moderate,False,Moderate
2455924281,2,Severe,False,Severe
2510853598,2,Severe,False,Severe
2607462358,2,Severe,False,Severe
2616775351,2,Normal/Mild,False,Normal/Mild
2713141511,2,Severe,False,Severe
2718479386,2,Moderate,False,Moderate
2718854859,2,Severe,False,Severe
2719549572,2,Severe,False,Severe
2728250599,2,Moderate,False,Moderate
2780118855,2,Moderate,False,Moderate
2883475064,2,Moderate,False,Moderate
2911725373,2,Moderate,False,Moderate
3059640577,2,Normal/Mild,False,Normal/Mild
3065863143,2,Severe,True,Severe_rare_mandatory
3270195628,2,Severe,False,Severe
3329250043,2,Severe,False,Severe
3337564969,2,Severe,True,Severe_rare_mandatory
3343942613,2,Normal/Mild,False,Normal/Mild
3359356656,2,Normal/Mild,False,Normal/Mild
3368217301,2,Moderate,False,Moderate
3373245789,2,Severe,False,Severe
3438741348,2,Severe,False,Severe
3447903093,2,Normal/Mild,False,Normal/Mild
3485457199,2,Severe,False,Severe
3488486405,2,Moderate,False,Moderate
3496208349,2,Severe,False,Severe
3515641631,2,Severe,False,Severe
3528463452,2,Moderate,False,Moderate
3550756125,2,Moderate,False,Moderate
3638792725,2,Moderate,False,Moderate
3647070644,2,Moderate,False,Moderate
3694053417,2,Severe,False,Severe
3733934909,2,Normal/Mild,False,Normal/Mild
3864502208,2,Moderate,False,Moderate
4050147189,2,Severe,False,Severe
4074422985,2,Severe,False,Severe
4142503910,2,Moderate,False,Moderate
4231733118,2,Moderate,False,Moderate
4279881930,2,Severe,True,Severe_rare_mandatory
40745534,3,Severe,False,Severe
71973234,3,Severe,False,Severe
114899184,3,Severe,False,Severe
177339056,3,Moderate,False,Moderate
189207389,3,Normal/Mild,False,Normal/Mild
211314658,3,Moderate,False,Moderate
213335325,3,Moderate,False,Moderate
316662180,3,Severe,False,Severe
375877945,3,Severe,False,Severe
387445557,3,Moderate,False,Moderate
448315026,3,Moderate,False,Moderate
582364168,3,Normal/Mild,False,Normal/Mild
607371793,3,Severe,True,Severe_rare_mandatory
642715533,3,Moderate,False,Moderate
693432872,3,Moderate,False,Moderate
704573554,3,Severe,True,Severe_rare_mandatory
769420103,3,Severe,False,Severe
795441010,3,Moderate,False,Moderate
886995462,3,Severe,True,Severe_rare_mandatory
902012573,3,Moderate,False,Moderate
933559951,3,Moderate,False,Moderate
979209761,3,Severe,False,Severe
1050200728,3,Moderate,False,Moderate
1132297038,3,Moderate,False,Moderate
1144816961,3,Moderate,False,Moderate
1190473557,3,Severe,False,Severe
1212932624,3,Severe,False,Severe
1246802434,3,Normal/Mild,False,Normal/Mild
1266853322,3,Moderate,False,Moderate
1277947572,3,Moderate,False,Moderate
1292979992,3,Moderate,False,Moderate
1314603564,3,Severe,True,Severe_rare_mandatory
1354411109,3,Severe,False,Severe
1367470327,3,Moderate,False,Moderate
1435972903,3,Severe,False,Severe
1466255867,3,Severe,False,Severe
1504981676,3,Severe,False,Severe
1616262169,3,Severe,False,Severe
1746166687,3,Severe,False,Severe
1785782006,3,Moderate,False,Moderate
1892507886,3,Severe,True,Severe_rare_mandatory
1902377008,3,Severe,True,Severe_rare_mandatory
1908262013,3,Moderate,False,Moderate
1977702758,3,Severe,False,Severe
2066619590,3,Moderate,False,Moderate
2221449368,3,Severe,False,Severe
2247118504,3,Moderate,False,Moderate
2262987632,3,Moderate,False,Moderate
2318756258,3,Severe,False,Severe
2383459912,3,Severe,False,Severe
2469878020,3,Severe,False,Severe
2501638175,3,Severe,True,Severe_rare_mandatory
2508151528,3,Severe,False,Severe
2581421047,3,Moderate,False,Moderate
2621581337,3,Severe,True,Severe_rare_mandatory
2683615288,3,Severe,False,Severe
2696451534,3,Moderate,False,Moderate
2704163363,3,Normal/Mild,False,Normal/Mild
2761048584,3,Moderate,False,Moderate
2809323451,3,Normal/Mild,False,Normal/Mild
2881985242,3,Moderate,False,Moderate
2897377266,3,Severe,False,Severe
2991800473,3,Normal/Mild,False,Normal/Mild
3033395470,3,Severe,False,Severe
3043181990,3,Severe,False,Severe
3116585926,3,Severe,False,Severe
3215835959,3,Severe,False,Severe
3234424112,3,Severe,False,Severe
3275218656,3,Moderate,False,Moderate
3293419987,3,Severe,False,Severe
3296226815,3,Severe,False,Severe
3319937888,3,Normal/Mild,False,Normal/Mild
3340993109,3,Normal/Mild,False,Normal/Mild
3418118075,3,Severe,True,Severe_rare_mandatory
3442533162,3,Moderate,False,Moderate
3449872775,3,Moderate,False,Moderate
3478119785,3,Severe,False,Severe
3479263503,3,Severe,False,Severe
3489581041,3,Moderate,False,Moderate
3552213443,3,Moderate,False,Moderate
3681631381,3,Severe,False,Severe
3759970625,3,Moderate,False,Moderate
3798996852,3,Severe,False,Severe
3801228235,3,Severe,False,Severe
3806398445,3,Normal/Mild,False,Normal/Mild
3850799893,3,Severe,False,Severe
3880626718,3,Normal/Mild,False,Normal/Mild
3882759508,3,Severe,True,Severe_rare_mandatory
3919969802,3,Severe,False,Severe
3976403280,3,Severe,False,Severe
4000809387,3,Severe,False,Severe
4013386850,3,Moderate,False,Moderate
4169954134,3,Moderate,False,Moderate
4179331034,3,Severe,False,Severe
4200324709,3,Severe,False,Severe
4231198665,3,Severe,False,Severe
4233157654,3,Normal/Mild,False,Normal/Mild
4249951560,3,Moderate,False,Moderate
4283570761,3,Normal/Mild,False,Normal/Mild
4284048608,3,Severe,False,Severe
10728036,4,Moderate,False,Moderate
46494080,4,Moderate,False,Moderate
58813022,4,Severe,True,Severe_rare_mandatory
92407737,4,Normal/Mild,False,Normal/Mild
109454808,4,Normal/Mild,False,Normal/Mild
111701877,4,Severe,False,Severe
282036903,4,Normal/Mild,False,Normal/Mild
286903519,4,Severe,False,Severe
287921610,4,Moderate,False,Moderate
305152236,4,Severe,False,Severe
372642770,4,Severe,False,Severe
390498354,4,Severe,False,Severe
408455883,4,Moderate,False,Moderate
416503281,4,Normal/Mild,False,Normal/Mild
424882323,4,Moderate,False,Moderate
435244060,4,Moderate,False,Moderate
443364658,4,Severe,False,Severe
511857239,4,Severe,True,Severe_rare_mandatory
545140827,4,Severe,False,Severe
566498560,4,Moderate,False,Moderate
660253947,4,Severe,False,Severe
694787671,4,Moderate,False,Moderate
732899790,4,Severe,False,Severe
767443105,4,Severe,True,Severe_rare_mandatory
801319011,4,Moderate,False,Moderate
806727758,4,Severe,False,Severe
916362094,4,Severe,False,Severe
953639220,4,Severe,True,Severe_rare_mandatory
1019430579,4,Normal/Mild,False,Normal/Mild
1171797088,4,Severe,False,Severe
1334624436,4,Severe,False,Severe
1344807906,4,Moderate,False,Moderate
1348555135,4,Moderate,False,Moderate
1417061937,4,Severe,False,Severe
1451886888,4,Severe,False,Severe
1452830936,4,Moderate,False,Moderate
1529405332,4,Severe,False,Severe
1556537670,4,Moderate,False,Moderate
1671676307,4,Severe,False,Severe
1678045823,4,Severe,False,Severe
1698156042,4,Severe,False,Severe
1774588202,4,Severe,False,Severe
1778251850,4,Moderate,False,Moderate
1855454452,4,Severe,False,Severe
1985516615,4,Severe,True,Severe_rare_mandatory
1995123254,4,Normal/Mild,False,Normal/Mild
2020252446,4,Moderate,False,Moderate
2036377567,4,Moderate,False,Moderate
2048265504,4,Moderate,False,Moderate
2056309275,4,Normal/Mild,False,Normal/Mild
2085508136,4,Moderate,False,Moderate
2141458217,4,Severe,False,Severe
2171820085,4,Moderate,False,Moderate
2273432465,4,Severe,False,Severe
2280737054,4,Normal/Mild,False,Normal/Mild
2299500502,4,Severe,False,Severe
2344333600,4,Moderate,False,Moderate
2348702073,4,Severe,False,Severe
2379426952,4,Normal/Mild,False,Normal/Mild
2413888034,4,Moderate,False,Moderate
2427774074,4,Severe,False,Severe
2437170863,4,Severe,False,Severe
2455845008,4,Severe,False,Severe
2530679352,4,Severe,True,Severe_rare_mandatory
2565951228,4,Moderate,False,Moderate
2570112902,4,Severe,False,Severe
2620201468,4,Severe,False,Severe
2625021354,4,Moderate,False,Moderate
2671730146,4,Severe,False,Severe
2746735779,4,Severe,True,Severe_rare_mandatory
2820783595,4,Severe,False,Severe
2838898600,4,Moderate,False,Moderate
2914883477,4,Severe,False,Severe
2915817319,4,Severe,False,Severe
2918363467,4,Severe,True,Severe_rare_mandatory
2937953357,4,Moderate,False,Moderate
2988180557,4,Severe,True,Severe_rare_mandatory
3089624800,4,Severe,False,Severe
3138242355,4,Severe,False,Severe
3199667842,4,Moderate,False,Moderate
3412978571,4,Severe,False,Severe
3427409235,4,Moderate,False,Moderate
3451042269,4,Moderate,False,Moderate
3461844320,4,Moderate,False,Moderate
3466970792,4,Moderate,False,Moderate
3581755700,4,Moderate,False,Moderate
3693117342,4,Severe,False,Severe
3740224888,4,Normal/Mild,False,Normal/Mild
3755793029,4,Severe,True,Severe_rare_mandatory
3955843496,4,Moderate,False,Moderate
3973705542,4,Moderate,False,Moderate
4018667697,4,Normal/Mild,False,Normal/Mild
4031357862,4,Moderate,False,Moderate
4055006120,4,Severe,False,Severe
4075603869,4,Severe,False,Severe
4122788296,4,Normal/Mild,False,Normal/Mild
4201106871,4,Severe,False,Severe
4224533120,4,Moderate,False,Moderate
4278146423,4,Severe,False,Severe
4279833491,4,Severe,False,Severe
