study_id,study_stratum,mandatory_rare_severe
4201106871,Severe,False
2704163363,Normal/Mild,False
1334624436,Severe,False
2753550138,Moderate,False
1019430579,Normal/Mild,False
3681631381,Severe,False
2570112902,Severe,False
2232112217,Moderate,False
1644309505,Normal/Mild,False
2006700205,Severe,False
783154228,Severe,True
1116588610,Moderate,False
1548005561,Severe,False
3806398445,Normal/Mild,False
660253947,Severe,False
3885334932,Severe,False
916362094,Severe,False
2530679352,Severe,True
2508151528,Severe,False
3798996852,Severe,False
245660566,Severe,False
2914883477,Severe,False
3638792725,Moderate,False
2720654121,Severe,False
4264413460,Normal/Mild,False
22191399,Severe,False
372642770,Severe,False
2761048584,Moderate,False
665627263,Normal/Mild,False
2221449368,Severe,False
4095029738,Severe,False
3234424112,Severe,False
1904225580,Severe,False
1384039220,Moderate,False
185510290,Severe,True
111701877,Severe,False
3293419987,Severe,False
4018667697,Normal/Mild,False
4220209378,Moderate,False
3835824946,Normal/Mild,False
3290740316,Severe,False
2809323451,Normal/Mild,False
2782244888,Severe,False
347228139,Moderate,False
2746735779,Severe,True
3456650246,Normal/Mild,False
52695609,Severe,True
953639220,Severe,True
2351425784,Severe,False
1892507886,Severe,True
2056309275,Normal/Mild,False
1249823324,Moderate,False
1531615123,Moderate,False
3043181990,Severe,False
3864502208,Moderate,False
3161302203,Normal/Mild,False
224965813,Moderate,False
1666601651,Severe,True
4002507530,Moderate,False
109454808,Normal/Mild,False
2897377266,Severe,False
798120215,Moderate,False
1187463765,Severe,False
4171095315,Severe,False
3059640577,Normal/Mild,False
3065863143,Severe,True
2427774074,Severe,False
3867046855,Severe,True
2020252446,Moderate,False
987393114,Severe,False
2937573964,Severe,False
3329250043,Severe,False
3368217301,Moderate,False
2273432465,Severe,False
960417562,Severe,False
296083289,Severe,False
801319011,Moderate,False
416503281,Normal/Mild,False
4043496694,Severe,False
40745534,Severe,False
2436764599,Moderate,False
2616775351,Normal/Mild,False
3694053417,Severe,False
3139265320,Moderate,False
1087298370,Severe,False
3319937888,Normal/Mild,False
2178791963,Moderate,False
789748240,Severe,False
2820783595,Severe,False
793200975,Moderate,False
1082665764,Severe,False
1153238977,Severe,False
2097856420,Severe,False
3373245789,Severe,False
3479263503,Severe,False
732899790,Severe,False
1506063459,Normal/Mild,False
2133270441,Normal/Mild,False
206642334,Severe,False
1302048123,Severe,True
1504031267,Moderate,False
3976403280,Severe,False
1670552101,Severe,True
316662180,Severe,False
2876107897,Severe,False
3359356656,Normal/Mild,False
2410802623,Severe,False
1576224571,Moderate,False
1977702758,Severe,False
2247118504,Moderate,False
2728250599,Moderate,False
2239199413,Severe,False
3804922515,Severe,False
2059107661,Severe,True
1871675162,Severe,False
4013386850,Moderate,False
3902887884,Moderate,False
2911725373,Moderate,False
2440904686,Moderate,False
3418118075,Severe,True
3521369408,Moderate,False
4142503910,Moderate,False
4276898774,Severe,False
1348555135,Moderate,False
2625021354,Moderate,False
215788128,Moderate,False
652321402,Severe,False
490052995,Moderate,False
950702776,Moderate,False
1650340034,Severe,False
2584853409,Severe,True
2434132259,Moderate,False
2316015842,Severe,False
2048265504,Moderate,False
1144816961,Moderate,False
3340993109,Normal/Mild,False
642715533,Moderate,False
1985516615,Severe,True
1353517692,Severe,True
2135844815,Moderate,False
3339741647,Normal/Mild,False
213335325,Moderate,False
377474930,Severe,False
861719444,Normal/Mild,False
387445557,Moderate,False
3528463452,Moderate,False
1902377008,Severe,True
435973854,Moderate,False
1012375618,Moderate,False
2383459912,Severe,False
607371793,Severe,True
2565951228,Moderate,False
3755793029,Severe,True
1314603564,Severe,True
1142910752,Severe,False
329807127,Severe,False
325485990,Severe,True
3719530586,Moderate,False
2469878020,Severe,False
4283570761,Normal/Mild,False
1132297038,Moderate,False
3573227658,Severe,False
305101752,Severe,False
2501638175,Severe,True
2455924281,Severe,False
443364658,Severe,False
2255930443,Severe,True
719139061,Severe,True
489097547,Severe,False
2172940318,Normal/Mild,False
2988180557,Severe,True
4031357862,Moderate,False
135073898,Severe,False
1908262013,Moderate,False
3488486405,Moderate,False
2581421047,Moderate,False
4018516468,Severe,False
408455883,Moderate,False
376048062,Moderate,False
2966328820,Severe,False
2336355021,Severe,False
177339056,Moderate,False
1678045823,Severe,False
838542810,Moderate,False
344297746,Severe,False
3650821463,Moderate,False
1435972903,Severe,False
189207389,Normal/Mild,False
3973705542,Moderate,False
3550756125,Moderate,False
2752687885,Severe,False
1855454452,Severe,False
4279833491,Severe,False
424882323,Moderate,False
694787671,Moderate,False
2085508136,Moderate,False
2262987632,Moderate,False
4122788296,Normal/Mild,False
3647070644,Moderate,False
647971523,Severe,False
1664215995,Severe,False
4233157654,Normal/Mild,False
1419448504,Moderate,False
1782095928,Moderate,False
3004806533,Moderate,False
3955843496,Moderate,False
3172250881,Moderate,False
582364168,Normal/Mild,False
114899184,Severe,False
1009905322,Severe,False
511308298,Moderate,False
3153975178,Moderate,False
2719549572,Severe,False
442325762,Severe,False
779162887,Moderate,False
4284048608,Severe,False
3270195628,Severe,False
4057365107,Moderate,False
2718854859,Severe,False
1647658981,Moderate,False
3165802126,Severe,False
2838898600,Moderate,False
2975955864,Severe,True
951328272,Moderate,False
434488359,Moderate,False
4219508579,Severe,False
1690291272,Moderate,False
3060042925,Severe,False
1774588202,Severe,False
527598501,Normal/Mild,False
2080571489,Moderate,False
2294509371,Normal/Mild,False
1976417363,Severe,False
704573554,Severe,True
2607462358,Severe,False
2597449301,Severe,False
1190473557,Severe,False
375720624,Moderate,False
2509066997,Moderate,False
2649306672,Moderate,False
2241283141,Severe,False
933559951,Moderate,False
3496208349,Severe,False
886995462,Severe,True
2361533111,Severe,False
1476025556,Normal/Mild,False
1646440651,Normal/Mild,False
3029953735,Severe,True
1658344327,Severe,False
4101309917,Moderate,False
1746166687,Severe,False
3438741348,Severe,False
2629939203,Severe,False
1753007204,Moderate,False
2490850085,Severe,False
3693117342,Severe,False
1050200728,Moderate,False
1504981676,Severe,False
2881985242,Moderate,False
155064828,Severe,False
901299313,Severe,False
864298998,Moderate,False
2683615288,Severe,False
218109857,Normal/Mild,False
435244060,Moderate,False
3097937416,Moderate,False
4055006120,Severe,False
1255232732,Normal/Mild,False
4231198665,Severe,False
2857344475,Moderate,False
2243946963,Moderate,False
2072240933,Moderate,False
3449872775,Moderate,False
176605889,Severe,False
1106510276,Severe,False
390498354,Severe,False
979209761,Severe,False
3215835959,Severe,False
3033395470,Severe,False
448315026,Moderate,False
1461368679,Severe,False
3427409235,Moderate,False
2336262864,Severe,False
3466970792,Moderate,False
2626276973,Moderate,False
349723373,Severe,False
480338765,Severe,False
4278146423,Severe,False
286903519,Severe,False
2186343259,Severe,False
1171797088,Severe,False
1616262169,Severe,False
492697281,Severe,False
3850799893,Severe,False
3451042269,Moderate,False
902012573,Moderate,False
3387993595,Severe,False
2767326159,Severe,False
4200324709,Severe,False
2427880799,Severe,False
2510853598,Severe,False
2780366422,Moderate,False
3323113372,Severe,False
324739602,Moderate,False
1777645381,Moderate,False
4224533120,Moderate,False
2883475064,Moderate,False
1504634575,Moderate,False
434249980,Moderate,False
2022619830,Moderate,False
3801228235,Severe,False
1785782006,Moderate,False
3919969802,Severe,False
1558814835,Severe,False
596819592,Moderate,False
142991438,Severe,False
2620201468,Severe,False
2379426952,Normal/Mild,False
1525303131,Severe,False
4050147189,Severe,False
3759970625,Moderate,False
3296226815,Severe,False
3563792362,Severe,True
2046176090,Severe,False
1266610368,Normal/Mild,False
3478119785,Severe,False
425970461,Normal/Mild,False
2265301200,Moderate,False
3701224868,Moderate,False
305152236,Severe,False
693432872,Moderate,False
976356113,Severe,True
2918363467,Severe,True
2493610993,Severe,True
795441010,Moderate,False
4249951560,Moderate,False
2410494888,Severe,False
3515641631,Severe,False
481397395,Moderate,False
1246802434,Normal/Mild,False
92407737,Normal/Mild,False
2015704745,Moderate,False
2480600394,Severe,False
769420103,Severe,False
1292979992,Moderate,False
3337564969,Severe,True
1671676307,Severe,False
4179331034,Severe,False
2171820085,Moderate,False
258027917,Moderate,False
1367470327,Moderate,False
1417061937,Severe,False
511857239,Severe,True
265570475,Moderate,False
144244752,Severe,False
3013617022,Normal/Mild,False
1452830936,Moderate,False
664153360,Severe,False
3442533162,Moderate,False
2718479386,Moderate,False
3447903093,Normal/Mild,False
2053213309,Severe,False
2329896702,Moderate,False
3740224888,Normal/Mild,False
3882759508,Severe,True
2621581337,Severe,True
2745387667,Moderate,False
2590829526,Severe,False
1429265968,Moderate,False
3485457199,Severe,False
2266719355,Severe,True
1125872530,Severe,False
2518934182,Moderate,False
2586537623,Moderate,False
1637355643,Severe,False
566498560,Moderate,False
2671730146,Severe,False
3949892272,Moderate,False
3880626718,Normal/Mild,False
1277947572,Moderate,False
247968996,Moderate,False
2437170863,Severe,False
767443105,Severe,True
568440982,Severe,False
1505795551,Severe,False
2280737054,Normal/Mild,False
1274237866,Severe,False
1246626043,Severe,True
69086098,Moderate,False
3252162306,Severe,True
1936447237,Severe,False
2299500502,Severe,False
1212932624,Severe,False
3271808223,Moderate,False
2036377567,Moderate,False
1820866003,Severe,False
4000809387,Severe,False
305320071,Severe,False
1556537670,Moderate,False
3503499724,Moderate,False
3731783147,Moderate,False
3138242355,Severe,False
375877945,Severe,False
3143299204,Moderate,False
1529405332,Severe,False
545140827,Severe,False
2441592433,Severe,False
2271029858,Severe,False
3275218656,Moderate,False
1215498865,Moderate,False
3024532039,Moderate,False
3559205221,Severe,True
3489581041,Moderate,False
341058399,Severe,False
2066619590,Moderate,False
4105233324,Severe,False
1778251850,Moderate,False
3733934909,Normal/Mild,False
3424322302,Normal/Mild,False
3412978571,Severe,False
58813022,Severe,True
3089624800,Severe,False
1466255867,Severe,False
4279881930,Severe,True
1336412861,Severe,False
2991800473,Normal/Mild,False
10728036,Moderate,False
2763838004,Severe,True
1344807906,Moderate,False
3892114403,Severe,False
1375978793,Severe,False
3013275392,Normal/Mild,False
974862951,Severe,False
933831851,Severe,False
1388399428,Normal/Mild,False
3116585926,Severe,False
211314658,Moderate,False
1266853322,Moderate,False
1130460319,Severe,True
2141458217,Severe,False
1324569502,Normal/Mild,False
2915817319,Severe,False
2937953357,Moderate,False
2344333600,Moderate,False
1451886888,Severe,False
1422523769,Severe,False
2940906971,Moderate,False
3742728457,Severe,False
71973234,Severe,False
1698156042,Severe,False
336305686,Moderate,False
1995123254,Normal/Mild,False
3542237003,Severe,False
3488985263,Normal/Mild,False
2627142799,Severe,False
2413888034,Moderate,False
1354411109,Severe,False
2149501488,Moderate,False
2026891078,Severe,False
1644861124,Moderate,False
3199667842,Moderate,False
107698245,Normal/Mild,False
4167991881,Severe,True
2318756258,Severe,False
326589617,Moderate,False
2780118855,Moderate,False
1748705434,Severe,True
998688940,Severe,False
1956588335,Severe,False
3552213443,Moderate,False
2696451534,Moderate,False
1387631768,Severe,False
3461844320,Moderate,False
2821637646,Severe,False
2348702073,Severe,False
3203589580,Severe,False
2135829458,Severe,False
389494496,Moderate,False
2455845008,Severe,False
3581755700,Moderate,False
2203943775,Moderate,False
4169954134,Moderate,False
189160688,Severe,False
3343942613,Normal/Mild,False
4075603869,Severe,False
267989673,Normal/Mild,False
1416584342,Severe,False
4074422985,Severe,False
1164861071,Moderate,False
228290246,Severe,False
4231733118,Moderate,False
2713141511,Severe,False
1703545013,Severe,True
287921610,Moderate,False
282036903,Normal/Mild,False
1796029449,Normal/Mild,False
46494080,Moderate,False
806727758,Severe,False
1529391466,Severe,False
2496620625,Normal/Mild,False
