study_id,series_id,series_description
10728036,142859125,Axial T2
10728036,2073726394,Axial T2
10728036,2399638375,Sagittal T1
10728036,3491739931,Sagittal T2/STIR
22191399,434280813,Sagittal T1
22191399,3687121182,Axial T2
22191399,3753885158,Sagittal T2/STIR
40745534,1395478236,Axial T2
40745534,2948359731,Sagittal T1
40745534,3918681171,Sagittal T2/STIR
46494080,1543341132,Axial T2
46494080,1763376930,Sagittal T2/STIR
46494080,4061588226,Sagittal T1
52695609,32135551,Sagittal T2/STIR
52695609,3284178089,Sagittal T1
52695609,3778925627,Axial T2
52695609,3993996421,Axial T2
58813022,302608236,Axial T2
58813022,692718517,Sagittal T1
58813022,3875372861,Sagittal T2/STIR
69086098,475539618,Axial T2
69086098,1872368754,Sagittal T2/STIR
69086098,2449982462,Sagittal T1
71973234,1433976441,Sagittal T1
71973234,1858127754,Axial T2
71973234,2627968392,Sagittal T2/STIR
92407737,266051971,Sagittal T1
92407737,2146003039,Sagittal T2/STIR
92407737,3171012716,Axial T2
107698245,775826550,Sagittal T2/STIR
107698245,1569834499,Axial T2
107698245,2063106893,Sagittal T1
109454808,294363523,Axial T2
109454808,2149359622,Axial T2
109454808,2759921780,Sagittal T1
109454808,2980968884,Sagittal T2/STIR
109454808,3763123999,Axial T2
111701877,1765709605,Sagittal T2/STIR
111701877,1790066392,Sagittal T1
111701877,1920224774,Axial T2
114899184,1364910156,Axial T2
114899184,1409087674,Sagittal T1
114899184,3820695137,Sagittal T2/STIR
135073898,1169041427,Axial T2
135073898,4223079384,Sagittal T2/STIR
135073898,4230707886,Sagittal T1
142991438,56615998,Axial T2
142991438,3468872412,Sagittal T1
142991438,3492102863,Sagittal T2/STIR
144244752,155060453,Sagittal T1
144244752,1370876344,Axial T2
144244752,3076432418,Sagittal T2/STIR
155064828,1080671136,Axial T2
155064828,2529511767,Sagittal T1
155064828,2925163235,Sagittal T2/STIR
176605889,562357601,Sagittal T1
176605889,2128384250,Sagittal T2/STIR
176605889,3051060715,Axial T2
177339056,2353921256,Axial T2
177339056,3723543647,Sagittal T2/STIR
177339056,3869214210,Sagittal T1
185510290,173572598,Axial T2
185510290,1468777659,Sagittal T1
185510290,3800866193,Sagittal T2/STIR
189160688,2459939517,Axial T2
189160688,2597938307,Sagittal T1
189160688,3245589659,Sagittal T2/STIR
189207389,1608599413,Sagittal T2/STIR
189207389,2229074756,Axial T2
189207389,3832781092,Sagittal T1
206642334,1498269451,Sagittal T1
206642334,3618533469,Sagittal T2/STIR
206642334,4061704600,Axial T2
211314658,931347240,Sagittal T2/STIR
211314658,1724042057,Sagittal T1
211314658,1772444158,Axial T2
211314658,4074389262,Axial T2
213335325,858832151,Sagittal T2/STIR
213335325,1062372272,Sagittal T1
213335325,1153454550,Axial T2
215788128,902653203,Axial T2
215788128,1303294093,Sagittal T1
215788128,2134295614,Sagittal T2/STIR
218109857,486016786,Axial T2
218109857,1066112297,Sagittal T2/STIR
218109857,1783079607,Sagittal T1
224965813,529911742,Sagittal T2/STIR
224965813,1069076236,Sagittal T1
224965813,2221482978,Axial T2
228290246,979977423,Sagittal T1
228290246,983684394,Axial T2
228290246,1279357314,Axial T2
228290246,2749944059,Sagittal T2/STIR
245660566,1542752562,Sagittal T2/STIR
245660566,2628841096,Axial T2
245660566,2968145088,Sagittal T1
247968996,256361821,Sagittal T1
247968996,2400322898,Sagittal T2/STIR
247968996,3356302344,Axial T2
258027917,212868424,Axial T2
258027917,2903511471,Axial T2
258027917,3475702199,Sagittal T2/STIR
258027917,3893961572,Sagittal T1
265570475,860443266,Sagittal T2/STIR
265570475,2739997362,Sagittal T1
265570475,4166415456,Axial T2
267989673,1002625971,Sagittal T1
267989673,1572005029,Axial T2
267989673,4089185953,Sagittal T2/STIR
282036903,950922658,Axial T2
282036903,968959807,Sagittal T1
282036903,2123312457,Sagittal T2/STIR
286903519,226555729,Axial T2
286903519,1527285578,Sagittal T1
286903519,1921917205,Sagittal T2/STIR
286903519,2117481391,Axial T2
286903519,3845565739,Axial T2
287921610,120457103,Axial T2
287921610,543833613,Sagittal T2/STIR
287921610,3394005786,Sagittal T1
296083289,578994413,Sagittal T2/STIR
296083289,1686965685,Axial T2
296083289,4018539829,Sagittal T1
305101752,447968396,Sagittal T1
305101752,1370998625,Axial T2
305101752,1882093736,Sagittal T2/STIR
305152236,1523080825,Sagittal T1
305152236,1913208593,Axial T2
305152236,2421706412,Sagittal T2/STIR
305152236,3401721603,Axial T2
305320071,1987777828,Sagittal T2/STIR
305320071,3350746151,Axial T2
305320071,4215264392,Sagittal T1
316662180,1995942087,Axial T2
316662180,2388218100,Sagittal T2/STIR
316662180,2433314690,Sagittal T1
324739602,780285307,Sagittal T2/STIR
324739602,1044930265,Sagittal T1
324739602,2236351121,Axial T2
325485990,2137476871,Axial T2
325485990,3882396085,Sagittal T1
325485990,4123874213,Sagittal T2/STIR
326589617,1157906303,Axial T2
326589617,2136946407,Sagittal T2/STIR
326589617,2373480199,Sagittal T1
326589617,3607346776,Axial T2
329807127,386603676,Sagittal T1
329807127,1404320608,Axial T2
329807127,4192978228,Sagittal T2/STIR
336305686,453077851,Sagittal T2/STIR
336305686,557545610,Axial T2
336305686,2742389399,Sagittal T1
341058399,1917071071,Axial T2
341058399,3053174861,Sagittal T1
341058399,3701949159,Sagittal T2/STIR
344297746,2116827468,Sagittal T2/STIR
344297746,2541114970,Sagittal T1
344297746,4071243326,Axial T2
344297746,4254564292,Axial T2
347228139,288948891,Axial T2
347228139,401822741,Axial T2
347228139,3123114360,Sagittal T1
347228139,4138247690,Sagittal T2/STIR
349723373,2306765603,Sagittal T1
349723373,2970237148,Axial T2
349723373,3869454864,Sagittal T2/STIR
372642770,1416772288,Sagittal T2/STIR
372642770,2443084765,Axial T2
372642770,2853044871,Axial T2
372642770,3219861089,Sagittal T1
375720624,1243311650,Sagittal T1
375720624,2223891863,Sagittal T2/STIR
375720624,2303379942,Axial T2
375877945,2194275302,Sagittal T1
375877945,2673164833,Axial T2
375877945,3640321118,Sagittal T2/STIR
376048062,13832327,Axial T2
376048062,687061133,Sagittal T1
376048062,3605287939,Sagittal T2/STIR
377474930,2668009971,Sagittal T2/STIR
377474930,3788133615,Sagittal T1
377474930,4219904976,Axial T2
387445557,56959603,Axial T2
387445557,187379145,Sagittal T1
387445557,196275181,Sagittal T2/STIR
389494496,60315474,Sagittal T1
389494496,1479991359,Sagittal T2/STIR
389494496,4196685981,Axial T2
390498354,953491872,Axial T2
390498354,3613440209,Sagittal T1
390498354,4051330926,Sagittal T2/STIR
408455883,809698496,Sagittal T2/STIR
408455883,1016159409,Sagittal T1
408455883,2293150132,Axial T2
416503281,238042023,Sagittal T2/STIR
416503281,260886673,Axial T2
416503281,3249102307,Axial T2
416503281,4057062620,Sagittal T1
424882323,392834149,Sagittal T2/STIR
424882323,1394855117,Sagittal T1
424882323,2458787277,Axial T2
425970461,8693307,Sagittal T2/STIR
425970461,201607168,Axial T2
425970461,3978433476,Sagittal T1
434249980,3990865967,Sagittal T2/STIR
434249980,4030716397,Sagittal T1
434249980,4249019032,Axial T2
434488359,152760150,Sagittal T2/STIR
434488359,1481750754,Sagittal T1
434488359,4025880011,Axial T2
435244060,370862945,Sagittal T2/STIR
435244060,545457110,Axial T2
435244060,1527592625,Sagittal T1
435244060,3639597459,Axial T2
435973854,272689990,Sagittal T1
435973854,579171714,Axial T2
435973854,1904798847,Axial T2
435973854,2598663463,Sagittal T2/STIR
442325762,1672328565,Axial T2
442325762,2164453861,Sagittal T2/STIR
442325762,2884126114,Sagittal T1
443364658,1356692744,Sagittal T2/STIR
443364658,2872537851,Axial T2
443364658,2892246766,Sagittal T1
448315026,1521334190,Sagittal T2/STIR
448315026,1593050535,Axial T2
448315026,2993193914,Sagittal T1
480338765,782942920,Axial T2
480338765,1841809437,Sagittal T1
480338765,4224193467,Sagittal T2/STIR
481397395,1853699375,Sagittal T1
481397395,2534706840,Sagittal T2/STIR
481397395,3526554129,Axial T2
489097547,107117561,Axial T2
489097547,2666888656,Sagittal T1
489097547,3808947344,Sagittal T2/STIR
490052995,613007806,Sagittal T2/STIR
490052995,2121384624,Sagittal T1
490052995,3004013048,Axial T2
490052995,3419094630,Sagittal T1
492697281,492402754,Axial T2
492697281,1082839900,Sagittal T1
492697281,1667589476,Sagittal T2/STIR
511308298,351950791,Sagittal T2/STIR
511308298,1465005715,Sagittal T1
511308298,3802564411,Axial T2
511857239,157870521,Sagittal T1
511857239,328178139,Axial T2
511857239,3133375696,Sagittal T2/STIR
527598501,1173299250,Sagittal T2/STIR
527598501,3800352180,Axial T2
527598501,3964135527,Sagittal T1
545140827,788048465,Sagittal T1
545140827,2792938333,Axial T2
545140827,4080752687,Sagittal T2/STIR
566498560,246984709,Sagittal T1
566498560,2612547148,Axial T2
566498560,3279960308,Sagittal T2/STIR
568440982,2928567046,Sagittal T2/STIR
568440982,3269180601,Axial T2
568440982,3280351328,Sagittal T1
568440982,4208216214,Axial T2
582364168,712561428,Sagittal T1
582364168,1121911024,Sagittal T2/STIR
582364168,3242313646,Axial T2
596819592,41185747,Axial T2
596819592,1052578370,Axial T2
596819592,1781417120,Sagittal T1
596819592,4059999508,Sagittal T2/STIR
607371793,462456006,Sagittal T1
607371793,931396619,Axial T2
607371793,989500708,Sagittal T2/STIR
607371793,2842123983,Axial T2
642715533,894543178,Sagittal T2/STIR
642715533,2855523941,Sagittal T1
642715533,3541751675,Axial T2
647971523,464949558,Sagittal T1
647971523,1738973577,Sagittal T2/STIR
647971523,3135536259,Axial T2
652321402,3623016354,Axial T2
652321402,3878252061,Sagittal T1
652321402,4215508666,Sagittal T2/STIR
660253947,509359750,Sagittal T1
660253947,4139407288,Sagittal T2/STIR
660253947,4264830888,Axial T2
664153360,110505732,Sagittal T2/STIR
664153360,1076245514,Sagittal T1
664153360,4121293796,Axial T2
665627263,1003705138,Sagittal T1
665627263,2231471633,Sagittal T2/STIR
665627263,2438886803,Axial T2
665627263,3059046010,Axial T2
693432872,1314846886,Sagittal T2/STIR
693432872,3150609916,Axial T2
693432872,3658291969,Sagittal T1
694787671,2598445748,Sagittal T2/STIR
694787671,3345830947,Axial T2
694787671,3716734996,Sagittal T1
704573554,1107022266,Sagittal T2/STIR
704573554,1699734064,Sagittal T1
704573554,1983714337,Axial T2
719139061,1608431159,Axial T2
719139061,2224217453,Sagittal T1
719139061,3146177815,Sagittal T2/STIR
732899790,3969884335,Sagittal T1
732899790,4144762857,Sagittal T2/STIR
732899790,4250073114,Axial T2
767443105,3268622861,Sagittal T2/STIR
767443105,3736569943,Sagittal T1
767443105,4261942023,Axial T2
769420103,1145638472,Sagittal T2/STIR
769420103,1847227775,Sagittal T1
769420103,1854002320,Axial T2
779162887,738802815,Sagittal T1
779162887,2596438821,Sagittal T2/STIR
779162887,3508477724,Axial T2
783154228,585768752,Axial T2
783154228,2440356405,Sagittal T1
783154228,3342733127,Sagittal T2/STIR
789748240,1083490262,Axial T2
789748240,1733417008,Sagittal T2/STIR
789748240,4042339303,Sagittal T1
793200975,354862345,Axial T2
793200975,709377519,Sagittal T2/STIR
793200975,3244368497,Sagittal T1
795441010,3654291546,Axial T2
795441010,3942098575,Sagittal T1
795441010,3979913994,Sagittal T2/STIR
798120215,344138247,Sagittal T1
798120215,2208068369,Axial T2
798120215,3906969060,Sagittal T2/STIR
801319011,1184504151,Sagittal T2/STIR
801319011,1445698491,Axial T2
801319011,2917439778,Sagittal T1
806727758,1624783784,Axial T2
806727758,3551689789,Sagittal T1
806727758,4108350242,Sagittal T2/STIR
838542810,1363985413,Sagittal T1
838542810,2470848607,Axial T2
838542810,3780107117,Sagittal T2/STIR
861719444,1144193994,Sagittal T1
861719444,3451308655,Axial T2
861719444,3978713139,Sagittal T2/STIR
864298998,767779026,Sagittal T2/STIR
864298998,1411579616,Axial T2
864298998,3642768231,Sagittal T1
886995462,110173744,Axial T2
886995462,1238593879,Sagittal T1
886995462,1442912761,Axial T2
886995462,3051597267,Sagittal T2/STIR
886995462,3321017870,Axial T2
901299313,233688856,Sagittal T2/STIR
901299313,288173485,Sagittal T1
901299313,2260379831,Axial T2
902012573,1199403131,Sagittal T1
902012573,1910187024,Axial T2
902012573,3427793848,Sagittal T2/STIR
916362094,1254067604,Axial T2
916362094,3358220983,Sagittal T1
916362094,3699245246,Axial T2
916362094,4294540297,Sagittal T2/STIR
933559951,662494953,Sagittal T1
933559951,2039681347,Sagittal T2/STIR
933559951,3534189854,Axial T2
933831851,394729551,Axial T2
933831851,1735303559,Sagittal T2/STIR
933831851,4191352206,Sagittal T1
950702776,981103153,Axial T2
950702776,2407010409,Sagittal T1
950702776,2563217882,Sagittal T2/STIR
951328272,1802241942,Sagittal T1
951328272,2539892705,Sagittal T2/STIR
951328272,4072685621,Axial T2
953639220,270540558,Sagittal T2/STIR
953639220,1488889115,Sagittal T1
953639220,3014494618,Axial T2
960417562,816308536,Axial T2
960417562,1945015381,Sagittal T1
960417562,4166509448,Sagittal T2/STIR
974862951,1805293054,Sagittal T1
974862951,1997310011,Axial T2
974862951,4030223048,Sagittal T2/STIR
976356113,2133623285,Sagittal T1
976356113,2789451121,Sagittal T2/STIR
976356113,3008376956,Axial T2
979209761,339473966,Sagittal T2/STIR
979209761,360631587,Sagittal T1
979209761,3101981332,Axial T2
987393114,498340754,Sagittal T1
987393114,726011565,Axial T2
987393114,3224363528,Sagittal T2/STIR
998688940,2089880748,Axial T2
998688940,2145914008,Sagittal T1
998688940,4135322219,Sagittal T2/STIR
1009905322,1243755365,Sagittal T2/STIR
1009905322,1870630737,Axial T2
1009905322,3461716915,Sagittal T1
1012375618,352098527,Sagittal T1
1012375618,588002243,Axial T2
1012375618,4014890929,Sagittal T2/STIR
1019430579,2116282832,Sagittal T2/STIR
1019430579,3087919501,Sagittal T1
1019430579,4056780644,Axial T2
1050200728,875364015,Sagittal T1
1050200728,1585900432,Sagittal T2/STIR
1050200728,3138717770,Axial T2
1082665764,2870442518,Axial T2
1082665764,3582508585,Sagittal T2/STIR
1082665764,4210283386,Sagittal T1
1087298370,338946631,Sagittal T2/STIR
1087298370,1502755980,Sagittal T1
1087298370,3245160338,Axial T2
1106510276,292704465,Axial T2
1106510276,340595252,Sagittal T2/STIR
1106510276,721258563,Sagittal T1
1106510276,2740847627,Axial T2
1116588610,1035162791,Sagittal T2/STIR
1116588610,1427324525,Sagittal T1
1116588610,2561559287,Axial T2
1125872530,553270249,Sagittal T2/STIR
1125872530,1069936273,Axial T2
1125872530,1533772140,Sagittal T1
1130460319,692054932,Sagittal T1
1130460319,1481059964,Sagittal T2/STIR
1130460319,3925093765,Axial T2
1132297038,1656358225,Sagittal T2/STIR
1132297038,2243796815,Axial T2
1132297038,2256490430,Sagittal T1
1142910752,93706222,Axial T2
1142910752,2759550974,Sagittal T2/STIR
1142910752,3611709653,Sagittal T1
1144816961,313124085,Axial T2
1144816961,4071520178,Sagittal T1
1144816961,4079962819,Sagittal T2/STIR
1153238977,3000374666,Sagittal T2/STIR
1153238977,3421442073,Axial T2
1153238977,4175239801,Sagittal T1
1164861071,2456599093,Axial T2
1164861071,2597995868,Sagittal T1
1164861071,3163330218,Sagittal T2/STIR
1171797088,1195322832,Sagittal T1
1171797088,1651055820,Sagittal T2/STIR
1171797088,2953244073,Axial T2
1187463765,578286568,Sagittal T1
1187463765,1277039062,Sagittal T2/STIR
1187463765,2344573955,Axial T2
1190473557,230363452,Sagittal T1
1190473557,3244338661,Sagittal T2/STIR
1190473557,3634559093,Axial T2
1212932624,1330201626,Sagittal T1
1212932624,2851438340,Axial T2
1212932624,4275546294,Sagittal T2/STIR
1215498865,268383691,Sagittal T1
1215498865,2952279386,Axial T2
1215498865,3481324538,Sagittal T2/STIR
1246626043,27170521,Sagittal T2/STIR
1246626043,677585315,Sagittal T1
1246626043,3854689942,Axial T2
1246802434,842497344,Sagittal T2/STIR
1246802434,2530289455,Axial T2
1246802434,4025248601,Sagittal T1
1249823324,307081944,Axial T2
1249823324,2169905149,Sagittal T2/STIR
1249823324,3926471233,Sagittal T1
1255232732,1062481807,Sagittal T2/STIR
1255232732,2886711830,Sagittal T1
1255232732,3489666626,Axial T2
1266610368,3683928943,Axial T2
1266610368,3741220370,Sagittal T1
1266610368,4196036808,Sagittal T2/STIR
1266853322,2164664890,Sagittal T1
1266853322,2474065480,Sagittal T2/STIR
1266853322,2621060433,Axial T2
1274237866,1323618838,Axial T2
1274237866,1468566581,Sagittal T2/STIR
1274237866,2777467196,Sagittal T1
1277947572,52527640,Sagittal T2/STIR
1277947572,1712180007,Sagittal T1
1277947572,3664290293,Axial T2
1292979992,463429448,Sagittal T1
1292979992,3284489086,Axial T2
1292979992,3359428067,Sagittal T2/STIR
1302048123,272639520,Axial T2
1302048123,782258336,Sagittal T1
1302048123,3767852858,Sagittal T2/STIR
1314603564,720207105,Sagittal T1
1314603564,1610188106,Sagittal T2/STIR
1314603564,2650168284,Axial T2
1324569502,149486749,Sagittal T1
1324569502,1023697573,Axial T2
1324569502,3467550494,Sagittal T2/STIR
1334624436,218942285,Sagittal T1
1334624436,3474289920,Axial T2
1334624436,3555345727,Sagittal T2/STIR
1334624436,4168095101,Axial T2
1336412861,1127086676,Axial T2
1336412861,1402829528,Sagittal T1
1336412861,4021797951,Sagittal T2/STIR
1344807906,308892876,Sagittal T2/STIR
1344807906,2757964757,Axial T2
1344807906,3697140131,Sagittal T1
1348555135,2227539665,Sagittal T2/STIR
1348555135,2405804085,Sagittal T1
1348555135,2736309328,Axial T2
1353517692,1619012544,Sagittal T2/STIR
1353517692,1762986309,Sagittal T1
1353517692,2646279766,Axial T2
1354411109,963348196,Axial T2
1354411109,1001602554,Sagittal T1
1354411109,1787804538,Axial T2
1354411109,3679776577,Sagittal T2/STIR
1367470327,2152000867,Axial T2
1367470327,2618650591,Sagittal T1
1367470327,3111450149,Sagittal T2/STIR
1375978793,56587124,Axial T2
1375978793,886132449,Sagittal T2/STIR
1375978793,2674598376,Sagittal T1
1384039220,792807367,Sagittal T2/STIR
1384039220,2078798053,Sagittal T1
1384039220,2995333405,Axial T2
1387631768,1355036926,Sagittal T1
1387631768,1374740011,Sagittal T2/STIR
1387631768,2159032211,Axial T2
1387631768,2692567377,Axial T2
1388399428,1048222662,Sagittal T2/STIR
1388399428,1119329282,Axial T2
1388399428,4181218400,Sagittal T1
1416584342,1112902947,Axial T2
1416584342,1844344103,Sagittal T1
1416584342,2020066162,Sagittal T2/STIR
1417061937,497009237,Axial T2
1417061937,2671846980,Sagittal T2/STIR
1417061937,4245114758,Sagittal T1
1419448504,2269761263,Axial T2
1419448504,2702305151,Sagittal T2/STIR
1419448504,2845952470,Sagittal T1
1422523769,393151535,Axial T2
1422523769,936512309,Sagittal T2/STIR
1422523769,1844925910,Sagittal T1
1429265968,1581470995,Sagittal T2/STIR
1429265968,1723599705,Sagittal T1
1429265968,2143440552,Axial T2
1435972903,655221258,Sagittal T2/STIR
1435972903,1587054823,Axial T2
1435972903,3246798172,Sagittal T1
1451886888,823647192,Sagittal T2/STIR
1451886888,932525514,Sagittal T1
1451886888,2138215358,Axial T2
1452830936,603735932,Sagittal T1
1452830936,1604548601,Axial T2
1452830936,4025662051,Sagittal T2/STIR
1461368679,2332227383,Sagittal T2/STIR
1461368679,3632133795,Sagittal T1
1461368679,4023264792,Axial T2
1466255867,1153114311,Axial T2
1466255867,2990668168,Sagittal T2/STIR
1466255867,3707657182,Sagittal T1
1476025556,510236870,Sagittal T2/STIR
1476025556,1091811432,Axial T2
1476025556,2714739145,Sagittal T1
1504031267,341705209,Sagittal T2/STIR
1504031267,2126877820,Axial T2
1504031267,2475884358,Axial T2
1504031267,2784380684,Sagittal T1
1504634575,1608219433,Axial T2
1504634575,1957146293,Sagittal T1
1504634575,2694315953,Sagittal T2/STIR
1504981676,1729312806,Sagittal T2/STIR
1504981676,2390192755,Sagittal T1
1504981676,3579382517,Axial T2
1505795551,1945771391,Sagittal T2/STIR
1505795551,2733545907,Sagittal T1
1505795551,3784869947,Axial T2
1506063459,677114139,Sagittal T1
1506063459,1169993810,Axial T2
1506063459,2935542429,Sagittal T2/STIR
1525303131,406146926,Sagittal T1
1525303131,1885363841,Sagittal T2/STIR
1525303131,3825715372,Axial T2
1529391466,966318841,Axial T2
1529391466,2665059821,Sagittal T2/STIR
1529391466,3179175659,Sagittal T1
1529405332,372716479,Sagittal T1
1529405332,1874429556,Sagittal T2/STIR
1529405332,4218128326,Axial T2
1531615123,665872400,Axial T2
1531615123,2061239309,Sagittal T2/STIR
1531615123,2642013991,Sagittal T1
1548005561,1304312107,Sagittal T2/STIR
1548005561,2454139957,Axial T2
1548005561,2601099143,Sagittal T1
1556537670,2697616588,Axial T2
1556537670,3542740853,Sagittal T1
1556537670,3890249257,Sagittal T2/STIR
1558814835,1029283419,Sagittal T2/STIR
1558814835,1833005644,Axial T2
1558814835,3045931836,Sagittal T1
1576224571,1294213150,Sagittal T1
1576224571,1449782109,Axial T2
1576224571,2711955380,Sagittal T2/STIR
1616262169,61222130,Sagittal T1
1616262169,982435380,Axial T2
1616262169,4242497840,Sagittal T2/STIR
1637355643,2554600751,Axial T2
1637355643,2564916916,Sagittal T1
1637355643,3672878278,Sagittal T2/STIR
1644309505,1627302771,Axial T2
1644309505,2226863746,Sagittal T2/STIR
1644309505,4166307913,Sagittal T1
1644861124,743158669,Axial T2
1644861124,1595773852,Sagittal T1
1644861124,4092888805,Sagittal T2/STIR
1646440651,536239867,Axial T2
1646440651,1982817985,Sagittal T2/STIR
1646440651,3064742054,Sagittal T1
1647658981,2335654144,Sagittal T2/STIR
1647658981,2601437920,Sagittal T1
1647658981,3692416135,Axial T2
1650340034,2802580567,Axial T2
1650340034,3259949312,Sagittal T2/STIR
1650340034,3305241166,Sagittal T1
1658344327,2972325220,Axial T2
1658344327,3335066274,Sagittal T2/STIR
1658344327,3974395796,Sagittal T1
1664215995,554428157,Sagittal T2/STIR
1664215995,1009080142,Sagittal T1
1664215995,2389151143,Axial T2
1664215995,4244044914,Axial T2
1666601651,108284302,Axial T2
1666601651,615066094,Sagittal T1
1666601651,871909401,Axial T2
1666601651,2694095653,Sagittal T2/STIR
1670552101,196008764,Axial T2
1670552101,207326640,Sagittal T1
1670552101,1962561918,Sagittal T2/STIR
1670552101,3421232808,Axial T2
1671676307,77368487,Sagittal T1
1671676307,1161268571,Axial T2
1671676307,1568243545,Sagittal T2/STIR
1678045823,1082730958,Sagittal T2/STIR
1678045823,2052519660,Sagittal T1
1678045823,3074550756,Axial T2
1690291272,1761808680,Sagittal T2/STIR
1690291272,2315553255,Axial T2
1690291272,3805861667,Sagittal T1
1698156042,609230922,Axial T2
1698156042,1349877419,Sagittal T1
1698156042,3800217841,Sagittal T2/STIR
1703545013,1702905229,Sagittal T2/STIR
1703545013,2244266415,Sagittal T1
1703545013,4051168162,Axial T2
1746166687,14824868,Sagittal T1
1746166687,2015196917,Sagittal T2/STIR
1746166687,3648237438,Axial T2
1748705434,3006000146,Sagittal T1
1748705434,3620012952,Axial T2
1748705434,3670980625,Sagittal T2/STIR
1753007204,1246758857,Sagittal T1
1753007204,2035397930,Axial T2
1753007204,4144833015,Sagittal T2/STIR
1774588202,2974276272,Sagittal T2/STIR
1774588202,3813356142,Sagittal T1
1774588202,3951969305,Axial T2
1777645381,1438513204,Sagittal T2/STIR
1777645381,2330801383,Axial T2
1777645381,3885960988,Sagittal T1
1778251850,1717676351,Axial T2
1778251850,3196149559,Sagittal T2/STIR
1778251850,3681929374,Sagittal T1
1782095928,1860740545,Axial T2
1782095928,2236558816,Sagittal T2/STIR
1782095928,2609201001,Axial T2
1782095928,3350661070,Sagittal T1
1785782006,330376944,Axial T2
1785782006,575227709,Sagittal T1
1785782006,1217184454,Axial T2
1785782006,2680924350,Sagittal T2/STIR
1796029449,996181429,Axial T2
1796029449,1271607551,Sagittal T1
1796029449,2941208753,Sagittal T2/STIR
1820866003,131094096,Sagittal T2/STIR
1820866003,3174801643,Sagittal T1
1820866003,3689221841,Axial T2
1855454452,18863551,Sagittal T2/STIR
1855454452,207765520,Sagittal T1
1855454452,1602155311,Axial T2
1871675162,332177460,Sagittal T1
1871675162,413939808,Sagittal T2/STIR
1871675162,1791666862,Axial T2
1892507886,713345156,Sagittal T1
1892507886,1092191956,Sagittal T2/STIR
1892507886,3838055256,Axial T2
1892507886,3948230401,Axial T2
1902377008,796789045,Axial T2
1902377008,2945488620,Sagittal T1
1902377008,3170338765,Sagittal T2/STIR
1904225580,1835512018,Axial T2
1904225580,2253453601,Axial T2
1904225580,3345088118,Sagittal T1
1904225580,3891127077,Sagittal T2/STIR
1908262013,1239678220,Axial T2
1908262013,2302660366,Sagittal T1
1908262013,3593683246,Sagittal T2/STIR
1936447237,1351620617,Axial T2
1936447237,3030472695,Sagittal T1
1936447237,3308305155,Sagittal T2/STIR
1956588335,864882267,Axial T2
1956588335,1104130092,Sagittal T1
1956588335,2941256984,Sagittal T2/STIR
1976417363,81091003,Sagittal T1
1976417363,563558353,Sagittal T2/STIR
1976417363,3646312942,Axial T2
1977702758,1782493721,Axial T2
1977702758,1790650445,Sagittal T2/STIR
1977702758,2628764727,Sagittal T1
1985516615,491252670,Axial T2
1985516615,893851680,Axial T2
1985516615,950509856,Sagittal T2/STIR
1985516615,2139526811,Sagittal T1
1995123254,1133656256,Axial T2
1995123254,1967369430,Sagittal T2/STIR
1995123254,2154684591,Sagittal T1
2006700205,1035172534,Axial T2
2006700205,2889256302,Sagittal T2/STIR
2006700205,3977436535,Sagittal T1
2015704745,666539007,Sagittal T1
2015704745,1978153426,Sagittal T2/STIR
2015704745,3992537453,Axial T2
2015704745,4214163684,Axial T2
2020252446,522268317,Sagittal T1
2020252446,1114490626,Sagittal T2/STIR
2020252446,1244994714,Axial T2
2022619830,201713994,Sagittal T1
2022619830,1616295059,Axial T2
2022619830,3927325878,Sagittal T2/STIR
2026891078,2972032581,Axial T2
2026891078,3234585929,Sagittal T2/STIR
2026891078,3983453829,Sagittal T1
2036377567,331415238,Sagittal T1
2036377567,1302410603,Sagittal T2/STIR
2036377567,2062432692,Axial T2
2046176090,1477413713,Sagittal T1
2046176090,2262059232,Sagittal T2/STIR
2046176090,2848894227,Axial T2
2048265504,2433314001,Axial T2
2048265504,2970148416,Sagittal T1
2048265504,2998592741,Sagittal T2/STIR
2053213309,2731885610,Axial T2
2053213309,2972736368,Sagittal T2/STIR
2053213309,2985440003,Sagittal T1
2056309275,530257231,Sagittal T2/STIR
2056309275,1012389290,Sagittal T1
2056309275,3890108636,Axial T2
2056309275,4085283360,Axial T2
2059107661,1179869489,Axial T2
2059107661,1284191790,Sagittal T2/STIR
2059107661,2365056479,Sagittal T1
2066619590,3183444321,Sagittal T2/STIR
2066619590,3497028019,Sagittal T1
2066619590,3533358934,Axial T2
2072240933,284706988,Sagittal T2/STIR
2072240933,418068718,Axial T2
2072240933,2599354023,Sagittal T1
2072240933,2915335567,Axial T2
2080571489,2002594642,Sagittal T1
2080571489,2615402418,Axial T2
2080571489,2626574614,Sagittal T2/STIR
2085508136,1183295996,Sagittal T1
2085508136,2802908050,Axial T2
2085508136,4265958061,Sagittal T2/STIR
2097856420,2151902888,Sagittal T1
2097856420,2728187318,Axial T2
2097856420,3505847202,Sagittal T2/STIR
2133270441,1958367105,Sagittal T2/STIR
2133270441,2008819524,Sagittal T1
2133270441,3680457452,Axial T2
2135829458,75032782,Sagittal T2/STIR
2135829458,1032434193,Sagittal T1
2135829458,3019232776,Axial T2
2135844815,106652285,Axial T2
2135844815,396809894,Sagittal T1
2135844815,3391276755,Sagittal T2/STIR
2135844815,4025757189,Axial T2
2141458217,498734191,Sagittal T1
2141458217,869187184,Sagittal T2/STIR
2141458217,2500640543,Axial T2
2149501488,504085824,Sagittal T1
2149501488,1851429428,Axial T2
2149501488,3477828631,Sagittal T2/STIR
2171820085,2186841143,Sagittal T1
2171820085,4083407177,Sagittal T2/STIR
2171820085,4110439844,Axial T2
2172940318,1251509651,Sagittal T1
2172940318,2341619655,Axial T2
2172940318,3141412625,Sagittal T2/STIR
2178791963,3653317648,Sagittal T1
2178791963,3949365258,Axial T2
2178791963,4167571107,Sagittal T2/STIR
2186343259,1527478989,Axial T2
2186343259,1849961568,Sagittal T1
2186343259,3400866897,Sagittal T2/STIR
2203943775,1214945,Axial T2
2203943775,1757546241,Sagittal T1
2203943775,4072005764,Sagittal T2/STIR
2221449368,932450217,Sagittal T2/STIR
2221449368,1418588490,Axial T2
2221449368,1899387549,Sagittal T1
2232112217,125088021,Axial T2
2232112217,1369972858,Sagittal T1
2232112217,1593907636,Axial T2
2232112217,2246723767,Sagittal T2/STIR
2239199413,564062395,Sagittal T2/STIR
2239199413,2322807347,Sagittal T1
2239199413,4145231895,Axial T2
2241283141,783262321,Sagittal T1
2241283141,2026656312,Sagittal T2/STIR
2241283141,3541040389,Axial T2
2243946963,406490799,Sagittal T1
2243946963,2673954932,Axial T2
2243946963,2708957068,Sagittal T2/STIR
2247118504,492461503,Sagittal T2/STIR
2247118504,2785977916,Sagittal T1
2247118504,4258614205,Axial T2
2255930443,90440727,Sagittal T1
2255930443,2176099005,Sagittal T2/STIR
2255930443,4089631680,Axial T2
2262987632,59994070,Axial T2
2262987632,1836670441,Sagittal T2/STIR
2262987632,2324028647,Sagittal T1
2265301200,1484100841,Sagittal T1
2265301200,2031026625,Sagittal T2/STIR
2265301200,2890408382,Axial T2
2266719355,1065552624,Axial T2
2266719355,1648125925,Sagittal T2/STIR
2266719355,3763942448,Sagittal T1
2271029858,277266888,Sagittal T1
2271029858,627462692,Sagittal T2/STIR
2271029858,2524721787,Axial T2
2273432465,114306451,Sagittal T2/STIR
2273432465,1059276307,Axial T2
2273432465,1257234944,Sagittal T1
2280737054,1258804665,Sagittal T2/STIR
2280737054,2003527877,Axial T2
2280737054,2483594361,Sagittal T1
2280737054,2501877482,Axial T2
2294509371,2015282058,Sagittal T1
2294509371,2895790445,Sagittal T2/STIR
2294509371,3265983088,Axial T2
2294509371,3717058663,Axial T2
2299500502,1522696895,Axial T2
2299500502,3418453457,Sagittal T2/STIR
2299500502,3699256371,Axial T2
2299500502,3811091601,Sagittal T1
2316015842,456556894,Axial T2
2316015842,1485193299,Sagittal T2/STIR
2316015842,2395454991,Sagittal T1
2318756258,416072674,Sagittal T2/STIR
2318756258,498330358,Axial T2
2318756258,1401250022,Sagittal T1
2329896702,669984022,Sagittal T1
2329896702,1507495165,Sagittal T2/STIR
2329896702,3332578876,Axial T2
2329896702,3700741835,Axial T2
2336262864,809579710,Axial T2
2336262864,2209924840,Sagittal T1
2336262864,3359854824,Sagittal T2/STIR
2336355021,822253828,Sagittal T2/STIR
2336355021,1199122983,Sagittal T1
2336355021,3038956078,Axial T2
2344333600,360918489,Sagittal T2/STIR
2344333600,920587512,Axial T2
2344333600,2950784193,Sagittal T1
2348702073,323466396,Sagittal T1
2348702073,3208836305,Axial T2
2348702073,4209040920,Sagittal T2/STIR
2351425784,1532027298,Sagittal T1
2351425784,2446877663,Sagittal T2/STIR
2351425784,4040614859,Axial T2
2361533111,21449862,Axial T2
2361533111,2353320483,Axial T2
2361533111,2721417150,Sagittal T2/STIR
2361533111,4175535573,Sagittal T1
2379426952,1623247599,Axial T2
2379426952,3203785575,Sagittal T1
2379426952,3440509733,Sagittal T2/STIR
2383459912,969865975,Sagittal T2/STIR
2383459912,1560278372,Sagittal T1
2383459912,2615321142,Axial T2
2410494888,681851569,Sagittal T2/STIR
2410494888,2289719834,Sagittal T1
2410494888,3200519111,Axial T2
2410802623,1323838328,Sagittal T1
2410802623,1490032198,Axial T2
2410802623,1624532248,Sagittal T2/STIR
2413888034,1200417814,Sagittal T1
2413888034,2929396535,Sagittal T2/STIR
2413888034,3255783046,Axial T2
2427774074,751625406,Axial T2
2427774074,2241702571,Sagittal T2/STIR
2427774074,3668699449,Sagittal T1
2427880799,2568884867,Axial T2
2427880799,2570719913,Sagittal T1
2427880799,3906054319,Sagittal T2/STIR
2434132259,681911441,Sagittal T2/STIR
2434132259,732713749,Axial T2
2434132259,773238571,Sagittal T1
2436764599,2127041043,Sagittal T2/STIR
2436764599,3393444134,Sagittal T1
2436764599,3865389161,Axial T2
2437170863,2494223301,Axial T2
2437170863,3623715903,Sagittal T1
2437170863,4277600221,Sagittal T2/STIR
2440904686,40838564,Axial T2
2440904686,1766319327,Axial T2
2440904686,2375266342,Axial T2
2440904686,2377176400,Sagittal T2/STIR
2440904686,2953742871,Sagittal T1
2441592433,926215568,Sagittal T1
2441592433,1151616948,Axial T2
2441592433,1437029850,Sagittal T2/STIR
2455845008,358851025,Sagittal T1
2455845008,2522572516,Sagittal T2/STIR
2455845008,3455660945,Axial T2
2455924281,610804917,Axial T2
2455924281,1645353593,Sagittal T1
2455924281,3315886090,Sagittal T2/STIR
2469878020,962279416,Sagittal T1
2469878020,1213732371,Axial T2
2469878020,1446493177,Sagittal T2/STIR
2480600394,2794245659,Sagittal T1
2480600394,2969009171,Sagittal T2/STIR
2480600394,4132822853,Axial T2
2490850085,892527425,Sagittal T2/STIR
2490850085,1572089817,Sagittal T1
2490850085,2427498762,Axial T2
2493610993,391977977,Sagittal T1
2493610993,2254498070,Sagittal T2/STIR
2493610993,3111503381,Axial T2
2496620625,1202026852,Sagittal T1
2496620625,2189487654,Sagittal T2/STIR
2496620625,2624246811,Axial T2
2501638175,371421641,Sagittal T2/STIR
2501638175,477334578,Sagittal T1
2501638175,3180298521,Axial T2
2508151528,168198450,Sagittal T1
2508151528,1158394335,Sagittal T2/STIR
2508151528,1550325930,Axial T2
2509066997,1268651356,Axial T2
2509066997,2226280404,Sagittal T1
2509066997,4048077433,Sagittal T2/STIR
2510853598,557949762,Sagittal T1
2510853598,3744026854,Sagittal T2/STIR
2510853598,3949081465,Axial T2
2518934182,1950021385,Axial T2
2518934182,1960788658,Sagittal T1
2518934182,2479023444,Sagittal T2/STIR
2530679352,1513597136,Sagittal T1
2530679352,3989445153,Sagittal T2/STIR
2530679352,4185055234,Axial T2
2565951228,2549224109,Sagittal T1
2565951228,3191140271,Axial T2
2565951228,4221884084,Sagittal T2/STIR
2570112902,580914223,Sagittal T2/STIR
2570112902,1791967113,Sagittal T1
2570112902,3425963197,Axial T2
2581421047,1170694382,Sagittal T1
2581421047,2301305078,Axial T2
2581421047,3385717602,Sagittal T2/STIR
2584853409,2281397869,Sagittal T1
2584853409,2331593491,Axial T2
2584853409,2406719487,Sagittal T2/STIR
2586537623,654501381,Sagittal T2/STIR
2586537623,816172462,Axial T2
2586537623,3190117251,Sagittal T1
2590829526,1054684954,Sagittal T1
2590829526,1383829899,Axial T2
2590829526,2865079627,Sagittal T2/STIR
2597449301,1153651885,Sagittal T1
2597449301,2264519697,Axial T2
2597449301,2694361617,Sagittal T2/STIR
2607462358,384543934,Sagittal T2/STIR
2607462358,819468427,Axial T2
2607462358,4139863603,Sagittal T1
2616775351,741028761,Sagittal T1
2616775351,972177831,Axial T2
2616775351,2164611017,Sagittal T2/STIR
2616775351,3321858637,Axial T2
2620201468,995608205,Sagittal T2/STIR
2620201468,1972307404,Sagittal T1
2620201468,2040922695,Axial T2
2621581337,521186121,Sagittal T1
2621581337,935628528,Axial T2
2621581337,1393020403,Sagittal T2/STIR
2625021354,582465481,Axial T2
2625021354,2570188380,Sagittal T1
2625021354,4144046426,Sagittal T2/STIR
2626276973,229503943,Sagittal T1
2626276973,624062132,Sagittal T2/STIR
2626276973,3647175506,Axial T2
2627142799,471033984,Sagittal T1
2627142799,2030098351,Axial T2
2627142799,3403197550,Sagittal T2/STIR
2627142799,3778857076,Axial T2
2629939203,323551052,Sagittal T2/STIR
2629939203,2352396376,Sagittal T1
2629939203,3232065826,Axial T2
2649306672,1198714031,Axial T2
2649306672,1777268990,Sagittal T2/STIR
2649306672,2846240361,Axial T2
2649306672,3373246115,Sagittal T1
2649306672,3658063495,Axial T2
2671730146,2462393738,Sagittal T1
2671730146,2734562161,Sagittal T2/STIR
2671730146,3443717701,Axial T2
2683615288,1060438383,Sagittal T1
2683615288,2553586806,Sagittal T2/STIR
2683615288,4218080131,Axial T2
2696451534,371020646,Sagittal T2/STIR
2696451534,1846537274,Sagittal T1
2696451534,3920672636,Axial T2
2704163363,630313253,Sagittal T2/STIR
2704163363,3967851656,Axial T2
2704163363,4075884803,Sagittal T1
2713141511,200890624,Sagittal T2/STIR
2713141511,2561951463,Axial T2
2713141511,3771041996,Sagittal T1
2718479386,201316424,Axial T2
2718479386,309208595,Sagittal T1
2718479386,3081577049,Sagittal T2/STIR
2718854859,2171510734,Sagittal T2/STIR
2718854859,2308494170,Sagittal T1
2718854859,3337969709,Axial T2
2719549572,673028817,Sagittal T2/STIR
2719549572,2374987445,Sagittal T1
2719549572,2539188667,Axial T2
2720654121,9754935,Axial T2
2720654121,3045400629,Sagittal T1
2720654121,4040477872,Sagittal T2/STIR
2728250599,2683363238,Sagittal T1
2728250599,3036351792,Axial T2
2728250599,3114395173,Sagittal T2/STIR
2745387667,1415162212,Sagittal T1
2745387667,3096850011,Axial T2
2745387667,3414509805,Sagittal T2/STIR
2746735779,46626995,Axial T2
2746735779,497960577,Sagittal T2/STIR
2746735779,575126472,Sagittal T1
2752687885,707523282,Axial T2
2752687885,1309668450,Sagittal T2/STIR
2752687885,3977004131,Sagittal T1
2753550138,2246061523,Sagittal T2/STIR
2753550138,3999771964,Axial T2
2753550138,4113397657,Sagittal T1
2761048584,210327881,Axial T2
2761048584,2661308161,Sagittal T2/STIR
2761048584,4130572274,Sagittal T1
2763838004,764656002,Sagittal T1
2763838004,3107072936,Axial T2
2763838004,3421519409,Axial T2
2763838004,4061122485,Sagittal T2/STIR
2767326159,223384,Axial T2
2767326159,1122137554,Sagittal T2/STIR
2767326159,1898153311,Sagittal T1
2780118855,1306636789,Axial T2
2780118855,2064060968,Sagittal T2/STIR
2780118855,3206608810,Sagittal T1
2780366422,1071257288,Sagittal T1
2780366422,2847899808,Sagittal T2/STIR
2780366422,3142139864,Axial T2
2782244888,3489494822,Sagittal T1
2782244888,3525830627,Axial T2
2782244888,3788734728,Sagittal T2/STIR
2809323451,346984647,Axial T2
2809323451,348943421,Sagittal T1
2809323451,1615906573,Sagittal T2/STIR
2820783595,21801553,Sagittal T2/STIR
2820783595,39111980,Sagittal T1
2820783595,1064148768,Axial T2
2821637646,229877275,Sagittal T2/STIR
2821637646,2167136365,Axial T2
2821637646,3358820399,Sagittal T1
2838898600,1074191981,Axial T2
2838898600,2831047718,Sagittal T1
2838898600,3072403950,Sagittal T2/STIR
2857344475,1026988869,Axial T2
2857344475,3369324172,Sagittal T1
2857344475,4032723814,Sagittal T2/STIR
2876107897,90526002,Sagittal T1
2876107897,1221302857,Axial T2
2876107897,1246757582,Sagittal T2/STIR
2881985242,2304209248,Sagittal T2/STIR
2881985242,3851057735,Axial T2
2881985242,4289986230,Sagittal T1
2883475064,1297772737,Axial T2
2883475064,1636965235,Sagittal T1
2883475064,3495077350,Sagittal T2/STIR
2897377266,594467518,Sagittal T1
2897377266,2151695884,Axial T2
2897377266,2984133889,Sagittal T2/STIR
2911725373,205579604,Sagittal T1
2911725373,1512199759,Sagittal T2/STIR
2911725373,1994990232,Axial T2
2914883477,121000143,Sagittal T1
2914883477,368284225,Axial T2
2914883477,2526562775,Sagittal T2/STIR
2915817319,937855417,Sagittal T2/STIR
2915817319,3705850829,Sagittal T1
2915817319,3709636600,Axial T2
2918363467,1136923928,Axial T2
2918363467,1226176695,Sagittal T1
2918363467,4185472245,Sagittal T2/STIR
2937573964,864812937,Axial T2
2937573964,1414618555,Sagittal T2/STIR
2937573964,1865859472,Sagittal T1
2937953357,2110323504,Axial T2
2937953357,2433869833,Sagittal T2/STIR
2937953357,3936334715,Axial T2
2937953357,4258530979,Sagittal T1
2940906971,1780646294,Sagittal T1
2940906971,3027495258,Sagittal T2/STIR
2940906971,3262390584,Axial T2
2940906971,3769265068,Axial T2
2966328820,102616069,Axial T2
2966328820,356353555,Sagittal T1
2966328820,3701292515,Sagittal T2/STIR
2975955864,1968959184,Sagittal T1
2975955864,2471804007,Axial T2
2975955864,3339880455,Sagittal T2/STIR
2975955864,3719660624,Axial T2
2988180557,1155277136,Axial T2
2988180557,1830959075,Sagittal T1
2988180557,4168729922,Sagittal T2/STIR
2991800473,1256942435,Axial T2
2991800473,1556996897,Sagittal T2/STIR
2991800473,3751093317,Sagittal T1
3004806533,1607702868,Sagittal T1
3004806533,3009091861,Sagittal T2/STIR
3004806533,3903585179,Axial T2
3013275392,2773085625,Sagittal T1
3013275392,2980843036,Axial T2
3013275392,3481296674,Sagittal T2/STIR
3013617022,735958710,Axial T2
3013617022,3591598267,Sagittal T1
3013617022,4146340889,Sagittal T2/STIR
3024532039,290056943,Axial T2
3024532039,2467163370,Sagittal T1
3024532039,3157189845,Sagittal T2/STIR
3029953735,961283897,Axial T2
3029953735,1130870906,Axial T2
3029953735,1551343968,Sagittal T2/STIR
3029953735,3791383775,Sagittal T1
3033395470,1220075590,Sagittal T1
3033395470,2419135556,Sagittal T2/STIR
3033395470,2534197294,Axial T2
3043181990,792407196,Sagittal T2/STIR
3043181990,3560255361,Sagittal T1
3043181990,3661847162,Axial T2
3043181990,3715868953,Axial T2
3059640577,611870151,Sagittal T2/STIR
3059640577,1119630334,Sagittal T1
3059640577,1673428890,Axial T2
3060042925,724531629,Sagittal T1
3060042925,2356452467,Axial T2
3060042925,4007737283,Sagittal T2/STIR
3065863143,2074111107,Axial T2
3065863143,2697592442,Sagittal T2/STIR
3065863143,3665368594,Sagittal T1
3089624800,784757592,Axial T2
3089624800,3336339460,Sagittal T1
3089624800,3505762510,Sagittal T2/STIR
3097937416,569807439,Axial T2
3097937416,2116193219,Sagittal T2/STIR
3097937416,3394432191,Sagittal T1
3116585926,666973277,Axial T2
3116585926,3043780434,Sagittal T1
3116585926,3373035936,Sagittal T2/STIR
3138242355,684398187,Axial T2
3138242355,847849596,Axial T2
3138242355,992065261,Sagittal T2/STIR
3138242355,3310553683,Sagittal T1
3139265320,1753194850,Sagittal T2/STIR
3139265320,1889975433,Sagittal T1
3139265320,3664269124,Axial T2
3143299204,564845327,Sagittal T1
3143299204,671539834,Axial T2
3143299204,3700911446,Sagittal T2/STIR
3153975178,189577389,Axial T2
3153975178,995688883,Sagittal T1
3153975178,2690715473,Sagittal T2/STIR
3153975178,3531859838,Axial T2
3161302203,715857852,Axial T2
3161302203,1721698488,Sagittal T1
3161302203,3120713548,Sagittal T2/STIR
3165802126,157982293,Sagittal T2/STIR
3165802126,2774929183,Axial T2
3165802126,4225464501,Sagittal T1
3172250881,40818364,Axial T2
3172250881,1866574623,Sagittal T1
3172250881,2147684317,Sagittal T2/STIR
3172250881,3128041440,Axial T2
3199667842,90535121,Axial T2
3199667842,1135330691,Sagittal T2/STIR
3199667842,1572503229,Axial T2
3199667842,3062005722,Sagittal T1
3203589580,1577652227,Sagittal T1
3203589580,4059815654,Axial T2
3203589580,4260835396,Sagittal T2/STIR
3215835959,672119545,Sagittal T2/STIR
3215835959,4029352786,Axial T2
3215835959,4116372721,Sagittal T1
3234424112,2401778907,Axial T2
3234424112,3240624272,Sagittal T1
3234424112,3261803408,Axial T2
3234424112,3853652770,Sagittal T2/STIR
3252162306,1036785656,Sagittal T1
3252162306,1184961013,Axial T2
3252162306,2124596461,Sagittal T2/STIR
3270195628,2943824559,Sagittal T2/STIR
3270195628,2954527433,Sagittal T1
3270195628,3925030066,Axial T2
3271808223,1415656494,Sagittal T1
3271808223,2560390451,Sagittal T2/STIR
3271808223,3989329750,Axial T2
3275218656,264328444,Axial T2
3275218656,922927402,Sagittal T2/STIR
3275218656,1149476636,Sagittal T1
3290740316,28655472,Axial T2
3290740316,978158022,Sagittal T1
3290740316,1572405804,Sagittal T2/STIR
3293419987,2599465772,Sagittal T2/STIR
3293419987,2911714765,Axial T2
3293419987,3942610437,Sagittal T1
3296226815,789984216,Sagittal T1
3296226815,4071527731,Axial T2
3296226815,4148537406,Sagittal T2/STIR
3319937888,354619720,Sagittal T1
3319937888,2468956851,Sagittal T2/STIR
3319937888,3492049671,Axial T2
3323113372,1908436118,Sagittal T2/STIR
3323113372,1990430919,Axial T2
3323113372,4004767239,Sagittal T1
3329250043,134630734,Sagittal T1
3329250043,1055738626,Sagittal T2/STIR
3329250043,3619991366,Axial T2
3329250043,3650749938,Axial T2
3337564969,63043037,Axial T2
3337564969,2802812920,Axial T2
3337564969,3786833896,Sagittal T2/STIR
3337564969,4090408007,Sagittal T1
3339741647,757040500,Sagittal T2/STIR
3339741647,4195187002,Axial T2
3339741647,4199618867,Sagittal T1
3340993109,908413656,Sagittal T2/STIR
3340993109,1802104770,Sagittal T1
3340993109,2269691905,Axial T2
3343942613,409413886,Sagittal T1
3343942613,3428739785,Sagittal T2/STIR
3343942613,4231470556,Axial T2
3359356656,1943706017,Sagittal T1
3359356656,2819993643,Axial T2
3359356656,3297076440,Sagittal T2/STIR
3368217301,41759820,Axial T2
3368217301,780521230,Sagittal T1
3368217301,847395792,Sagittal T2/STIR
3373245789,222413039,Axial T2
3373245789,1483881156,Sagittal T2/STIR
3373245789,3929300913,Sagittal T1
3387993595,1477805125,Sagittal T1
3387993595,2349487748,Sagittal T1
3387993595,2431159310,Axial T2
3387993595,2877792010,Sagittal T2/STIR
3412978571,1045277834,Axial T2
3412978571,1155163027,Sagittal T1
3412978571,2102169037,Sagittal T2/STIR
3418118075,123984223,Sagittal T1
3418118075,2533592827,Axial T2
3418118075,2935410706,Sagittal T2/STIR
3424322302,408980795,Sagittal T1
3424322302,1276824723,Sagittal T2/STIR
3424322302,3895817304,Axial T2
3427409235,520744343,Sagittal T1
3427409235,1581718861,Sagittal T2/STIR
3427409235,4234107103,Axial T2
3438741348,522220560,Sagittal T2/STIR
3438741348,1177700739,Sagittal T1
3438741348,1351643327,Axial T2
3442533162,978923687,Sagittal T2/STIR
3442533162,1627209042,Axial T2
3442533162,2654257125,Sagittal T1
3447903093,2145251421,Axial T2
3447903093,2628850876,Sagittal T1
3447903093,4097073111,Sagittal T2/STIR
3449872775,983033401,Axial T2
3449872775,2631386513,Sagittal T1
3449872775,3790262497,Sagittal T2/STIR
3451042269,397282761,Sagittal T1
3451042269,761509551,Sagittal T2/STIR
3451042269,1223689678,Axial T2
3456650246,302519355,Sagittal T2/STIR
3456650246,368345857,Axial T2
3456650246,2867991957,Sagittal T1
3461844320,741750228,Sagittal T2/STIR
3461844320,1007427594,Sagittal T1
3461844320,2203470399,Axial T2
3466970792,2494428371,Axial T2
3466970792,3290798276,Sagittal T2/STIR
3466970792,4249518230,Sagittal T1
3478119785,567749507,Sagittal T1
3478119785,2858916154,Axial T2
3478119785,3677055363,Sagittal T2/STIR
3479263503,146242231,Axial T2
3479263503,1539442952,Sagittal T2/STIR
3479263503,3526379476,Sagittal T1
3485457199,2652956268,Axial T2
3485457199,3380708135,Sagittal T1
3485457199,3404943724,Sagittal T2/STIR
3488486405,2659601946,Axial T2
3488486405,2706107463,Sagittal T1
3488486405,3160536937,Sagittal T2/STIR
3488985263,1479016092,Sagittal T2/STIR
3488985263,3453363210,Axial T2
3488985263,3854645958,Sagittal T1
3489581041,108294581,Sagittal T1
3489581041,2859932178,Sagittal T2/STIR
3489581041,3858435110,Axial T2
3489581041,3869083782,Axial T2
3496208349,1038267895,Axial T2
3496208349,1318452514,Sagittal T2/STIR
3496208349,3469597859,Sagittal T1
3503499724,27128227,Sagittal T2/STIR
3503499724,695091986,Axial T2
3503499724,4286722486,Sagittal T1
3515641631,830954747,Axial T2
3515641631,2671592485,Axial T2
3515641631,3168174388,Sagittal T1
3515641631,4119560068,Sagittal T2/STIR
3521369408,472218767,Sagittal T1
3521369408,2050378279,Axial T2
3521369408,3910483650,Sagittal T2/STIR
3528463452,1060165194,Axial T2
3528463452,1613644106,Sagittal T1
3528463452,3329373458,Sagittal T2/STIR
3542237003,138835504,Sagittal T2/STIR
3542237003,342696477,Sagittal T1
3542237003,458336097,Axial T2
3550756125,2355159919,Sagittal T2/STIR
3550756125,3900885410,Sagittal T1
3550756125,4257340719,Axial T2
3552213443,1364413542,Sagittal T2/STIR
3552213443,3017730692,Sagittal T1
3552213443,3460651216,Axial T2
3559205221,81896816,Sagittal T1
3559205221,845962826,Sagittal T2/STIR
3559205221,1567481187,Axial T2
3563792362,1054822047,Sagittal T2/STIR
3563792362,2468143144,Axial T2
3563792362,2936622418,Sagittal T1
3573227658,2098136142,Axial T2
3573227658,3272646783,Sagittal T1
3573227658,3484995690,Sagittal T2/STIR
3581755700,9668723,Sagittal T2/STIR
3581755700,439695505,Axial T2
3581755700,3305785161,Sagittal T1
3638792725,232271948,Sagittal T2/STIR
3638792725,2354899464,Axial T2
3638792725,3689910408,Sagittal T1
3647070644,636891063,Sagittal T2/STIR
3647070644,860572997,Sagittal T1
3647070644,1825894086,Axial T2
3650821463,613632880,Sagittal T1
3650821463,2242247794,Sagittal T2/STIR
3650821463,2693084890,Axial T2
3681631381,661119292,Sagittal T2/STIR
3681631381,2299608780,Axial T2
3681631381,3943796788,Sagittal T1
3693117342,4051338,Axial T2
3693117342,826409966,Sagittal T2/STIR
3693117342,2429408967,Sagittal T1
3694053417,1116871246,Sagittal T1
3694053417,3030783887,Axial T2
3694053417,3573479712,Sagittal T2/STIR
3701224868,527018024,Axial T2
3701224868,3763896068,Sagittal T2/STIR
3701224868,3813690489,Sagittal T1
3719530586,194470896,Sagittal T1
3719530586,311152300,Sagittal T2/STIR
3719530586,344092452,Axial T2
3731783147,863252428,Axial T2
3731783147,917686996,Sagittal T2/STIR
3731783147,1095730198,Sagittal T1
3731783147,3473208740,Axial T2
3733934909,1171849882,Sagittal T1
3733934909,1936140938,Sagittal T2/STIR
3733934909,3646672678,Axial T2
3740224888,1168051659,Axial T2
3740224888,3103291138,Sagittal T2/STIR
3740224888,3320389539,Sagittal T1
3742728457,2064757886,Sagittal T1
3742728457,2099524501,Axial T2
3742728457,3209473612,Axial T2
3742728457,4105399347,Sagittal T2/STIR
3755793029,225502803,Sagittal T1
3755793029,1179462698,Sagittal T2/STIR
3755793029,1803957034,Axial T2
3759970625,1002642419,Sagittal T1
3759970625,3054919422,Axial T2
3759970625,3224960046,Axial T2
3759970625,3387187524,Sagittal T2/STIR
3798996852,94142574,Sagittal T2/STIR
3798996852,294980181,Axial T2
3798996852,930835003,Axial T2
3798996852,1476096578,Sagittal T1
3801228235,929952248,Axial T2
3801228235,2077003573,Sagittal T2/STIR
3801228235,3831842899,Sagittal T1
3804922515,1407723257,Sagittal T1
3804922515,1524420711,Sagittal T2/STIR
3804922515,1539350650,Axial T2
3806398445,1304873319,Sagittal T1
3806398445,1869464994,Axial T2
3806398445,3648738029,Sagittal T2/STIR
3835824946,984461872,Axial T2
3835824946,3261024475,Axial T2
3835824946,4258105030,Sagittal T2/STIR
3835824946,4272724827,Sagittal T1
3850799893,583003745,Sagittal T2/STIR
3850799893,3095096128,Sagittal T1
3850799893,4154706253,Axial T2
3864502208,1992579242,Sagittal T2/STIR
3864502208,2756384360,Axial T2
3864502208,3843036385,Sagittal T1
3867046855,35950467,Sagittal T2/STIR
3867046855,524901572,Sagittal T1
3867046855,3911532570,Axial T2
3880626718,209438270,Axial T2
3880626718,1310605220,Sagittal T1
3880626718,3310417418,Sagittal T2/STIR
3882759508,285021409,Sagittal T1
3882759508,963820603,Sagittal T2/STIR
3882759508,1955081453,Axial T2
3885334932,2823663500,Sagittal T2/STIR
3885334932,3528784967,Sagittal T1
3885334932,4045988081,Axial T2
3892114403,834380602,Axial T2
3892114403,1238855961,Sagittal T2/STIR
3892114403,4017753326,Sagittal T1
3902887884,2022422984,Axial T2
3902887884,3695501983,Sagittal T2/STIR
3902887884,4282493649,Sagittal T1
3919969802,492269318,Sagittal T1
3919969802,3577941167,Axial T2
3919969802,3766366404,Sagittal T2/STIR
3949892272,312218876,Sagittal T1
3949892272,2444210364,Axial T2
3949892272,3337427991,Sagittal T2/STIR
3955843496,273282509,Sagittal T1
3955843496,1294279982,Axial T2
3955843496,3438790057,Sagittal T2/STIR
3973705542,1302556447,Sagittal T1
3973705542,3154521770,Sagittal T2/STIR
3973705542,3247439867,Axial T2
3976403280,179456737,Sagittal T1
3976403280,586871274,Axial T2
3976403280,3485492832,Sagittal T2/STIR
4000809387,1216603071,Sagittal T1
4000809387,2065355155,Axial T2
4000809387,2313779052,Axial T2
4000809387,3804393004,Sagittal T2/STIR
4002507530,1422194995,Axial T2
4002507530,2427673567,Sagittal T1
4002507530,3083034263,Sagittal T2/STIR
4013386850,1858432686,Axial T2
4013386850,1977969815,Sagittal T2/STIR
4013386850,2655517859,Sagittal T1
4018516468,1161110863,Sagittal T1
4018516468,1729020331,Sagittal T2/STIR
4018516468,1825714988,Axial T2
4018516468,2365818328,Axial T2
4018667697,491300345,Axial T2
4018667697,2083497971,Sagittal T2/STIR
4018667697,2651987959,Sagittal T1
4031357862,271011448,Axial T2
4031357862,2711787415,Sagittal T1
4031357862,3021653325,Sagittal T2/STIR
4043496694,827781372,Sagittal T2/STIR
4043496694,1189890333,Sagittal T1
4043496694,3834146560,Axial T2
4050147189,779545816,Sagittal T1
4050147189,824578184,Axial T2
4050147189,954135845,Sagittal T2/STIR
4055006120,411823579,Sagittal T2/STIR
4055006120,2032872355,Axial T2
4055006120,3305157866,Sagittal T1
4057365107,1903217931,Sagittal T2/STIR
4057365107,2226029783,Sagittal T1
4057365107,4102268796,Axial T2
4074422985,541878818,Sagittal T1
4074422985,1628164233,Axial T2
4074422985,2186461935,Sagittal T2/STIR
4075603869,1361414844,Sagittal T2/STIR
4075603869,1892367832,Axial T2
4075603869,2921580289,Sagittal T1
4095029738,436571920,Axial T2
4095029738,2266273874,Sagittal T1
4095029738,3276164246,Sagittal T2/STIR
4101309917,416158015,Sagittal T1
4101309917,1359920039,Axial T2
4101309917,1928704095,Sagittal T2/STIR
4101309917,3320975219,Axial T2
4105233324,490250356,Axial T2
4105233324,1005903160,Sagittal T2/STIR
4105233324,3939713835,Sagittal T1
4122788296,1499073103,Sagittal T2/STIR
4122788296,1609345854,Sagittal T1
4122788296,2756397692,Axial T2
4122788296,4219899267,Axial T2
4142503910,659472190,Sagittal T1
4142503910,1973142230,Sagittal T2/STIR
4142503910,3462223831,Axial T2
4167991881,445717447,Sagittal T2/STIR
4167991881,1788818942,Axial T2
4167991881,2791355016,Sagittal T1
4169954134,3543114160,Axial T2
4169954134,3802399445,Sagittal T2/STIR
4169954134,4008155579,Sagittal T1
4171095315,3964592016,Sagittal T2/STIR
4171095315,3978956866,Sagittal T1
4171095315,4286554108,Axial T2
4179331034,2204646967,Sagittal T2/STIR
4179331034,2869105177,Axial T2
4179331034,4247543187,Sagittal T1
4200324709,1843843230,Axial T2
4200324709,2937645029,Sagittal T2/STIR
4200324709,3429418981,Sagittal T1
4201106871,939055120,Sagittal T2/STIR
4201106871,995436416,Axial T2
4201106871,1930999399,Axial T2
4201106871,2105425746,Sagittal T1
4219508579,1950252622,Axial T2
4219508579,2446251925,Sagittal T1
4219508579,2888699611,Axial T2
4219508579,3181934180,Sagittal T2/STIR
4220209378,1508846463,Sagittal T2/STIR
4220209378,3677001901,Axial T2
4220209378,4237720468,Sagittal T1
4224533120,662006676,Axial T2
4224533120,1441891755,Sagittal T1
4224533120,1682261967,Sagittal T2/STIR
4231198665,602720199,Axial T2
4231198665,2641817065,Sagittal T2/STIR
4231198665,3504663694,Axial T2
4231198665,3738489573,Sagittal T1
4231733118,698099841,Sagittal T2/STIR
4231733118,1513491367,Axial T2
4231733118,3391339961,Sagittal T1
4233157654,170219189,Sagittal T1
4233157654,3621607488,Axial T2
4233157654,3864585402,Sagittal T2/STIR
4249951560,1515129023,Sagittal T1
4249951560,2661546151,Axial T2
4249951560,3067631314,Sagittal T2/STIR
4264413460,975997321,Sagittal T2/STIR
4264413460,2850610351,Sagittal T1
4264413460,4211745058,Axial T2
4276898774,2109944545,Axial T2
4276898774,4078356643,Sagittal T2/STIR
4276898774,4246445717,Sagittal T1
4278146423,2307241674,Sagittal T2/STIR
4278146423,3128054978,Sagittal T1
4278146423,3938923057,Axial T2
4279833491,1621358013,Sagittal T1
4279833491,2757129086,Axial T2
4279833491,3842486770,Sagittal T2/STIR
4279881930,1010112853,Axial T2
4279881930,1901083780,Axial T2
4279881930,2617952492,Sagittal T2/STIR
4279881930,3657125167,Sagittal T1
4283570761,453728183,Sagittal T2/STIR
4283570761,2708429184,Sagittal T1
4283570761,3321662903,Axial T2
4284048608,1875151370,Sagittal T1
4284048608,3767301072,Sagittal T2/STIR
4284048608,3891595425,Axial T2
